[INFO] Scanning for projects...
[INFO] 
[INFO] -------------< org.jeecgframework.boot:jeecg-system-start >-------------
[INFO] Building jeecg-system-start 3.4.4
[INFO] --------------------------------[ jar ]---------------------------------
[INFO] 
[INFO] >>> spring-boot-maven-plugin:2.6.14:run (default-cli) > test-compile @ jeecg-system-start >>>
[INFO] 
[INFO] --- maven-resources-plugin:3.1.0:resources (default-resources) @ jeecg-system-start ---
[INFO] Using 'UTF-8' encoding to copy filtered resources.
[INFO] Copying 10 resources
[INFO] Copying 0 resource
[INFO] 
[INFO] --- maven-compiler-plugin:3.8.1:compile (default-compile) @ jeecg-system-start ---
[INFO] Nothing to compile - all classes are up to date
[INFO] 
[INFO] --- maven-resources-plugin:3.1.0:testResources (default-testResources) @ jeecg-system-start ---
[INFO] Using 'UTF-8' encoding to copy filtered resources.
[INFO] skip non existing resourceDirectory D:\workspace\IETM\cape-ietm-java\jeecg-module-system\jeecg-system-start\src\test\resources
[INFO] 
[INFO] --- maven-compiler-plugin:3.8.1:testCompile (default-testCompile) @ jeecg-system-start ---
[INFO] Changes detected - recompiling the module!
[INFO] Compiling 3 source files to D:\workspace\IETM\cape-ietm-java\jeecg-module-system\jeecg-system-start\target\test-classes
[INFO] 
[INFO] <<< spring-boot-maven-plugin:2.6.14:run (default-cli) < test-compile @ jeecg-system-start <<<
[INFO] 
[INFO] 
[INFO] --- spring-boot-maven-plugin:2.6.14:run (default-cli) @ jeecg-system-start ---
[INFO] Attaching agents: []

   _____          _____  ______    _____ ______ _______ __  __
  / ____|   /\   |  __ \|  ____|  |_   _|  ____|__   __|  \/  |
 | |       /  \  | |__) | |__       | | | |__     | |  | \  / |
 | |      / /\ \ |  ___/|  __|      | | |  __|    | |  | |\/| |
 | |____ / ____ \| |    | |____    _| |_| |____   | |  | |  | |
  \_____/_/    \_\_|    |______|  |_____|______|  |_|  |_|  |_|



Jeecg  Boot Version: 3.4.4
Spring Boot Version: 2.6.14 (v2.6.14)


2026-08-08 14:14:07.445 [background-preinit] [34mINFO [0;39m [36morg.hibernate.validator.internal.util.Version:21[0;39m - HV000001: Hibernate Validator 6.2.5.Final
2026-08-08 14:14:07.461 [main] [34mINFO [0;39m [36morg.jeecg.JeecgSystemApplication:55[0;39m - Starting JeecgSystemApplication using Java 1.8.0_121 on LAPTOP-3TIM7F4T with PID 15408 (D:\workspace\IETM\cape-ietm-java\jeecg-module-system\jeecg-system-start\target\classes started by Lenovo in D:\workspace\IETM\cape-ietm-java\jeecg-module-system\jeecg-system-start)
2026-08-08 14:14:07.461 [main] [34mINFO [0;39m [36morg.jeecg.JeecgSystemApplication:651[0;39m - The following 1 profile is active: "dm8"
2026-08-08 14:14:10.663 [main] [34mINFO [0;39m [36mo.s.d.r.config.RepositoryConfigurationDelegate:262[0;39m - Multiple Spring Data modules found, entering strict repository configuration mode
2026-08-08 14:14:10.666 [main] [34mINFO [0;39m [36mo.s.d.r.config.RepositoryConfigurationDelegate:132[0;39m - Bootstrapping Spring Data Redis repositories in DEFAULT mode.
2026-08-08 14:14:10.772 [main] [34mINFO [0;39m [36mo.s.d.r.config.RepositoryConfigurationDelegate:201[0;39m - Finished Spring Data repository scanning in 77 ms. Found 0 Redis repository interfaces.
2026-08-08 14:14:10.944 [main] [34mINFO [0;39m [36mo.j.minidao.auto.MinidaoAutoConfiguration:23[0;39m -  ******************* init miniDao config [ begin ] *********************** 
2026-08-08 14:14:10.946 [main] [34mINFO [0;39m [36mo.j.minidao.auto.MinidaoAutoConfiguration:25[0;39m -  ------ minidao.base-package ------- org.jeecg.modules.jmreport.desreport.*
2026-08-08 14:14:10.946 [main] [34mINFO [0;39m [36mo.j.minidao.auto.MinidaoAutoConfiguration:42[0;39m -  *******************  init miniDao config  [ end ] *********************** 
2026-08-08 14:14:10.978 [main] [31mWARN [0;39m [36morg.mybatis.spring.mapper.ClassPathMapperScanner:44[0;39m - Skipping MapperFactoryBean with name 'sysMessageMapper' and 'org.jeecg.modules.message.mapper.SysMessageMapper' mapperInterface. Bean already defined with the same name!
2026-08-08 14:14:10.986 [main] [31mWARN [0;39m [36morg.mybatis.spring.mapper.ClassPathMapperScanner:44[0;39m - Skipping MapperFactoryBean with name 'sysMessageTemplateMapper' and 'org.jeecg.modules.message.mapper.SysMessageTemplateMapper' mapperInterface. Bean already defined with the same name!
2026-08-08 14:14:10.986 [main] [31mWARN [0;39m [36morg.mybatis.spring.mapper.ClassPathMapperScanner:44[0;39m - Skipping MapperFactoryBean with name 'ossFileMapper' and 'org.jeecg.modules.oss.mapper.OssFileMapper' mapperInterface. Bean already defined with the same name!
2026-08-08 14:14:10.986 [main] [31mWARN [0;39m [36morg.mybatis.spring.mapper.ClassPathMapperScanner:44[0;39m - Skipping MapperFactoryBean with name 'quartzJobMapper' and 'org.jeecg.modules.quartz.mapper.QuartzJobMapper' mapperInterface. Bean already defined with the same name!
2026-08-08 14:14:10.988 [main] [31mWARN [0;39m [36morg.mybatis.spring.mapper.ClassPathMapperScanner:44[0;39m - Skipping MapperFactoryBean with name 'sysAnnouncementMapper' and 'org.jeecg.modules.system.mapper.SysAnnouncementMapper' mapperInterface. Bean already defined with the same name!
2026-08-08 14:14:10.988 [main] [31mWARN [0;39m [36morg.mybatis.spring.mapper.ClassPathMapperScanner:44[0;39m - Skipping MapperFactoryBean with name 'sysAnnouncementSendMapper' and 'org.jeecg.modules.system.mapper.SysAnnouncementSendMapper' mapperInterface. Bean already defined with the same name!
2026-08-08 14:14:10.988 [main] [31mWARN [0;39m [36morg.mybatis.spring.mapper.ClassPathMapperScanner:44[0;39m - Skipping MapperFactoryBean with name 'sysCategoryMapper' and 'org.jeecg.modules.system.mapper.SysCategoryMapper' mapperInterface. Bean already defined with the same name!
2026-08-08 14:14:10.988 [main] [31mWARN [0;39m [36morg.mybatis.spring.mapper.ClassPathMapperScanner:44[0;39m - Skipping MapperFactoryBean with name 'sysCheckRuleMapper' and 'org.jeecg.modules.system.mapper.SysCheckRuleMapper' mapperInterface. Bean already defined with the same name!
2026-08-08 14:14:10.988 [main] [31mWARN [0;39m [36morg.mybatis.spring.mapper.ClassPathMapperScanner:44[0;39m - Skipping MapperFactoryBean with name 'sysCommentMapper' and 'org.jeecg.modules.system.mapper.SysCommentMapper' mapperInterface. Bean already defined with the same name!
2026-08-08 14:14:10.990 [main] [31mWARN [0;39m [36morg.mybatis.spring.mapper.ClassPathMapperScanner:44[0;39m - Skipping MapperFactoryBean with name 'sysDataLogMapper' and 'org.jeecg.modules.system.mapper.SysDataLogMapper' mapperInterface. Bean already defined with the same name!
2026-08-08 14:14:10.990 [main] [31mWARN [0;39m [36morg.mybatis.spring.mapper.ClassPathMapperScanner:44[0;39m - Skipping MapperFactoryBean with name 'sysDataSourceMapper' and 'org.jeecg.modules.system.mapper.SysDataSourceMapper' mapperInterface. Bean already defined with the same name!
2026-08-08 14:14:10.990 [main] [31mWARN [0;39m [36morg.mybatis.spring.mapper.ClassPathMapperScanner:44[0;39m - Skipping MapperFactoryBean with name 'sysDepartMapper' and 'org.jeecg.modules.system.mapper.SysDepartMapper' mapperInterface. Bean already defined with the same name!
2026-08-08 14:14:10.990 [main] [31mWARN [0;39m [36morg.mybatis.spring.mapper.ClassPathMapperScanner:44[0;39m - Skipping MapperFactoryBean with name 'sysDepartPermissionMapper' and 'org.jeecg.modules.system.mapper.SysDepartPermissionMapper' mapperInterface. Bean already defined with the same name!
2026-08-08 14:14:10.990 [main] [31mWARN [0;39m [36morg.mybatis.spring.mapper.ClassPathMapperScanner:44[0;39m - Skipping MapperFactoryBean with name 'sysDepartRoleMapper' and 'org.jeecg.modules.system.mapper.SysDepartRoleMapper' mapperInterface. Bean already defined with the same name!
2026-08-08 14:14:10.990 [main] [31mWARN [0;39m [36morg.mybatis.spring.mapper.ClassPathMapperScanner:44[0;39m - Skipping MapperFactoryBean with name 'sysDepartRolePermissionMapper' and 'org.jeecg.modules.system.mapper.SysDepartRolePermissionMapper' mapperInterface. Bean already defined with the same name!
2026-08-08 14:14:10.990 [main] [31mWARN [0;39m [36morg.mybatis.spring.mapper.ClassPathMapperScanner:44[0;39m - Skipping MapperFactoryBean with name 'sysDepartRoleUserMapper' and 'org.jeecg.modules.system.mapper.SysDepartRoleUserMapper' mapperInterface. Bean already defined with the same name!
2026-08-08 14:14:10.992 [main] [31mWARN [0;39m [36morg.mybatis.spring.mapper.ClassPathMapperScanner:44[0;39m - Skipping MapperFactoryBean with name 'sysDictItemMapper' and 'org.jeecg.modules.system.mapper.SysDictItemMapper' mapperInterface. Bean already defined with the same name!
2026-08-08 14:14:10.992 [main] [31mWARN [0;39m [36morg.mybatis.spring.mapper.ClassPathMapperScanner:44[0;39m - Skipping MapperFactoryBean with name 'sysDictMapper' and 'org.jeecg.modules.system.mapper.SysDictMapper' mapperInterface. Bean already defined with the same name!
2026-08-08 14:14:10.992 [main] [31mWARN [0;39m [36morg.mybatis.spring.mapper.ClassPathMapperScanner:44[0;39m - Skipping MapperFactoryBean with name 'sysFilesMapper' and 'org.jeecg.modules.system.mapper.SysFilesMapper' mapperInterface. Bean already defined with the same name!
2026-08-08 14:14:10.992 [main] [31mWARN [0;39m [36morg.mybatis.spring.mapper.ClassPathMapperScanner:44[0;39m - Skipping MapperFactoryBean with name 'sysFillRuleMapper' and 'org.jeecg.modules.system.mapper.SysFillRuleMapper' mapperInterface. Bean already defined with the same name!
2026-08-08 14:14:10.992 [main] [31mWARN [0;39m [36morg.mybatis.spring.mapper.ClassPathMapperScanner:44[0;39m - Skipping MapperFactoryBean with name 'sysFormFileMapper' and 'org.jeecg.modules.system.mapper.SysFormFileMapper' mapperInterface. Bean already defined with the same name!
2026-08-08 14:14:10.992 [main] [31mWARN [0;39m [36morg.mybatis.spring.mapper.ClassPathMapperScanner:44[0;39m - Skipping MapperFactoryBean with name 'sysGatewayRouteMapper' and 'org.jeecg.modules.system.mapper.SysGatewayRouteMapper' mapperInterface. Bean already defined with the same name!
2026-08-08 14:14:10.994 [main] [31mWARN [0;39m [36morg.mybatis.spring.mapper.ClassPathMapperScanner:44[0;39m - Skipping MapperFactoryBean with name 'sysLogMapper' and 'org.jeecg.modules.system.mapper.SysLogMapper' mapperInterface. Bean already defined with the same name!
2026-08-08 14:14:10.994 [main] [31mWARN [0;39m [36morg.mybatis.spring.mapper.ClassPathMapperScanner:44[0;39m - Skipping MapperFactoryBean with name 'sysPermissionDataRuleMapper' and 'org.jeecg.modules.system.mapper.SysPermissionDataRuleMapper' mapperInterface. Bean already defined with the same name!
2026-08-08 14:14:10.994 [main] [31mWARN [0;39m [36morg.mybatis.spring.mapper.ClassPathMapperScanner:44[0;39m - Skipping MapperFactoryBean with name 'sysPermissionMapper' and 'org.jeecg.modules.system.mapper.SysPermissionMapper' mapperInterface. Bean already defined with the same name!
2026-08-08 14:14:10.994 [main] [31mWARN [0;39m [36morg.mybatis.spring.mapper.ClassPathMapperScanner:44[0;39m - Skipping MapperFactoryBean with name 'sysPositionMapper' and 'org.jeecg.modules.system.mapper.SysPositionMapper' mapperInterface. Bean already defined with the same name!
2026-08-08 14:14:10.994 [main] [31mWARN [0;39m [36morg.mybatis.spring.mapper.ClassPathMapperScanner:44[0;39m - Skipping MapperFactoryBean with name 'sysRoleIndexMapper' and 'org.jeecg.modules.system.mapper.SysRoleIndexMapper' mapperInterface. Bean already defined with the same name!
2026-08-08 14:14:10.994 [main] [31mWARN [0;39m [36morg.mybatis.spring.mapper.ClassPathMapperScanner:44[0;39m - Skipping MapperFactoryBean with name 'sysRoleMapper' and 'org.jeecg.modules.system.mapper.SysRoleMapper' mapperInterface. Bean already defined with the same name!
2026-08-08 14:14:10.996 [main] [31mWARN [0;39m [36morg.mybatis.spring.mapper.ClassPathMapperScanner:44[0;39m - Skipping MapperFactoryBean with name 'sysRolePermissionMapper' and 'org.jeecg.modules.system.mapper.SysRolePermissionMapper' mapperInterface. Bean already defined with the same name!
2026-08-08 14:14:10.996 [main] [31mWARN [0;39m [36morg.mybatis.spring.mapper.ClassPathMapperScanner:44[0;39m - Skipping MapperFactoryBean with name 'sysTenantMapper' and 'org.jeecg.modules.system.mapper.SysTenantMapper' mapperInterface. Bean already defined with the same name!
2026-08-08 14:14:10.996 [main] [31mWARN [0;39m [36morg.mybatis.spring.mapper.ClassPathMapperScanner:44[0;39m - Skipping MapperFactoryBean with name 'sysThirdAccountMapper' and 'org.jeecg.modules.system.mapper.SysThirdAccountMapper' mapperInterface. Bean already defined with the same name!
2026-08-08 14:14:10.996 [main] [31mWARN [0;39m [36morg.mybatis.spring.mapper.ClassPathMapperScanner:44[0;39m - Skipping MapperFactoryBean with name 'sysUserAgentMapper' and 'org.jeecg.modules.system.mapper.SysUserAgentMapper' mapperInterface. Bean already defined with the same name!
2026-08-08 14:14:10.996 [main] [31mWARN [0;39m [36morg.mybatis.spring.mapper.ClassPathMapperScanner:44[0;39m - Skipping MapperFactoryBean with name 'sysUserDepartMapper' and 'org.jeecg.modules.system.mapper.SysUserDepartMapper' mapperInterface. Bean already defined with the same name!
2026-08-08 14:14:10.996 [main] [31mWARN [0;39m [36morg.mybatis.spring.mapper.ClassPathMapperScanner:44[0;39m - Skipping MapperFactoryBean with name 'sysUserMapper' and 'org.jeecg.modules.system.mapper.SysUserMapper' mapperInterface. Bean already defined with the same name!
2026-08-08 14:14:10.996 [main] [31mWARN [0;39m [36morg.mybatis.spring.mapper.ClassPathMapperScanner:44[0;39m - Skipping MapperFactoryBean with name 'sysUserRoleMapper' and 'org.jeecg.modules.system.mapper.SysUserRoleMapper' mapperInterface. Bean already defined with the same name!
2026-08-08 14:14:10.998 [main] [31mWARN [0;39m [36morg.mybatis.spring.mapper.ClassPathMapperScanner:44[0;39m - Skipping MapperFactoryBean with name 'onlAuthDataMapper' and 'org.jeecg.modules.online.auth.mapper.OnlAuthDataMapper' mapperInterface. Bean already defined with the same name!
2026-08-08 14:14:10.998 [main] [31mWARN [0;39m [36morg.mybatis.spring.mapper.ClassPathMapperScanner:44[0;39m - Skipping MapperFactoryBean with name 'onlAuthPageMapper' and 'org.jeecg.modules.online.auth.mapper.OnlAuthPageMapper' mapperInterface. Bean already defined with the same name!
2026-08-08 14:14:10.998 [main] [31mWARN [0;39m [36morg.mybatis.spring.mapper.ClassPathMapperScanner:44[0;39m - Skipping MapperFactoryBean with name 'onlAuthRelationMapper' and 'org.jeecg.modules.online.auth.mapper.OnlAuthRelationMapper' mapperInterface. Bean already defined with the same name!
2026-08-08 14:14:10.998 [main] [31mWARN [0;39m [36morg.mybatis.spring.mapper.ClassPathMapperScanner:44[0;39m - Skipping MapperFactoryBean with name 'onlCgformButtonMapper' and 'org.jeecg.modules.online.cgform.mapper.OnlCgformButtonMapper' mapperInterface. Bean already defined with the same name!
2026-08-08 14:14:10.998 [main] [31mWARN [0;39m [36morg.mybatis.spring.mapper.ClassPathMapperScanner:44[0;39m - Skipping MapperFactoryBean with name 'onlCgformEnhanceJavaMapper' and 'org.jeecg.modules.online.cgform.mapper.OnlCgformEnhanceJavaMapper' mapperInterface. Bean already defined with the same name!
2026-08-08 14:14:10.998 [main] [31mWARN [0;39m [36morg.mybatis.spring.mapper.ClassPathMapperScanner:44[0;39m - Skipping MapperFactoryBean with name 'onlCgformEnhanceJsMapper' and 'org.jeecg.modules.online.cgform.mapper.OnlCgformEnhanceJsMapper' mapperInterface. Bean already defined with the same name!
2026-08-08 14:14:10.998 [main] [31mWARN [0;39m [36morg.mybatis.spring.mapper.ClassPathMapperScanner:44[0;39m - Skipping MapperFactoryBean with name 'onlCgformEnhanceSqlMapper' and 'org.jeecg.modules.online.cgform.mapper.OnlCgformEnhanceSqlMapper' mapperInterface. Bean already defined with the same name!
2026-08-08 14:14:11.000 [main] [31mWARN [0;39m [36morg.mybatis.spring.mapper.ClassPathMapperScanner:44[0;39m - Skipping MapperFactoryBean with name 'onlCgformFieldMapper' and 'org.jeecg.modules.online.cgform.mapper.OnlCgformFieldMapper' mapperInterface. Bean already defined with the same name!
2026-08-08 14:14:11.000 [main] [31mWARN [0;39m [36morg.mybatis.spring.mapper.ClassPathMapperScanner:44[0;39m - Skipping MapperFactoryBean with name 'onlCgformHeadMapper' and 'org.jeecg.modules.online.cgform.mapper.OnlCgformHeadMapper' mapperInterface. Bean already defined with the same name!
2026-08-08 14:14:11.000 [main] [31mWARN [0;39m [36morg.mybatis.spring.mapper.ClassPathMapperScanner:44[0;39m - Skipping MapperFactoryBean with name 'onlCgformIndexMapper' and 'org.jeecg.modules.online.cgform.mapper.OnlCgformIndexMapper' mapperInterface. Bean already defined with the same name!
2026-08-08 14:14:11.000 [main] [31mWARN [0;39m [36morg.mybatis.spring.mapper.ClassPathMapperScanner:44[0;39m - Skipping MapperFactoryBean with name 'onlineMapper' and 'org.jeecg.modules.online.cgform.mapper.OnlineMapper' mapperInterface. Bean already defined with the same name!
2026-08-08 14:14:11.000 [main] [31mWARN [0;39m [36morg.mybatis.spring.mapper.ClassPathMapperScanner:44[0;39m - Skipping MapperFactoryBean with name 'onlCgreportHeadMapper' and 'org.jeecg.modules.online.cgreport.mapper.OnlCgreportHeadMapper' mapperInterface. Bean already defined with the same name!
2026-08-08 14:14:11.000 [main] [31mWARN [0;39m [36morg.mybatis.spring.mapper.ClassPathMapperScanner:44[0;39m - Skipping MapperFactoryBean with name 'onlCgreportItemMapper' and 'org.jeecg.modules.online.cgreport.mapper.OnlCgreportItemMapper' mapperInterface. Bean already defined with the same name!
2026-08-08 14:14:11.001 [main] [31mWARN [0;39m [36morg.mybatis.spring.mapper.ClassPathMapperScanner:44[0;39m - Skipping MapperFactoryBean with name 'onlCgreportParamMapper' and 'org.jeecg.modules.online.cgreport.mapper.OnlCgreportParamMapper' mapperInterface. Bean already defined with the same name!
2026-08-08 14:14:11.001 [main] [31mWARN [0;39m [36morg.mybatis.spring.mapper.ClassPathMapperScanner:44[0;39m - Skipping MapperFactoryBean with name 'ietmIcnManageMapper' and 'org.jeecg.modules.ietm.icnmanage.mapper.IetmIcnManageMapper' mapperInterface. Bean already defined with the same name!
2026-08-08 14:14:11.001 [main] [31mWARN [0;39m [36morg.mybatis.spring.mapper.ClassPathMapperScanner:44[0;39m - Skipping MapperFactoryBean with name 'ietmIcnReferenceMapper' and 'org.jeecg.modules.ietm.icnmanage.mapper.IetmIcnReferenceMapper' mapperInterface. Bean already defined with the same name!
2026-08-08 14:14:11.001 [main] [31mWARN [0;39m [36morg.mybatis.spring.mapper.ClassPathMapperScanner:44[0;39m - Skipping MapperFactoryBean with name 'ietmAttachmentMapper' and 'org.jeecg.modules.ietm.ietmattachment.mapper.IetmAttachmentMapper' mapperInterface. Bean already defined with the same name!
2026-08-08 14:14:11.001 [main] [31mWARN [0;39m [36morg.mybatis.spring.mapper.ClassPathMapperScanner:44[0;39m - Skipping MapperFactoryBean with name 'ietmDataModuleMapper' and 'org.jeecg.modules.ietm.ietmdatamodulemanagement.mapper.IetmDataModuleMapper' mapperInterface. Bean already defined with the same name!
2026-08-08 14:14:11.001 [main] [31mWARN [0;39m [36morg.mybatis.spring.mapper.ClassPathMapperScanner:44[0;39m - Skipping MapperFactoryBean with name 'ietmDmCommentMapper' and 'org.jeecg.modules.ietm.ietmdatamodulemanagement.mapper.IetmDmCommentMapper' mapperInterface. Bean already defined with the same name!
2026-08-08 14:14:11.001 [main] [31mWARN [0;39m [36morg.mybatis.spring.mapper.ClassPathMapperScanner:44[0;39m - Skipping MapperFactoryBean with name 'ietmDmRefMapper' and 'org.jeecg.modules.ietm.ietmdatamodulemanagement.mapper.IetmDmRefMapper' mapperInterface. Bean already defined with the same name!
2026-08-08 14:14:11.001 [main] [31mWARN [0;39m [36morg.mybatis.spring.mapper.ClassPathMapperScanner:44[0;39m - Skipping MapperFactoryBean with name 'ietmDmTypeMapper' and 'org.jeecg.modules.ietm.ietmdatamodulemanagement.mapper.IetmDmTypeMapper' mapperInterface. Bean already defined with the same name!
2026-08-08 14:14:11.001 [main] [31mWARN [0;39m [36morg.mybatis.spring.mapper.ClassPathMapperScanner:44[0;39m - Skipping MapperFactoryBean with name 'ietmTranslateMapper' and 'org.jeecg.modules.ietm.ietmdatamodulemanagement.mapper.IetmTranslateMapper' mapperInterface. Bean already defined with the same name!
2026-08-08 14:14:11.001 [main] [31mWARN [0;39m [36morg.mybatis.spring.mapper.ClassPathMapperScanner:44[0;39m - Skipping MapperFactoryBean with name 'ietmProjectCompanyMapper' and 'org.jeecg.modules.ietm.ietmprojectcompany.mapper.IetmProjectCompanyMapper' mapperInterface. Bean already defined with the same name!
2026-08-08 14:14:11.001 [main] [31mWARN [0;39m [36morg.mybatis.spring.mapper.ClassPathMapperScanner:44[0;39m - Skipping MapperFactoryBean with name 'ietmAuthConfigMapper' and 'org.jeecg.modules.ietm.ietmroleauth.mapper.IetmAuthConfigMapper' mapperInterface. Bean already defined with the same name!
2026-08-08 14:14:11.001 [main] [31mWARN [0;39m [36morg.mybatis.spring.mapper.ClassPathMapperScanner:44[0;39m - Skipping MapperFactoryBean with name 'ietmRoleauthMapper' and 'org.jeecg.modules.ietm.ietmroleauth.mapper.IetmRoleauthMapper' mapperInterface. Bean already defined with the same name!
2026-08-08 14:14:11.001 [main] [31mWARN [0;39m [36morg.mybatis.spring.mapper.ClassPathMapperScanner:44[0;39m - Skipping MapperFactoryBean with name 'ietmStandardConfigurationManagementMapper' and 'org.jeecg.modules.ietm.ietmstandardconfigurationmanagement.mapper.IetmStandardConfigurationManagementMapper' mapperInterface. Bean already defined with the same name!
2026-08-08 14:14:11.001 [main] [31mWARN [0;39m [36morg.mybatis.spring.mapper.ClassPathMapperScanner:44[0;39m - Skipping MapperFactoryBean with name 'ietmProjectConfigurationManagementMapper' and 'org.jeecg.modules.ietm.projectconfigurationmanagement.mapper.IetmProjectConfigurationManagementMapper' mapperInterface. Bean already defined with the same name!
2026-08-08 14:14:11.001 [main] [31mWARN [0;39m [36morg.mybatis.spring.mapper.ClassPathMapperScanner:44[0;39m - Skipping MapperFactoryBean with name 'ietmProjectInformationCodeMapper' and 'org.jeecg.modules.ietm.projectinformationcode.mapper.IetmProjectInformationCodeMapper' mapperInterface. Bean already defined with the same name!
2026-08-08 14:14:11.001 [main] [31mWARN [0;39m [36morg.mybatis.spring.mapper.ClassPathMapperScanner:44[0;39m - Skipping MapperFactoryBean with name 'ietmProjectMapper' and 'org.jeecg.modules.ietm.projectmanagement.mapper.IetmProjectMapper' mapperInterface. Bean already defined with the same name!
2026-08-08 14:14:11.001 [main] [31mWARN [0;39m [36morg.mybatis.spring.mapper.ClassPathMapperScanner:44[0;39m - Skipping MapperFactoryBean with name 'ietmProjectParamsMapper' and 'org.jeecg.modules.ietm.projectmanagement.mapper.IetmProjectParamsMapper' mapperInterface. Bean already defined with the same name!
2026-08-08 14:14:11.001 [main] [31mWARN [0;39m [36morg.mybatis.spring.mapper.ClassPathMapperScanner:44[0;39m - Skipping MapperFactoryBean with name 'ietmStandardInformationCodeMapper' and 'org.jeecg.modules.ietm.standardinformationcode.mapper.IetmStandardInformationCodeMapper' mapperInterface. Bean already defined with the same name!
2026-08-08 14:14:11.001 [main] [31mWARN [0;39m [36morg.mybatis.spring.mapper.ClassPathMapperScanner:44[0;39m - Skipping MapperFactoryBean with name 'ietmStandardDmtypeMapper' and 'org.jeecg.modules.ietm.standardmanagement.mapper.IetmStandardDmtypeMapper' mapperInterface. Bean already defined with the same name!
2026-08-08 14:14:11.001 [main] [31mWARN [0;39m [36morg.mybatis.spring.mapper.ClassPathMapperScanner:44[0;39m - Skipping MapperFactoryBean with name 'ietmStandardMapper' and 'org.jeecg.modules.ietm.standardmanagement.mapper.IetmStandardMapper' mapperInterface. Bean already defined with the same name!
2026-08-08 14:14:11.001 [main] [31mWARN [0;39m [36morg.mybatis.spring.mapper.ClassPathMapperScanner:44[0;39m - Skipping MapperFactoryBean with name 'wfInstanceDtlMapper' and 'org.jeecg.modules.ietm.workflow.mapper.WfInstanceDtlMapper' mapperInterface. Bean already defined with the same name!
2026-08-08 14:14:11.008 [main] [31mWARN [0;39m [36morg.mybatis.spring.mapper.ClassPathMapperScanner:44[0;39m - Skipping MapperFactoryBean with name 'wfInstanceMapper' and 'org.jeecg.modules.ietm.workflow.mapper.WfInstanceMapper' mapperInterface. Bean already defined with the same name!
2026-08-08 14:14:11.008 [main] [31mWARN [0;39m [36morg.mybatis.spring.mapper.ClassPathMapperScanner:44[0;39m - Skipping MapperFactoryBean with name 'wfTemplateDtlMapper' and 'org.jeecg.modules.ietm.workflow.mapper.WfTemplateDtlMapper' mapperInterface. Bean already defined with the same name!
2026-08-08 14:14:11.008 [main] [31mWARN [0;39m [36morg.mybatis.spring.mapper.ClassPathMapperScanner:44[0;39m - Skipping MapperFactoryBean with name 'wfTemplateMapper' and 'org.jeecg.modules.ietm.workflow.mapper.WfTemplateMapper' mapperInterface. Bean already defined with the same name!
2026-08-08 14:14:11.008 [main] [31mWARN [0;39m [36morg.mybatis.spring.mapper.ClassPathMapperScanner:44[0;39m - Skipping MapperFactoryBean with name 'baseCommonMapper' and 'org.jeecg.modules.base.mapper.BaseCommonMapper' mapperInterface. Bean already defined with the same name!
2026-08-08 14:14:11.010 [main] [31mWARN [0;39m [36morg.mybatis.spring.mapper.ClassPathMapperScanner:44[0;39m - No MyBatis mapper was found in '[org.jeecg.modules.**.mapper]' package. Please check your configuration.
2026-08-08 14:14:11.073 [main] [34mINFO [0;39m [36mo.j.minidao.factory.MiniDaoClassPathMapperScanner:48[0;39m - register minidao name is { org.jeecg.modules.jmreport.desreport.dao.JimuReportDao }
2026-08-08 14:14:11.073 [main] [34mINFO [0;39m [36mo.j.minidao.factory.MiniDaoClassPathMapperScanner:48[0;39m - register minidao name is { org.jeecg.modules.jmreport.desreport.dao.JimuReportDataSourceDao }
2026-08-08 14:14:11.073 [main] [34mINFO [0;39m [36mo.j.minidao.factory.MiniDaoClassPathMapperScanner:48[0;39m - register minidao name is { org.jeecg.modules.jmreport.desreport.dao.JimuReportDbDao }
2026-08-08 14:14:11.073 [main] [34mINFO [0;39m [36mo.j.minidao.factory.MiniDaoClassPathMapperScanner:48[0;39m - register minidao name is { org.jeecg.modules.jmreport.desreport.dao.JimuReportDbFieldDao }
2026-08-08 14:14:11.075 [main] [34mINFO [0;39m [36mo.j.minidao.factory.MiniDaoClassPathMapperScanner:48[0;39m - register minidao name is { org.jeecg.modules.jmreport.desreport.dao.JimuReportDbParamDao }
2026-08-08 14:14:11.075 [main] [34mINFO [0;39m [36mo.j.minidao.factory.MiniDaoClassPathMapperScanner:48[0;39m - register minidao name is { org.jeecg.modules.jmreport.desreport.dao.JimuReportDictDao }
2026-08-08 14:14:11.075 [main] [34mINFO [0;39m [36mo.j.minidao.factory.MiniDaoClassPathMapperScanner:48[0;39m - register minidao name is { org.jeecg.modules.jmreport.desreport.dao.JimuReportDictItemDao }
2026-08-08 14:14:11.075 [main] [34mINFO [0;39m [36mo.j.minidao.factory.MiniDaoClassPathMapperScanner:48[0;39m - register minidao name is { org.jeecg.modules.jmreport.desreport.dao.JimuReportLinkDao }
2026-08-08 14:14:11.075 [main] [34mINFO [0;39m [36mo.j.minidao.factory.MiniDaoClassPathMapperScanner:48[0;39m - register minidao name is { org.jeecg.modules.jmreport.desreport.dao.JimuReportMapDao }
2026-08-08 14:14:11.075 [main] [34mINFO [0;39m [36mo.j.minidao.factory.MiniDaoClassPathMapperScanner:48[0;39m - register minidao name is { org.jeecg.modules.jmreport.desreport.dao.JimuReportShareDao }
2026-08-08 14:14:11.507 [main] [34mINFO [0;39m [36mo.s.c.s.PostProcessorRegistrationDelegate$BeanPostProcessorChecker:376[0;39m - Bean '(inner bean)#11574592#9' of type [org.jeecgframework.minidao.aop.MiniDaoHandler] is not eligible for getting processed by all BeanPostProcessors (for example: not eligible for auto-proxying)
2026-08-08 14:14:11.521 [main] [34mINFO [0;39m [36mo.s.c.s.PostProcessorRegistrationDelegate$BeanPostProcessorChecker:376[0;39m - Bean 'jimuReportShareDao' of type [org.jeecgframework.minidao.factory.MiniDaoBeanFactory] is not eligible for getting processed by all BeanPostProcessors (for example: not eligible for auto-proxying)
2026-08-08 14:14:11.523 [main] [34mINFO [0;39m [36mo.s.c.s.PostProcessorRegistrationDelegate$BeanPostProcessorChecker:376[0;39m - Bean '(inner bean)#11574592#8' of type [org.jeecgframework.minidao.aop.MiniDaoHandler] is not eligible for getting processed by all BeanPostProcessors (for example: not eligible for auto-proxying)
2026-08-08 14:14:11.525 [main] [34mINFO [0;39m [36mo.s.c.s.PostProcessorRegistrationDelegate$BeanPostProcessorChecker:376[0;39m - Bean 'jimuReportMapDao' of type [org.jeecgframework.minidao.factory.MiniDaoBeanFactory] is not eligible for getting processed by all BeanPostProcessors (for example: not eligible for auto-proxying)
2026-08-08 14:14:11.525 [main] [34mINFO [0;39m [36mo.s.c.s.PostProcessorRegistrationDelegate$BeanPostProcessorChecker:376[0;39m - Bean '(inner bean)#11574592#7' of type [org.jeecgframework.minidao.aop.MiniDaoHandler] is not eligible for getting processed by all BeanPostProcessors (for example: not eligible for auto-proxying)
2026-08-08 14:14:11.527 [main] [34mINFO [0;39m [36mo.s.c.s.PostProcessorRegistrationDelegate$BeanPostProcessorChecker:376[0;39m - Bean 'jimuReportLinkDao' of type [org.jeecgframework.minidao.factory.MiniDaoBeanFactory] is not eligible for getting processed by all BeanPostProcessors (for example: not eligible for auto-proxying)
2026-08-08 14:14:11.527 [main] [34mINFO [0;39m [36mo.s.c.s.PostProcessorRegistrationDelegate$BeanPostProcessorChecker:376[0;39m - Bean '(inner bean)#11574592#6' of type [org.jeecgframework.minidao.aop.MiniDaoHandler] is not eligible for getting processed by all BeanPostProcessors (for example: not eligible for auto-proxying)
2026-08-08 14:14:11.529 [main] [34mINFO [0;39m [36mo.s.c.s.PostProcessorRegistrationDelegate$BeanPostProcessorChecker:376[0;39m - Bean 'jimuReportDictItemDao' of type [org.jeecgframework.minidao.factory.MiniDaoBeanFactory] is not eligible for getting processed by all BeanPostProcessors (for example: not eligible for auto-proxying)
2026-08-08 14:14:11.531 [main] [34mINFO [0;39m [36mo.s.c.s.PostProcessorRegistrationDelegate$BeanPostProcessorChecker:376[0;39m - Bean '(inner bean)#11574592#5' of type [org.jeecgframework.minidao.aop.MiniDaoHandler] is not eligible for getting processed by all BeanPostProcessors (for example: not eligible for auto-proxying)
2026-08-08 14:14:11.531 [main] [34mINFO [0;39m [36mo.s.c.s.PostProcessorRegistrationDelegate$BeanPostProcessorChecker:376[0;39m - Bean 'jimuReportDictDao' of type [org.jeecgframework.minidao.factory.MiniDaoBeanFactory] is not eligible for getting processed by all BeanPostProcessors (for example: not eligible for auto-proxying)
2026-08-08 14:14:11.533 [main] [34mINFO [0;39m [36mo.s.c.s.PostProcessorRegistrationDelegate$BeanPostProcessorChecker:376[0;39m - Bean '(inner bean)#11574592#4' of type [org.jeecgframework.minidao.aop.MiniDaoHandler] is not eligible for getting processed by all BeanPostProcessors (for example: not eligible for auto-proxying)
2026-08-08 14:14:11.533 [main] [34mINFO [0;39m [36mo.s.c.s.PostProcessorRegistrationDelegate$BeanPostProcessorChecker:376[0;39m - Bean 'jimuReportDbParamDao' of type [org.jeecgframework.minidao.factory.MiniDaoBeanFactory] is not eligible for getting processed by all BeanPostProcessors (for example: not eligible for auto-proxying)
2026-08-08 14:14:11.535 [main] [34mINFO [0;39m [36mo.s.c.s.PostProcessorRegistrationDelegate$BeanPostProcessorChecker:376[0;39m - Bean '(inner bean)#11574592#3' of type [org.jeecgframework.minidao.aop.MiniDaoHandler] is not eligible for getting processed by all BeanPostProcessors (for example: not eligible for auto-proxying)
2026-08-08 14:14:11.535 [main] [34mINFO [0;39m [36mo.s.c.s.PostProcessorRegistrationDelegate$BeanPostProcessorChecker:376[0;39m - Bean 'jimuReportDbFieldDao' of type [org.jeecgframework.minidao.factory.MiniDaoBeanFactory] is not eligible for getting processed by all BeanPostProcessors (for example: not eligible for auto-proxying)
2026-08-08 14:14:11.537 [main] [34mINFO [0;39m [36mo.s.c.s.PostProcessorRegistrationDelegate$BeanPostProcessorChecker:376[0;39m - Bean '(inner bean)#11574592#2' of type [org.jeecgframework.minidao.aop.MiniDaoHandler] is not eligible for getting processed by all BeanPostProcessors (for example: not eligible for auto-proxying)
2026-08-08 14:14:11.537 [main] [34mINFO [0;39m [36mo.s.c.s.PostProcessorRegistrationDelegate$BeanPostProcessorChecker:376[0;39m - Bean 'jimuReportDbDao' of type [org.jeecgframework.minidao.factory.MiniDaoBeanFactory] is not eligible for getting processed by all BeanPostProcessors (for example: not eligible for auto-proxying)
2026-08-08 14:14:11.539 [main] [34mINFO [0;39m [36mo.s.c.s.PostProcessorRegistrationDelegate$BeanPostProcessorChecker:376[0;39m - Bean '(inner bean)#11574592#1' of type [org.jeecgframework.minidao.aop.MiniDaoHandler] is not eligible for getting processed by all BeanPostProcessors (for example: not eligible for auto-proxying)
2026-08-08 14:14:11.539 [main] [34mINFO [0;39m [36mo.s.c.s.PostProcessorRegistrationDelegate$BeanPostProcessorChecker:376[0;39m - Bean 'jimuReportDataSourceDao' of type [org.jeecgframework.minidao.factory.MiniDaoBeanFactory] is not eligible for getting processed by all BeanPostProcessors (for example: not eligible for auto-proxying)
2026-08-08 14:14:11.539 [main] [34mINFO [0;39m [36mo.s.c.s.PostProcessorRegistrationDelegate$BeanPostProcessorChecker:376[0;39m - Bean '(inner bean)#11574592' of type [org.jeecgframework.minidao.aop.MiniDaoHandler] is not eligible for getting processed by all BeanPostProcessors (for example: not eligible for auto-proxying)
2026-08-08 14:14:11.539 [main] [34mINFO [0;39m [36mo.s.c.s.PostProcessorRegistrationDelegate$BeanPostProcessorChecker:376[0;39m - Bean 'jimuReportDao' of type [org.jeecgframework.minidao.factory.MiniDaoBeanFactory] is not eligible for getting processed by all BeanPostProcessors (for example: not eligible for auto-proxying)
2026-08-08 14:14:11.555 [main] [34mINFO [0;39m [36mo.s.c.s.PostProcessorRegistrationDelegate$BeanPostProcessorChecker:376[0;39m - Bean 'spring.redis-org.springframework.boot.autoconfigure.data.redis.RedisProperties' of type [org.springframework.boot.autoconfigure.data.redis.RedisProperties] is not eligible for getting processed by all BeanPostProcessors (for example: not eligible for auto-proxying)
2026-08-08 14:14:11.555 [main] [34mINFO [0;39m [36mo.s.c.s.PostProcessorRegistrationDelegate$BeanPostProcessorChecker:376[0;39m - Bean 'org.springframework.boot.autoconfigure.data.redis.LettuceConnectionConfiguration' of type [org.springframework.boot.autoconfigure.data.redis.LettuceConnectionConfiguration] is not eligible for getting processed by all BeanPostProcessors (for example: not eligible for auto-proxying)
2026-08-08 14:14:11.586 [main] [34mINFO [0;39m [36mo.s.c.s.PostProcessorRegistrationDelegate$BeanPostProcessorChecker:376[0;39m - Bean 'org.springframework.boot.actuate.autoconfigure.metrics.redis.LettuceMetricsAutoConfiguration' of type [org.springframework.boot.actuate.autoconfigure.metrics.redis.LettuceMetricsAutoConfiguration] is not eligible for getting processed by all BeanPostProcessors (for example: not eligible for auto-proxying)
2026-08-08 14:14:11.588 [main] [34mINFO [0;39m [36mo.s.c.s.PostProcessorRegistrationDelegate$BeanPostProcessorChecker:376[0;39m - Bean 'org.springframework.boot.actuate.autoconfigure.metrics.export.prometheus.PrometheusMetricsExportAutoConfiguration' of type [org.springframework.boot.actuate.autoconfigure.metrics.export.prometheus.PrometheusMetricsExportAutoConfiguration] is not eligible for getting processed by all BeanPostProcessors (for example: not eligible for auto-proxying)
2026-08-08 14:14:11.592 [main] [34mINFO [0;39m [36mo.s.c.s.PostProcessorRegistrationDelegate$BeanPostProcessorChecker:376[0;39m - Bean 'management.metrics.export.prometheus-org.springframework.boot.actuate.autoconfigure.metrics.export.prometheus.PrometheusProperties' of type [org.springframework.boot.actuate.autoconfigure.metrics.export.prometheus.PrometheusProperties] is not eligible for getting processed by all BeanPostProcessors (for example: not eligible for auto-proxying)
2026-08-08 14:14:11.596 [main] [34mINFO [0;39m [36mo.s.c.s.PostProcessorRegistrationDelegate$BeanPostProcessorChecker:376[0;39m - Bean 'prometheusConfig' of type [org.springframework.boot.actuate.autoconfigure.metrics.export.prometheus.PrometheusPropertiesConfigAdapter] is not eligible for getting processed by all BeanPostProcessors (for example: not eligible for auto-proxying)
2026-08-08 14:14:11.600 [main] [34mINFO [0;39m [36mo.s.c.s.PostProcessorRegistrationDelegate$BeanPostProcessorChecker:376[0;39m - Bean 'collectorRegistry' of type [io.prometheus.client.CollectorRegistry] is not eligible for getting processed by all BeanPostProcessors (for example: not eligible for auto-proxying)
2026-08-08 14:14:11.602 [main] [34mINFO [0;39m [36mo.s.c.s.PostProcessorRegistrationDelegate$BeanPostProcessorChecker:376[0;39m - Bean 'org.springframework.boot.actuate.autoconfigure.metrics.MetricsAutoConfiguration' of type [org.springframework.boot.actuate.autoconfigure.metrics.MetricsAutoConfiguration] is not eligible for getting processed by all BeanPostProcessors (for example: not eligible for auto-proxying)
2026-08-08 14:14:11.602 [main] [34mINFO [0;39m [36mo.s.c.s.PostProcessorRegistrationDelegate$BeanPostProcessorChecker:376[0;39m - Bean 'micrometerClock' of type [io.micrometer.core.instrument.Clock$1] is not eligible for getting processed by all BeanPostProcessors (for example: not eligible for auto-proxying)
2026-08-08 14:14:11.634 [main] [34mINFO [0;39m [36mo.s.c.s.PostProcessorRegistrationDelegate$BeanPostProcessorChecker:376[0;39m - Bean 'prometheusMeterRegistry' of type [io.micrometer.prometheus.PrometheusMeterRegistry] is not eligible for getting processed by all BeanPostProcessors (for example: not eligible for auto-proxying)
2026-08-08 14:14:11.634 [main] [34mINFO [0;39m [36mo.s.c.s.PostProcessorRegistrationDelegate$BeanPostProcessorChecker:376[0;39m - Bean 'micrometerOptions' of type [io.lettuce.core.metrics.MicrometerOptions] is not eligible for getting processed by all BeanPostProcessors (for example: not eligible for auto-proxying)
2026-08-08 14:14:11.634 [main] [34mINFO [0;39m [36mo.s.c.s.PostProcessorRegistrationDelegate$BeanPostProcessorChecker:376[0;39m - Bean 'lettuceMetrics' of type [org.springframework.boot.actuate.autoconfigure.metrics.redis.LettuceMetricsAutoConfiguration$$Lambda$445/1663844181] is not eligible for getting processed by all BeanPostProcessors (for example: not eligible for auto-proxying)
2026-08-08 14:14:11.760 [main] [34mINFO [0;39m [36mo.s.c.s.PostProcessorRegistrationDelegate$BeanPostProcessorChecker:376[0;39m - Bean 'lettuceClientResources' of type [io.lettuce.core.resource.DefaultClientResources] is not eligible for getting processed by all BeanPostProcessors (for example: not eligible for auto-proxying)
2026-08-08 14:14:11.887 [main] [34mINFO [0;39m [36mo.s.c.s.PostProcessorRegistrationDelegate$BeanPostProcessorChecker:376[0;39m - Bean 'redisConnectionFactory' of type [org.springframework.data.redis.connection.lettuce.LettuceConnectionFactory] is not eligible for getting processed by all BeanPostProcessors (for example: not eligible for auto-proxying)
2026-08-08 14:14:11.900 [main] [34mINFO [0;39m [36mo.s.c.s.PostProcessorRegistrationDelegate$BeanPostProcessorChecker:376[0;39m - Bean 'jeecgBaseConfig' of type [org.jeecg.config.JeecgBaseConfig] is not eligible for getting processed by all BeanPostProcessors (for example: not eligible for auto-proxying)
2026-08-08 14:14:11.903 [main] [34mINFO [0;39m [36mo.s.c.s.PostProcessorRegistrationDelegate$BeanPostProcessorChecker:376[0;39m - Bean 'shiroConfig' of type [org.jeecg.config.shiro.ShiroConfig$$EnhancerBySpringCGLIB$$ed3fbc99] is not eligible for getting processed by all BeanPostProcessors (for example: not eligible for auto-proxying)
2026-08-08 14:14:12.178 [main] [34mINFO [0;39m [36mo.s.c.s.PostProcessorRegistrationDelegate$BeanPostProcessorChecker:376[0;39m - Bean 'spring.datasource.dynamic-com.baomidou.dynamic.datasource.spring.boot.autoconfigure.DynamicDataSourceProperties' of type [com.baomidou.dynamic.datasource.spring.boot.autoconfigure.DynamicDataSourceProperties] is not eligible for getting processed by all BeanPostProcessors (for example: not eligible for auto-proxying)
2026-08-08 14:14:12.193 [main] [34mINFO [0;39m [36mo.s.c.s.PostProcessorRegistrationDelegate$BeanPostProcessorChecker:376[0;39m - Bean 'com.baomidou.dynamic.datasource.spring.boot.autoconfigure.DynamicDataSourceAutoConfiguration' of type [com.baomidou.dynamic.datasource.spring.boot.autoconfigure.DynamicDataSourceAutoConfiguration$$EnhancerBySpringCGLIB$$f791e571] is not eligible for getting processed by all BeanPostProcessors (for example: not eligible for auto-proxying)
2026-08-08 14:14:12.197 [main] [34mINFO [0;39m [36mo.s.c.s.PostProcessorRegistrationDelegate$BeanPostProcessorChecker:376[0;39m - Bean 'dsProcessor' of type [com.baomidou.dynamic.datasource.processor.DsHeaderProcessor] is not eligible for getting processed by all BeanPostProcessors (for example: not eligible for auto-proxying)
2026-08-08 14:14:12.251 [main] [34mINFO [0;39m [36mo.s.c.s.PostProcessorRegistrationDelegate$BeanPostProcessorChecker:376[0;39m - Bean 'shiroRealm' of type [org.jeecg.config.shiro.ShiroRealm] is not eligible for getting processed by all BeanPostProcessors (for example: not eligible for auto-proxying)
2026-08-08 14:14:13.315 [main] [34mINFO [0;39m [36morg.jeecg.config.shiro.ShiroConfig:233[0;39m - ===============(1)创建缓存管理器RedisCacheManager
2026-08-08 14:14:13.317 [main] [34mINFO [0;39m [36morg.jeecg.config.shiro.ShiroConfig:251[0;39m - ===============(2)创建RedisManager,连接Redis..
2026-08-08 14:14:13.322 [main] [34mINFO [0;39m [36mo.s.c.s.PostProcessorRegistrationDelegate$BeanPostProcessorChecker:376[0;39m - Bean 'redisManager' of type [org.crazycake.shiro.RedisManager] is not eligible for getting processed by all BeanPostProcessors (for example: not eligible for auto-proxying)
2026-08-08 14:14:13.328 [main] [34mINFO [0;39m [36mo.s.c.s.PostProcessorRegistrationDelegate$BeanPostProcessorChecker:376[0;39m - Bean 'securityManager' of type [org.apache.shiro.web.mgt.DefaultWebSecurityManager] is not eligible for getting processed by all BeanPostProcessors (for example: not eligible for auto-proxying)
2026-08-08 14:14:13.353 [main] [34mINFO [0;39m [36mo.s.c.s.PostProcessorRegistrationDelegate$BeanPostProcessorChecker:376[0;39m - Bean 'authorizationAttributeSourceAdvisor' of type [org.apache.shiro.spring.security.interceptor.AuthorizationAttributeSourceAdvisor] is not eligible for getting processed by all BeanPostProcessors (for example: not eligible for auto-proxying)
2026-08-08 14:14:13.382 [main] [34mINFO [0;39m [36mo.s.c.s.PostProcessorRegistrationDelegate$BeanPostProcessorChecker:376[0;39m - Bean 'org.apache.shiro.spring.boot.autoconfigure.ShiroBeanAutoConfiguration' of type [org.apache.shiro.spring.boot.autoconfigure.ShiroBeanAutoConfiguration$$EnhancerBySpringCGLIB$$a11c5250] is not eligible for getting processed by all BeanPostProcessors (for example: not eligible for auto-proxying)
2026-08-08 14:14:13.386 [main] [34mINFO [0;39m [36mo.s.c.s.PostProcessorRegistrationDelegate$BeanPostProcessorChecker:376[0;39m - Bean 'eventBus' of type [org.apache.shiro.event.support.DefaultEventBus] is not eligible for getting processed by all BeanPostProcessors (for example: not eligible for auto-proxying)
2026-08-08 14:14:13.768 [main] [34mINFO [0;39m [36mo.s.boot.web.embedded.tomcat.TomcatWebServer:108[0;39m - Tomcat initialized with port(s): 9999 (http)
2026-08-08 14:14:13.781 [main] [34mINFO [0;39m [36morg.apache.coyote.http11.Http11NioProtocol:173[0;39m - Initializing ProtocolHandler ["http-nio-9999"]
2026-08-08 14:14:13.781 [main] [34mINFO [0;39m [36morg.apache.catalina.core.StandardService:173[0;39m - Starting service [Tomcat]
2026-08-08 14:14:13.781 [main] [34mINFO [0;39m [36morg.apache.catalina.core.StandardEngine:173[0;39m - Starting Servlet engine: [Apache Tomcat/9.0.69]
2026-08-08 14:14:13.957 [main] [34mINFO [0;39m [36mo.a.c.c.C.[Tomcat].[localhost].[/jeecg-boot]:173[0;39m - Initializing Spring embedded WebApplicationContext
2026-08-08 14:14:13.958 [main] [34mINFO [0;39m [36mo.s.b.w.s.c.ServletWebServerApplicationContext:290[0;39m - Root WebApplicationContext: initialization completed in 6412 ms
2026-08-08 14:14:14.145 [main] [34mINFO [0;39m [36mo.j.m.jmreport.config.init.JimuReportConfiguration:99[0;39m -  Init JimuReport Config [ Token Interceptor & Resource Locations ] 
Logging initialized using 'class org.apache.ibatis.logging.stdout.StdOutImpl' adapter.
2026-08-08 14:14:14.488 [main] [34mINFO [0;39m [36mc.a.d.s.b.a.DruidDataSourceAutoConfigure:56[0;39m - Init DruidDataSource
2026-08-08 14:14:14.983 [main] [34mINFO [0;39m [36mcom.alibaba.druid.pool.DruidDataSource:994[0;39m - {dataSource-1} inited
Registered plugin: 'org.jeecg.config.mybatis.MybatisInterceptor@33c9f1ac'
Registered plugin: 'com.baomidou.mybatisplus.extension.plugins.MybatisPlusInterceptor@4070c4ff'
Parsed mapper file: 'URL [jar:file:/D:/maven/jeecgboot/org/jeecgframework/boot/jeecg-system-biz/3.4.4/jeecg-system-biz-3.4.4.jar!/org/jeecg/modules/message/mapper/xml/SysMessageMapper.xml]'
Parsed mapper file: 'URL [jar:file:/D:/maven/jeecgboot/org/jeecgframework/boot/jeecg-system-biz/3.4.4/jeecg-system-biz-3.4.4.jar!/org/jeecg/modules/message/mapper/xml/SysMessageTemplateMapper.xml]'
Parsed mapper file: 'URL [jar:file:/D:/maven/jeecgboot/org/jeecgframework/boot/jeecg-system-biz/3.4.4/jeecg-system-biz-3.4.4.jar!/org/jeecg/modules/quartz/mapper/xml/QuartzJobMapper.xml]'
Parsed mapper file: 'URL [jar:file:/D:/maven/jeecgboot/org/jeecgframework/boot/jeecg-system-biz/3.4.4/jeecg-system-biz-3.4.4.jar!/org/jeecg/modules/system/mapper/xml/SysAnnouncementMapper.xml]'
Parsed mapper file: 'URL [jar:file:/D:/maven/jeecgboot/org/jeecgframework/boot/jeecg-system-biz/3.4.4/jeecg-system-biz-3.4.4.jar!/org/jeecg/modules/system/mapper/xml/SysAnnouncementSendMapper.xml]'
Parsed mapper file: 'URL [jar:file:/D:/maven/jeecgboot/org/jeecgframework/boot/jeecg-system-biz/3.4.4/jeecg-system-biz-3.4.4.jar!/org/jeecg/modules/system/mapper/xml/SysCategoryMapper.xml]'
Parsed mapper file: 'URL [jar:file:/D:/maven/jeecgboot/org/jeecgframework/boot/jeecg-system-biz/3.4.4/jeecg-system-biz-3.4.4.jar!/org/jeecg/modules/system/mapper/xml/SysCheckRuleMapper.xml]'
Parsed mapper file: 'URL [jar:file:/D:/maven/jeecgboot/org/jeecgframework/boot/jeecg-system-biz/3.4.4/jeecg-system-biz-3.4.4.jar!/org/jeecg/modules/system/mapper/xml/SysCommentMapper.xml]'
Parsed mapper file: 'URL [jar:file:/D:/maven/jeecgboot/org/jeecgframework/boot/jeecg-system-biz/3.4.4/jeecg-system-biz-3.4.4.jar!/org/jeecg/modules/system/mapper/xml/SysDataLogMapper.xml]'
Parsed mapper file: 'URL [jar:file:/D:/maven/jeecgboot/org/jeecgframework/boot/jeecg-system-biz/3.4.4/jeecg-system-biz-3.4.4.jar!/org/jeecg/modules/system/mapper/xml/SysDataSourceMapper.xml]'
Parsed mapper file: 'URL [jar:file:/D:/maven/jeecgboot/org/jeecgframework/boot/jeecg-system-biz/3.4.4/jeecg-system-biz-3.4.4.jar!/org/jeecg/modules/system/mapper/xml/SysDepartMapper.xml]'
Parsed mapper file: 'URL [jar:file:/D:/maven/jeecgboot/org/jeecgframework/boot/jeecg-system-biz/3.4.4/jeecg-system-biz-3.4.4.jar!/org/jeecg/modules/system/mapper/xml/SysDepartPermissionMapper.xml]'
Parsed mapper file: 'URL [jar:file:/D:/maven/jeecgboot/org/jeecgframework/boot/jeecg-system-biz/3.4.4/jeecg-system-biz-3.4.4.jar!/org/jeecg/modules/system/mapper/xml/SysDepartRoleMapper.xml]'
Parsed mapper file: 'URL [jar:file:/D:/maven/jeecgboot/org/jeecgframework/boot/jeecg-system-biz/3.4.4/jeecg-system-biz-3.4.4.jar!/org/jeecg/modules/system/mapper/xml/SysDepartRolePermissionMapper.xml]'
Parsed mapper file: 'URL [jar:file:/D:/maven/jeecgboot/org/jeecgframework/boot/jeecg-system-biz/3.4.4/jeecg-system-biz-3.4.4.jar!/org/jeecg/modules/system/mapper/xml/SysDepartRoleUserMapper.xml]'
Parsed mapper file: 'URL [jar:file:/D:/maven/jeecgboot/org/jeecgframework/boot/jeecg-system-biz/3.4.4/jeecg-system-biz-3.4.4.jar!/org/jeecg/modules/system/mapper/xml/SysDictItemMapper.xml]'
Parsed mapper file: 'URL [jar:file:/D:/maven/jeecgboot/org/jeecgframework/boot/jeecg-system-biz/3.4.4/jeecg-system-biz-3.4.4.jar!/org/jeecg/modules/system/mapper/xml/SysDictMapper.xml]'
Parsed mapper file: 'URL [jar:file:/D:/maven/jeecgboot/org/jeecgframework/boot/jeecg-system-biz/3.4.4/jeecg-system-biz-3.4.4.jar!/org/jeecg/modules/system/mapper/xml/SysFillRuleMapper.xml]'
Parsed mapper file: 'URL [jar:file:/D:/maven/jeecgboot/org/jeecgframework/boot/jeecg-system-biz/3.4.4/jeecg-system-biz-3.4.4.jar!/org/jeecg/modules/system/mapper/xml/SysGatewayRouteMapper.xml]'
Parsed mapper file: 'URL [jar:file:/D:/maven/jeecgboot/org/jeecgframework/boot/jeecg-system-biz/3.4.4/jeecg-system-biz-3.4.4.jar!/org/jeecg/modules/system/mapper/xml/SysLogMapper.xml]'
Parsed mapper file: 'URL [jar:file:/D:/maven/jeecgboot/org/jeecgframework/boot/jeecg-system-biz/3.4.4/jeecg-system-biz-3.4.4.jar!/org/jeecg/modules/system/mapper/xml/SysPermissionDataRuleMapper.xml]'
Parsed mapper file: 'URL [jar:file:/D:/maven/jeecgboot/org/jeecgframework/boot/jeecg-system-biz/3.4.4/jeecg-system-biz-3.4.4.jar!/org/jeecg/modules/system/mapper/xml/SysPermissionMapper.xml]'
Parsed mapper file: 'URL [jar:file:/D:/maven/jeecgboot/org/jeecgframework/boot/jeecg-system-biz/3.4.4/jeecg-system-biz-3.4.4.jar!/org/jeecg/modules/system/mapper/xml/SysPositionMapper.xml]'
Parsed mapper file: 'URL [jar:file:/D:/maven/jeecgboot/org/jeecgframework/boot/jeecg-system-biz/3.4.4/jeecg-system-biz-3.4.4.jar!/org/jeecg/modules/system/mapper/xml/SysRoleIndexMapper.xml]'
Parsed mapper file: 'URL [jar:file:/D:/maven/jeecgboot/org/jeecgframework/boot/jeecg-system-biz/3.4.4/jeecg-system-biz-3.4.4.jar!/org/jeecg/modules/system/mapper/xml/SysTenantMapper.xml]'
Parsed mapper file: 'URL [jar:file:/D:/maven/jeecgboot/org/jeecgframework/boot/jeecg-system-biz/3.4.4/jeecg-system-biz-3.4.4.jar!/org/jeecg/modules/system/mapper/xml/SysThirdAccountMapper.xml]'
Parsed mapper file: 'URL [jar:file:/D:/maven/jeecgboot/org/jeecgframework/boot/jeecg-system-biz/3.4.4/jeecg-system-biz-3.4.4.jar!/org/jeecg/modules/system/mapper/xml/SysUserAgentMapper.xml]'
Parsed mapper file: 'URL [jar:file:/D:/maven/jeecgboot/org/jeecgframework/boot/jeecg-system-biz/3.4.4/jeecg-system-biz-3.4.4.jar!/org/jeecg/modules/system/mapper/xml/SysUserDepartMapper.xml]'
Parsed mapper file: 'URL [jar:file:/D:/maven/jeecgboot/org/jeecgframework/boot/jeecg-system-biz/3.4.4/jeecg-system-biz-3.4.4.jar!/org/jeecg/modules/system/mapper/xml/SysUserMapper.xml]'
Parsed mapper file: 'URL [jar:file:/D:/maven/jeecgboot/org/jeecgframework/boot/hibernate-re/3.4.4-beta/hibernate-re-3.4.4-beta.jar!/org/jeecg/modules/online/auth/mapper/xml/OnlAuthDataMapper.xml]'
Parsed mapper file: 'URL [jar:file:/D:/maven/jeecgboot/org/jeecgframework/boot/hibernate-re/3.4.4-beta/hibernate-re-3.4.4-beta.jar!/org/jeecg/modules/online/auth/mapper/xml/OnlAuthPageMapper.xml]'
Parsed mapper file: 'URL [jar:file:/D:/maven/jeecgboot/org/jeecgframework/boot/hibernate-re/3.4.4-beta/hibernate-re-3.4.4-beta.jar!/org/jeecg/modules/online/auth/mapper/xml/OnlAuthRelationMapper.xml]'
Parsed mapper file: 'URL [jar:file:/D:/maven/jeecgboot/org/jeecgframework/boot/hibernate-re/3.4.4-beta/hibernate-re-3.4.4-beta.jar!/org/jeecg/modules/online/cgform/mapper/xml/OnlCgformFieldMapper.xml]'
Parsed mapper file: 'URL [jar:file:/D:/maven/jeecgboot/org/jeecgframework/boot/hibernate-re/3.4.4-beta/hibernate-re-3.4.4-beta.jar!/org/jeecg/modules/online/cgform/mapper/xml/OnlCgformHeadMapper.xml]'
Parsed mapper file: 'URL [jar:file:/D:/maven/jeecgboot/org/jeecgframework/boot/hibernate-re/3.4.4-beta/hibernate-re-3.4.4-beta.jar!/org/jeecg/modules/online/cgform/mapper/xml/OnlCgformIndexMapper.xml]'
Parsed mapper file: 'URL [jar:file:/D:/maven/jeecgboot/org/jeecgframework/boot/hibernate-re/3.4.4-beta/hibernate-re-3.4.4-beta.jar!/org/jeecg/modules/online/cgform/mapper/xml/OnlineMapper.xml]'
Parsed mapper file: 'URL [jar:file:/D:/maven/jeecgboot/org/jeecgframework/boot/hibernate-re/3.4.4-beta/hibernate-re-3.4.4-beta.jar!/org/jeecg/modules/online/cgreport/mapper/xml/OnlCgreportHeadMapper.xml]'
Parsed mapper file: 'URL [jar:file:/D:/maven/jeecgboot/org/jeecgframework/boot/hibernate-re/3.4.4-beta/hibernate-re-3.4.4-beta.jar!/org/jeecg/modules/online/cgreport/mapper/xml/OnlCgreportItemMapper.xml]'
Parsed mapper file: 'URL [jar:file:/D:/maven/jeecgboot/org/jeecgframework/boot/hibernate-re/3.4.4-beta/hibernate-re-3.4.4-beta.jar!/org/jeecg/modules/online/cgreport/mapper/xml/OnlCgreportParamMapper.xml]'
Parsed mapper file: 'URL [jar:file:/D:/maven/jeecgboot/org/jeecgframework/boot/jeecg-module-ietm/3.4.4/jeecg-module-ietm-3.4.4.jar!/org/jeecg/modules/ietm/icnmanage/mapper/xml/IetmIcnManageMapper.xml]'
Parsed mapper file: 'URL [jar:file:/D:/maven/jeecgboot/org/jeecgframework/boot/jeecg-module-ietm/3.4.4/jeecg-module-ietm-3.4.4.jar!/org/jeecg/modules/ietm/icnmanage/mapper/xml/IetmIcnReferenceMapper.xml]'
Parsed mapper file: 'URL [jar:file:/D:/maven/jeecgboot/org/jeecgframework/boot/jeecg-module-ietm/3.4.4/jeecg-module-ietm-3.4.4.jar!/org/jeecg/modules/ietm/ietmattachment/mapper/xml/IetmAttachmentMapper.xml]'
Parsed mapper file: 'URL [jar:file:/D:/maven/jeecgboot/org/jeecgframework/boot/jeecg-module-ietm/3.4.4/jeecg-module-ietm-3.4.4.jar!/org/jeecg/modules/ietm/ietmdatamodulemanagement/mapper/xml/IetmDataModuleMapper.xml]'
Parsed mapper file: 'URL [jar:file:/D:/maven/jeecgboot/org/jeecgframework/boot/jeecg-module-ietm/3.4.4/jeecg-module-ietm-3.4.4.jar!/org/jeecg/modules/ietm/ietmdatamodulemanagement/mapper/xml/IetmDmCommentMapper.xml]'
Parsed mapper file: 'URL [jar:file:/D:/maven/jeecgboot/org/jeecgframework/boot/jeecg-module-ietm/3.4.4/jeecg-module-ietm-3.4.4.jar!/org/jeecg/modules/ietm/ietmdatamodulemanagement/mapper/xml/IetmDmRefMapper.xml]'
Parsed mapper file: 'URL [jar:file:/D:/maven/jeecgboot/org/jeecgframework/boot/jeecg-module-ietm/3.4.4/jeecg-module-ietm-3.4.4.jar!/org/jeecg/modules/ietm/ietmprojectcompany/mapper/xml/IetmProjectCompanyMapper.xml]'
Parsed mapper file: 'URL [jar:file:/D:/maven/jeecgboot/org/jeecgframework/boot/jeecg-module-ietm/3.4.4/jeecg-module-ietm-3.4.4.jar!/org/jeecg/modules/ietm/ietmroleauth/mapper/xml/IetmRoleauthMapper.xml]'
Parsed mapper file: 'URL [jar:file:/D:/maven/jeecgboot/org/jeecgframework/boot/jeecg-module-ietm/3.4.4/jeecg-module-ietm-3.4.4.jar!/org/jeecg/modules/ietm/ietmstandardconfigurationmanagement/mapper/xml/IetmStandardConfigurationManagementMapper.xml]'
2026-08-08 14:14:16.989 [main] [1;31mERROR[0;39m [36mcom.baomidou.mybatisplus.core.MybatisConfiguration:107[0;39m - mapper[org.jeecg.modules.ietm.projectconfigurationmanagement.mapper.IetmProjectConfigurationManagementMapper.selectProjectById] is ignored, because it exists, maybe from xml file
Parsed mapper file: 'URL [jar:file:/D:/maven/jeecgboot/org/jeecgframework/boot/jeecg-module-ietm/3.4.4/jeecg-module-ietm-3.4.4.jar!/org/jeecg/modules/ietm/projectconfigurationmanagement/mapper/xml/IetmProjectConfigurationManagementMapper.xml]'
Parsed mapper file: 'URL [jar:file:/D:/maven/jeecgboot/org/jeecgframework/boot/jeecg-module-ietm/3.4.4/jeecg-module-ietm-3.4.4.jar!/org/jeecg/modules/ietm/projectinformationcode/mapper/xml/IetmProjectInformationCodeMapper.xml]'
Parsed mapper file: 'URL [jar:file:/D:/maven/jeecgboot/org/jeecgframework/boot/jeecg-module-ietm/3.4.4/jeecg-module-ietm-3.4.4.jar!/org/jeecg/modules/ietm/projectmanagement/mapper/xml/IetmProjectMapper.xml]'
Parsed mapper file: 'URL [jar:file:/D:/maven/jeecgboot/org/jeecgframework/boot/jeecg-module-ietm/3.4.4/jeecg-module-ietm-3.4.4.jar!/org/jeecg/modules/ietm/projectmanagement/mapper/xml/IetmProjectParamsMapper.xml]'
Parsed mapper file: 'URL [jar:file:/D:/maven/jeecgboot/org/jeecgframework/boot/jeecg-module-ietm/3.4.4/jeecg-module-ietm-3.4.4.jar!/org/jeecg/modules/ietm/standardinformationcode/mapper/xml/IetmStandardInformationCodeMapper.xml]'
Parsed mapper file: 'URL [jar:file:/D:/maven/jeecgboot/org/jeecgframework/boot/jeecg-module-ietm/3.4.4/jeecg-module-ietm-3.4.4.jar!/org/jeecg/modules/ietm/standardmanagement/mapper/xml/IetmStandardDmtypeMapper.xml]'
Parsed mapper file: 'URL [jar:file:/D:/maven/jeecgboot/org/jeecgframework/boot/jeecg-module-ietm/3.4.4/jeecg-module-ietm-3.4.4.jar!/org/jeecg/modules/ietm/standardmanagement/mapper/xml/IetmStandardMapper.xml]'
Parsed mapper file: 'URL [jar:file:/D:/maven/jeecgboot/org/jeecgframework/boot/jeecg-module-ietm/3.4.4/jeecg-module-ietm-3.4.4.jar!/org/jeecg/modules/ietm/workflow/mapper/xml/WfInstanceDtlMapper.xml]'
Parsed mapper file: 'URL [jar:file:/D:/maven/jeecgboot/org/jeecgframework/boot/jeecg-module-ietm/3.4.4/jeecg-module-ietm-3.4.4.jar!/org/jeecg/modules/ietm/workflow/mapper/xml/WfInstanceMapper.xml]'
Parsed mapper file: 'URL [jar:file:/D:/maven/jeecgboot/org/jeecgframework/boot/jeecg-module-ietm/3.4.4/jeecg-module-ietm-3.4.4.jar!/org/jeecg/modules/ietm/workflow/mapper/xml/WfTemplateDtlMapper.xml]'
Parsed mapper file: 'URL [jar:file:/D:/maven/jeecgboot/org/jeecgframework/boot/jeecg-module-ietm/3.4.4/jeecg-module-ietm-3.4.4.jar!/org/jeecg/modules/ietm/workflow/mapper/xml/WfTemplateMapper.xml]'
Parsed mapper file: 'URL [jar:file:/D:/maven/jeecgboot/org/jeecgframework/boot/jeecg-boot-base-core/3.4.4/jeecg-boot-base-core-3.4.4.jar!/org/jeecg/modules/base/mapper/xml/BaseCommonMapper.xml]'
2026-08-08 14:14:18.204 [main] [34mINFO [0;39m [36morg.jeecg.common.modules.redis.config.RedisConfig:56[0;39m -  --- redis config init --- 
2026-08-08 14:14:19.854 [main] [34mINFO [0;39m [36morg.quartz.impl.StdSchedulerFactory:1220[0;39m - Using default implementation for ThreadExecutor
2026-08-08 14:14:19.861 [main] [34mINFO [0;39m [36morg.quartz.core.SchedulerSignalerImpl:61[0;39m - Initialized Scheduler Signaller of type: class org.quartz.core.SchedulerSignalerImpl
2026-08-08 14:14:19.861 [main] [34mINFO [0;39m [36morg.quartz.core.QuartzScheduler:229[0;39m - Quartz Scheduler v.2.3.2 created.
2026-08-08 14:14:19.877 [main] [34mINFO [0;39m [36mo.s.scheduling.quartz.LocalDataSourceJobStore:672[0;39m - Using db table-based data access locking (synchronization).
2026-08-08 14:14:19.879 [main] [34mINFO [0;39m [36mo.s.scheduling.quartz.LocalDataSourceJobStore:145[0;39m - JobStoreCMT initialized.
2026-08-08 14:14:19.881 [main] [34mINFO [0;39m [36morg.quartz.core.QuartzScheduler:294[0;39m - Scheduler meta-data: Quartz Scheduler (v2.3.2) 'quartzScheduler' with instanceId 'NON_CLUSTERED'
  Scheduler class: 'org.quartz.core.QuartzScheduler' - running locally.
  NOT STARTED.
  Currently in standby mode.
  Number of jobs executed: 0
  Using thread pool 'org.quartz.simpl.SimpleThreadPool' - with 10 threads.
  Using job-store 'org.springframework.scheduling.quartz.LocalDataSourceJobStore' - which supports persistence. and is not clustered.

2026-08-08 14:14:19.881 [main] [34mINFO [0;39m [36morg.quartz.impl.StdSchedulerFactory:1374[0;39m - Quartz scheduler 'quartzScheduler' initialized from an externally provided properties instance.
2026-08-08 14:14:19.881 [main] [34mINFO [0;39m [36morg.quartz.impl.StdSchedulerFactory:1378[0;39m - Quartz scheduler version: 2.3.2
2026-08-08 14:14:19.881 [main] [34mINFO [0;39m [36morg.quartz.core.QuartzScheduler:2293[0;39m - JobFactory set to: org.springframework.scheduling.quartz.SpringBeanJobFactory@72851503
2026-08-08 14:14:22.211 [main] [34mINFO [0;39m [36mo.j.modules.jmreport.config.JmReportExecutorConfig:42[0;39m -  Init JimuReport Config [ 线程池 ] 
2026-08-08 14:14:24.646 [main] [34mINFO [0;39m [36mo.s.b.actuate.endpoint.web.EndpointLinksResolver:58[0;39m - Exposing 2 endpoint(s) beneath base path '/actuator'
2026-08-08 14:14:26.052 [main] [34mINFO [0;39m [36morg.apache.coyote.http11.Http11NioProtocol:173[0;39m - Starting ProtocolHandler ["http-nio-9999"]
2026-08-08 14:14:26.076 [main] [34mINFO [0;39m [36mo.s.boot.web.embedded.tomcat.TomcatWebServer:220[0;39m - Tomcat started on port(s): 9999 (http) with context path '/jeecg-boot'
2026-08-08 14:14:27.241 [main] [34mINFO [0;39m [36mo.s.scheduling.quartz.SchedulerFactoryBean:729[0;39m - Starting Quartz Scheduler now
2026-08-08 14:14:27.273 [main] [34mINFO [0;39m [36mo.s.scheduling.quartz.LocalDataSourceJobStore:866[0;39m - Freed 0 triggers from 'acquired' / 'blocked' state.
2026-08-08 14:14:27.273 [main] [34mINFO [0;39m [36mo.s.scheduling.quartz.LocalDataSourceJobStore:876[0;39m - Recovering 0 jobs that were in-progress at the time of the last shut-down.
2026-08-08 14:14:27.273 [main] [34mINFO [0;39m [36mo.s.scheduling.quartz.LocalDataSourceJobStore:889[0;39m - Recovery complete.
2026-08-08 14:14:27.273 [main] [34mINFO [0;39m [36mo.s.scheduling.quartz.LocalDataSourceJobStore:896[0;39m - Removed 0 'complete' triggers.
2026-08-08 14:14:27.273 [main] [34mINFO [0;39m [36mo.s.scheduling.quartz.LocalDataSourceJobStore:901[0;39m - Removed 0 stale fired job entries.
2026-08-08 14:14:27.273 [main] [34mINFO [0;39m [36morg.quartz.core.QuartzScheduler:547[0;39m - Scheduler quartzScheduler_$_NON_CLUSTERED started.
2026-08-08 14:14:27.289 [main] [34mINFO [0;39m [36morg.jeecg.JeecgSystemApplication:61[0;39m - Started JeecgSystemApplication in 20.826 seconds (JVM running for 21.849)
2026-08-08 14:14:27.310 [main] [34mINFO [0;39m [36morg.jeecg.config.init.CodeTemplateInitListener:30[0;39m -  Init Code Generate Template [ 检测如果是JAR启动环境，Copy模板到config目录 ] 
2026-08-08 14:14:27.318 [main] [34mINFO [0;39m [36morg.jeecg.JeecgSystemApplication:38[0;39m - 
----------------------------------------------------------
	Application Jeecg-Boot is running! Access URLs:
	Local: 		http://localhost:9999/jeecg-boot/
	External: 	http://192.168.43.4:9999/jeecg-boot/
	Swagger文档: 	http://192.168.43.4:9999/jeecg-boot/doc.html
----------------------------------------------------------
2026-08-08 14:14:49.191 [http-nio-9999-exec-1] [34mINFO [0;39m [36mo.a.c.c.C.[Tomcat].[localhost].[/jeecg-boot]:173[0;39m - Initializing Spring DispatcherServlet 'dispatcherServlet'
2026-08-08 14:14:49.191 [http-nio-9999-exec-1] [34mINFO [0;39m [36morg.springframework.web.servlet.DispatcherServlet:525[0;39m - Initializing Servlet 'dispatcherServlet'
2026-08-08 14:14:49.191 [http-nio-9999-exec-1] [34mINFO [0;39m [36morg.springframework.web.servlet.DispatcherServlet:547[0;39m - Completed initialization in 0 ms
2026-08-08 14:14:49.227 [http-nio-9999-exec-1] [34mINFO [0;39m [36morg.jeecg.config.shiro.ShiroRealm:97[0;39m - ————————身份认证失败——————————IP地址:  0:0:0:0:0:0:0:1，URL:/jeecg-boot/sys/common/version
Creating a new SqlSession
SqlSession [org.apache.ibatis.session.defaults.DefaultSqlSession@16383db2] was not registered for synchronization because synchronization is not active
original SQL: SELECT  id,username,realname,password,salt,avatar,birthday,sex,email,phone,org_code,status,del_flag,work_no,post,telephone,create_by,create_time,update_by,update_time,activiti_sync,user_identity,depart_ids,rel_tenant_ids,client_id  FROM sys_user 
 WHERE  del_flag=0

AND (username = ?)
SQL to parse, SQL: SELECT  id,username,realname,password,salt,avatar,birthday,sex,email,phone,org_code,status,del_flag,work_no,post,telephone,create_by,create_time,update_by,update_time,activiti_sync,user_identity,depart_ids,rel_tenant_ids,client_id  FROM sys_user 
 WHERE  del_flag=0

AND (username = ?)
parse the finished SQL: SELECT id, username, realname, password, salt, avatar, birthday, sex, email, phone, org_code, status, del_flag, work_no, post, telephone, create_by, create_time, update_by, update_time, activiti_sync, user_identity, depart_ids, rel_tenant_ids, client_id FROM sys_user WHERE del_flag = 0 AND (username = ?)
JDBC Connection [dm.jdbc.driver.DmdbConnection@2d3edb0b] will not be managed by Spring
==>  Preparing: SELECT id, username, realname, password, salt, avatar, birthday, sex, email, phone, org_code, status, del_flag, work_no, post, telephone, create_by, create_time, update_by, update_time, activiti_sync, user_identity, depart_ids, rel_tenant_ids, client_id FROM sys_user WHERE del_flag = 0 AND (username = ?)
==> Parameters: admin(String)
<==    Columns: id, username, realname, password, SALT, avatar, birthday, sex, email, phone, org_code, status, del_flag, work_no, post, telephone, create_by, create_time, update_by, update_time, activiti_sync, user_identity, depart_ids, rel_tenant_ids, client_id
<==        Row: e9ca23d68d884d4ebb19d07889727dae, admin, 管理员, cb362cfeefbf3d8d, RCGTeGiH, https://static.jeecg.com/temp/国炬软件logo_1606575029126.png, 2018-12-05 00:00:00, 1, jeecg@163.com, 18611111111, A01, 1, 0, 00001, 总经理, null, null, 2019-06-21 00:00:00, admin, 2022-10-17 00:00:00, 1, 2, <<BLOB>>, null, null
<==      Total: 1
Closing non transactional SqlSession [org.apache.ibatis.session.defaults.DefaultSqlSession@16383db2]
Creating a new SqlSession
SqlSession [org.apache.ibatis.session.defaults.DefaultSqlSession@cb1c8ab] was not registered for synchronization because synchronization is not active
original SQL: SELECT  id,username,realname,password,salt,avatar,birthday,sex,email,phone,org_code,status,del_flag,work_no,post,telephone,create_by,create_time,update_by,update_time,activiti_sync,user_identity,depart_ids,rel_tenant_ids,client_id  FROM sys_user 
 WHERE  del_flag=0

AND (username = ?)
SQL to parse, SQL: SELECT  id,username,realname,password,salt,avatar,birthday,sex,email,phone,org_code,status,del_flag,work_no,post,telephone,create_by,create_time,update_by,update_time,activiti_sync,user_identity,depart_ids,rel_tenant_ids,client_id  FROM sys_user 
 WHERE  del_flag=0

AND (username = ?)
parse the finished SQL: SELECT id, username, realname, password, salt, avatar, birthday, sex, email, phone, org_code, status, del_flag, work_no, post, telephone, create_by, create_time, update_by, update_time, activiti_sync, user_identity, depart_ids, rel_tenant_ids, client_id FROM sys_user WHERE del_flag = 0 AND (username = ?)
JDBC Connection [dm.jdbc.driver.DmdbConnection@2d3edb0b] will not be managed by Spring
==>  Preparing: SELECT id, username, realname, password, salt, avatar, birthday, sex, email, phone, org_code, status, del_flag, work_no, post, telephone, create_by, create_time, update_by, update_time, activiti_sync, user_identity, depart_ids, rel_tenant_ids, client_id FROM sys_user WHERE del_flag = 0 AND (username = ?)
==> Parameters: admin(String)
<==    Columns: id, username, realname, password, SALT, avatar, birthday, sex, email, phone, org_code, status, del_flag, work_no, post, telephone, create_by, create_time, update_by, update_time, activiti_sync, user_identity, depart_ids, rel_tenant_ids, client_id
<==        Row: e9ca23d68d884d4ebb19d07889727dae, admin, 管理员, cb362cfeefbf3d8d, RCGTeGiH, https://static.jeecg.com/temp/国炬软件logo_1606575029126.png, 2018-12-05 00:00:00, 1, jeecg@163.com, 18611111111, A01, 1, 0, 00001, 总经理, null, null, 2019-06-21 00:00:00, admin, 2022-10-17 00:00:00, 1, 2, <<BLOB>>, null, null
<==      Total: 1
Closing non transactional SqlSession [org.apache.ibatis.session.defaults.DefaultSqlSession@cb1c8ab]
Creating a new SqlSession
SqlSession [org.apache.ibatis.session.defaults.DefaultSqlSession@3cbc21c6] was not registered for synchronization because synchronization is not active
original SQL: select * from sys_depart where id IN ( select dep_id from sys_user_depart where user_id = ? )
SQL to parse, SQL: select * from sys_depart where id IN ( select dep_id from sys_user_depart where user_id = ? )
parse the finished SQL: SELECT * FROM sys_depart WHERE id IN (SELECT dep_id FROM sys_user_depart WHERE user_id = ?)
JDBC Connection [dm.jdbc.driver.DmdbConnection@2d3edb0b] will not be managed by Spring
==>  Preparing: SELECT * FROM sys_depart WHERE id IN (SELECT dep_id FROM sys_user_depart WHERE user_id = ?)
==> Parameters: e9ca23d68d884d4ebb19d07889727dae(String)
<==    Columns: ID, PARENT_ID, DEPART_NAME, DEPART_NAME_EN, DEPART_NAME_ABBR, DEPART_ORDER, DESCRIPTION, ORG_CATEGORY, ORG_TYPE, ORG_CODE, MOBILE, FAX, ADDRESS, MEMO, STATUS, DEL_FLAG, QYWX_IDENTIFIER, CREATE_BY, CREATE_TIME, UPDATE_BY, UPDATE_TIME
<==        Row: c6d7cb4deeac411cb3384b1b31278596, , 北京国炬软件, null, null, 0, null, 1, 1, A01, null, null, null, null, null, 0, null, admin, 2019-02-11 14:21:51, admin, 2020-05-02 18:21:27
<==      Total: 1
Closing non transactional SqlSession [org.apache.ibatis.session.defaults.DefaultSqlSession@3cbc21c6]
Creating a new SqlSession
SqlSession [org.apache.ibatis.session.defaults.DefaultSqlSession@5b9f253a] was not registered for synchronization because synchronization is not active
JDBC Connection [dm.jdbc.driver.DmdbConnection@2d3edb0b] will not be managed by Spring
original SQL: UPDATE sys_user SET org_code = ? where username = ?
SQL to parse, SQL: UPDATE sys_user SET org_code = ? where username = ?
parse the finished SQL: UPDATE sys_user SET org_code = ? WHERE username = ?
==>  Preparing: UPDATE sys_user SET org_code = ? WHERE username = ?
==> Parameters: A01(String), admin(String)
<==    Updates: 1
Closing non transactional SqlSession [org.apache.ibatis.session.defaults.DefaultSqlSession@5b9f253a]
2026-08-08 14:17:31.465 [http-nio-9999-exec-9] [34mINFO [0;39m [36mo.j.c.modules.redis.writer.JeecgRedisCacheWriter:113[0;39m - redis remove key:sys:cache:encrypt:user::admin
Creating a new SqlSession
SqlSession [org.apache.ibatis.session.defaults.DefaultSqlSession@43517f13] was not registered for synchronization because synchronization is not active
original SQL: SELECT  id,type,dict_name,dict_code,description,del_flag,create_by,create_time,update_by,update_time  FROM sys_dict 
 WHERE del_flag=0
SQL to parse, SQL: SELECT  id,type,dict_name,dict_code,description,del_flag,create_by,create_time,update_by,update_time  FROM sys_dict 
 WHERE del_flag=0
parse the finished SQL: SELECT id, type, dict_name, dict_code, description, del_flag, create_by, create_time, update_by, update_time FROM sys_dict WHERE del_flag = 0
JDBC Connection [dm.jdbc.driver.DmdbConnection@2d3edb0b] will not be managed by Spring
==>  Preparing: SELECT id, type, dict_name, dict_code, description, del_flag, create_by, create_time, update_by, update_time FROM sys_dict WHERE del_flag = 0
==> Parameters: 
<==    Columns: id, TYPE, dict_name, dict_code, description, del_flag, create_by, create_time, update_by, update_time
<==        Row: 0b5d19e1fce4b2e6647e6b4a17760c14, 0, 通告类型, msg_category, 消息类型1:通知公告2:系统消息, 0, admin, 2019-04-22 18:01:35, null, null
<==        Row: 1174509082208395266, 0, 职务职级, position_rank, 职务表职级字典, 0, admin, 2019-09-19 10:22:41, null, null
<==        Row: 1174511106530525185, 0, 机构类型, org_category, 机构类型 1公司，2部门 3岗位, 0, admin, 2019-09-19 10:30:43, null, null
<==        Row: 1178295274528845826, null, 表单权限策略, form_perms_type, , 0, admin, 2019-09-29 21:07:39, admin, 2019-09-29 21:08:26
<==        Row: 1199517671259906049, 0, 紧急程度, urgent_level, 日程计划紧急程度, 0, admin, 2019-11-27 10:37:53, null, null
<==        Row: 1199518099888414722, 0, 日程计划类型, eoa_plan_type, , 0, admin, 2019-11-27 10:39:36, null, null
<==        Row: 1199520177767587841, 0, 分类栏目类型, eoa_cms_menu_type, , 0, admin, 2019-11-27 10:47:51, admin, 2019-11-27 10:49:35
<==        Row: 1199525215290306561, 0, 日程计划状态, eoa_plan_status, , 0, admin, 2019-11-27 11:07:52, admin, 2019-11-27 11:10:11
<==        Row: 1209733563293962241, 0, 数据库类型, database_type, , 0, admin, 2019-12-25 15:12:12, null, null
<==        Row: 1232913193820581889, 0, Online表单业务分类, ol_form_biz_type, , 0, admin, 2020-02-27 14:19:46, admin, 2020-02-27 14:20:23
<==        Row: 1242298510024429569, 0, 提醒方式, remindMode, , 0, admin, 2020-03-24 11:53:40, admin, 2020-03-24 12:03:22
<==        Row: 1250687930947620866, null, 定时任务状态, quartz_status, , 0, admin, 2020-04-16 15:30:14, , null
<==        Row: 1280401766745718786, 0, 租户状态, tenant_status, 租户状态, 0, admin, 2020-07-07 15:22:25, null, null
<==        Row: 1356445645198135298, 0, 开关, is_open, , 0, admin, 2021-02-02 11:33:38, admin, 2021-02-02 15:28:12
<==        Row: 236e8a4baff0db8c62c00dd95632834f, 0, 同步工作流引擎, activiti_sync, 同步工作流引擎, 0, admin, 2019-05-15 15:27:33, null, null
<==        Row: 2e02df51611a4b9632828ab7e5338f00, 0, 权限策略, perms_type, 权限策略, 0, admin, 2019-04-26 18:26:55, null, null
<==        Row: 2f0320997ade5dd147c90130f7218c3e, 0, 推送类别, msg_type, , 0, admin, 2019-03-17 21:21:32, admin, 2019-03-26 19:57:45
<==        Row: 3486f32803bb953e7155dab3513dc68b, 0, 删除状态, del_flag, null, 0, admin, 2019-01-18 21:46:26, admin, 2019-03-30 11:17:11
<==        Row: 3d9a351be3436fbefb1307d4cfb49bf2, 1, 性别, sex, null, 0, null, 2019-01-04 14:56:32, admin, 2019-03-30 11:28:27
<==        Row: 4274efc2292239b6f000b153f50823ff, 0, 全局权限策略, global_perms_type, 全局权限策略, 0, admin, 2019-05-10 17:54:05, null, null
<==        Row: 4c03fca6bf1f0299c381213961566349, 0, Online图表展示模板, online_graph_display_template, Online图表展示模板, 0, admin, 2019-04-12 17:28:50, null, null
<==        Row: 4c753b5293304e7a445fd2741b46529d, 1, 字典状态, dict_item_status, null, 0, admin, 2020-06-18 23:18:42, admin, 2019-03-30 19:33:52
<==        Row: 4d7fec1a7799a436d26d02325eff295e, 0, 优先级, priority, 优先级, 0, admin, 2019-03-16 17:03:34, admin, 2019-04-16 17:39:23
<==        Row: 4e4602b3e3686f0911384e188dc7efb4, 0, 条件规则, rule_conditions, , 0, admin, 2019-04-01 10:15:03, admin, 2019-04-01 10:30:47
<==        Row: 4f69be5f507accea8d5df5f11346181a, 0, 发送消息类型, msgType, null, 0, admin, 2019-04-11 14:27:09, null, null
<==        Row: 68168534ff5065a152bfab275c2136f8, 0, 有效无效状态, valid_status, 有效无效状态, 0, admin, 2020-09-26 19:21:14, admin, 2019-04-26 19:21:23
<==        Row: 6b78e3f59faec1a4750acff08030a79b, 0, 用户类型, user_type, null, 0, null, 2019-01-04 14:59:01, admin, 2019-03-18 23:28:18
<==        Row: 72cce0989df68887546746d8f09811aa, 0, Online表单类型, cgform_table_type, , 0, admin, 2019-01-27 10:13:02, admin, 2019-03-30 11:37:36
<==        Row: 78bda155fe380b1b3f175f1e88c284c6, 0, 流程状态, bpm_status, 流程状态, 0, admin, 2019-05-09 16:31:52, null, null
<==        Row: 83bfb33147013cc81640d5fd9eda030c, 1, 日志类型, log_type, null, 0, admin, 2019-03-18 23:22:19, null, null
<==        Row: 845da5006c97754728bf48b6a10f79cc, 0, 状态, status, null, 0, admin, 2019-03-18 21:45:25, admin, 2019-03-18 21:58:25
<==        Row: 880a895c98afeca9d9ac39f29e67c13e, 0, 操作类型, operate_type, 操作类型, 0, admin, 2019-07-22 10:54:29, null, null
<==        Row: 8dfe32e2d29ea9430a988b3b558bf233, 0, 发布状态, send_status, 发布状态, 0, admin, 2019-04-16 17:40:42, null, null
<==        Row: a7adbcd86c37f7dbc9b66945c82ef9e6, 0, 1是0否, yn, , 0, admin, 2019-05-22 19:29:29, null, null
<==        Row: a9d9942bd0eccb6e89de92d130ec4c4a, 0, 消息发送状态, msgSendStatus, null, 0, admin, 2019-04-12 18:18:17, null, null
<==        Row: ac2f7c0c5c5775fcea7e2387bcb22f01, 1, 菜单类型, menu_type, null, 0, admin, 2020-12-18 23:24:32, admin, 2019-04-01 15:27:06
<==        Row: ad7c65ba97c20a6805d5dcdf13cdaf36, 0, onlineT类型, ceshi_online, null, 0, admin, 2019-03-22 16:31:49, admin, 2019-03-22 16:34:16
<==        Row: bd1b8bc28e65d6feefefb6f3c79f42fd, 0, Online图表数据类型, online_graph_data_type, Online图表数据类型, 0, admin, 2019-04-12 17:24:24, admin, 2019-04-12 17:24:57
<==        Row: c36169beb12de8a71c8683ee7c28a503, 0, 部门状态, depart_status, null, 0, admin, 2019-03-18 21:59:51, null, null
<==        Row: c5a14c75172783d72cbee6ee7f5df5d1, 0, Online图表类型, online_graph_type, Online图表类型, 0, admin, 2019-04-12 17:04:06, null, null
<==        Row: d6e1152968b02d69ff358c75b48a6ee1, 0, 流程类型, bpm_process_type, null, 0, admin, 2021-02-22 19:26:54, admin, 2019-03-30 18:14:44
<==        Row: fc6cd58fde2e8481db10d3a1e68ce70c, 1, 用户状态, user_status, null, 0, admin, 2019-03-18 21:57:25, admin, 2019-03-18 23:11:58
<==        Row: 2008794656772255745, 0, 密级, security, 密级（ietm项目用）, 0, admin, 2026-01-07 14:55:42, null, null
<==        Row: 2009149820169641986, 0, 标准版本, standard_type, 标准版本, 0, admin, 2026-01-08 14:27:00, admin, 2026-07-13 19:39:51
<==        Row: 2009158440265474049, 0, 装备类型, equipment_type, , 0, admin, 2026-01-08 15:01:15, admin, 2026-01-08 15:20:23
<==        Row: 9e203d99a790493aa44a964b28d13c7f, 0, 机构评级, agency_rating, 机构评级字典, 0, admin, 2026-04-27 22:23:33, admin, 2026-04-27 22:23:33
<==        Row: 52db14900acf4ef386ed34c0e2030afc, 1, 项目状态, project_status, 项目状态字典, 0, admin, 2026-04-27 22:24:16, null, null
<==        Row: 1750000000011, 0, DM状态, dm_status, IETM数据模块状态, 0, null, 2026-07-22 13:57:03, null, null
<==        Row: 1750000000012, 0, 工作流状态, workflow_status, IETM工作流状态, 0, null, 2026-07-22 13:57:09, null, null
<==        Row: 1750000000013, 0, 语言代码, language, ISO 639-1语言代码, 0, null, 2026-07-22 13:57:16, null, null
<==        Row: 1750000000014, 0, 国家代码, country, ISO 3166-1国家代码, 0, null, 2026-07-22 13:57:22, null, null
<==        Row: 1750000000015, 0, 技术名称, tech_name, IETM技术名称（DMC第9段）, 0, null, 2026-07-22 13:57:28, null, null
<==        Row: 1750000000016, 0, 信息名称, info_name, IETM信息名称（DMC第10段）, 0, null, 2026-07-22 13:57:38, null, null
<==        Row: 1750000000017, 0, 变体代码, variant_code, IETM变体代码（DMC第11段A）, 0, null, 2026-07-22 13:57:45, null, null
<==        Row: 1750000000018, 0, 拆卸代码, disassy_code, IETM拆卸代码（DMC第11段B）, 0, null, 2026-07-22 13:57:49, null, null
<==        Row: 1750000000019, 0, 发布类型, issue_type, IETM发布类型（DMC第11段C）, 0, null, 2026-07-22 13:57:55, null, null
<==        Row: 1750000000010, 0, DM类型, dm_type, IETM数据模块类型分类, 0, null, 2026-07-22 13:58:22, null, null
<==        Row: 1815001, 0, DM签出状态, dm_checkout_status, 数据模块签出状态：未签出/已签出, 0, admin, 2026-07-22 15:22:50, null, null
<==        Row: 1815002, 0, DM技术名称类型, dm_tech_name_type, 数据模块技术名称分类, 0, admin, 2026-07-22 15:22:50, null, null
<==        Row: 1815003, 0, DM信息名称类型, dm_info_name_type, 数据模块信息名称分类, 0, admin, 2026-07-22 15:22:50, null, null
<==        Row: 1815004, 0, DM责任伙伴公司, dm_rpc_type, 责任伙伴公司编号, 0, admin, 2026-07-22 15:22:50, null, null
<==        Row: 1815005, 0, DM更新控制状态, dm_update_control, 数据模块更新控制状态, 0, admin, 2026-07-22 15:22:51, null, null
<==        Row: 1815006, 0, DM应用范围, dm_applicability, 数据模块适用范围, 0, admin, 2026-07-22 15:22:51, null, null
<==        Row: 1815007, 0, DM发布模式, dm_publish_mode, 数据模块发布模式, 0, admin, 2026-07-22 15:22:51, null, null
<==        Row: 1815008, 0, DM校验级别, dm_validate_level, 数据模块校验级别, 0, admin, 2026-07-22 15:22:51, null, null
<==        Row: 1815009, 0, DM复制类型, dm_copy_type, 数据模块复制类型, 0, admin, 2026-07-22 15:22:51, null, null
<==        Row: 1815010, 0, DM版本操作类型, dm_version_action, 数据模块版本操作记录, 0, admin, 2026-07-22 15:22:51, null, null
<==        Row: 1815011, 0, DM文件类型, dm_file_type, 数据模块资源文件类型, 0, admin, 2026-07-22 15:22:51, null, null
<==        Row: 1815012, 0, DM工作流步骤, dm_workflow_step, 数据模块工作流步骤, 0, admin, 2026-07-22 15:22:51, null, null
<==        Row: 1815013, 0, DM引用状态, dm_reference_status, 数据模块引用关系状态, 0, admin, 2026-07-22 15:22:51, null, null
<==        Row: dm_location_code_001, 0, DM位置码, dm_location_code, IETM位置码（A/B/C/D/T）S1000D标准, 0, admin, 2026-07-23 09:10:21, null, null
<==        Row: dm_version_type_001, 0, DM版本类型, dm_version_type, 版本类型（草稿/已发布）, 0, admin, 2026-07-23 09:10:53, null, null
<==        Row: dm_version_action_type_001, 0, DM版本操作类型, dm_version_action_type, 版本操作（inwork/issue）, 0, admin, 2026-07-23 09:11:40, null, null
<==        Row: dm_ref_type_001, 0, DM引用类型, dm_ref_type, DM引用关系类型（dmRef/dmlRef/pmRef）, 0, admin, 2026-07-23 09:11:55, null, null
<==        Row: 7FAAEB0E8EBE406CBCC3A1FD68AE1F36, 0, DM密级, dm_security, 数据模块密级（S1000D标准）, 0, admin, 2026-07-25 00:11:14, null, null
<==      Total: 75
Closing non transactional SqlSession [org.apache.ibatis.session.defaults.DefaultSqlSession@43517f13]
Creating a new SqlSession
SqlSession [org.apache.ibatis.session.defaults.DefaultSqlSession@7d01b9c3] was not registered for synchronization because synchronization is not active
original SQL: SELECT  id,dict_id,item_text,item_value,description,sort_order,status,create_by,create_time,update_by,update_time  FROM sys_dict_item 
 
 WHERE (status = ?) ORDER BY sort_order ASC
SQL to parse, SQL: SELECT  id,dict_id,item_text,item_value,description,sort_order,status,create_by,create_time,update_by,update_time  FROM sys_dict_item 
 
 WHERE (status = ?) ORDER BY sort_order ASC
parse the finished SQL: SELECT id, dict_id, item_text, item_value, description, sort_order, status, create_by, create_time, update_by, update_time FROM sys_dict_item WHERE (status = ?) ORDER BY sort_order ASC
JDBC Connection [dm.jdbc.driver.DmdbConnection@2d3edb0b] will not be managed by Spring
==>  Preparing: SELECT id, dict_id, item_text, item_value, description, sort_order, status, create_by, create_time, update_by, update_time FROM sys_dict_item WHERE (status = ?) ORDER BY sort_order ASC
==> Parameters: 1(Integer)
<==    Columns: id, dict_id, item_text, item_value, description, sort_order, status, create_by, create_time, update_by, update_time
<==        Row: f37f90c496ec9841c4c326b065e00bb2, 83bfb33147013cc81640d5fd9eda030c, 登录日志, 1, null, null, 1, admin, 2019-03-18 23:22:37, null, null
<==        Row: f2a7920421f3335afdf6ad2b342f6b5d, 845da5006c97754728bf48b6a10f79cc, 冻结, 2, null, null, 1, admin, 2019-03-18 21:46:02, null, null
<==        Row: b2a8b4bb2c8e66c2c4b1bb086337f393, 3486f32803bb953e7155dab3513dc68b, 正常, 0, null, null, 1, admin, 2022-10-18 21:46:48, admin, 2019-03-28 22:22:20
<==        Row: aa0d8a8042a18715a17f0a888d360aa4, ac2f7c0c5c5775fcea7e2387bcb22f01, 一级菜单, 0, null, null, 1, admin, 2019-03-18 23:24:52, null, null
<==        Row: 86f19c7e0a73a0bae451021ac05b99dd, ac2f7c0c5c5775fcea7e2387bcb22f01, 子菜单, 1, null, null, 1, admin, 2019-03-18 23:25:27, null, null
<==        Row: 81fb2bb0e838dc68b43f96cc309f8257, fc6cd58fde2e8481db10d3a1e68ce70c, 冻结, 2, null, null, 1, admin, 2019-03-18 23:30:37, null, null
<==        Row: 7ccf7b80c70ee002eceb3116854b75cb, ac2f7c0c5c5775fcea7e2387bcb22f01, 按钮权限, 2, null, null, 1, admin, 2019-03-18 23:25:40, null, null
<==        Row: 78ea6cadac457967a4b1c4eb7aaa418c, fc6cd58fde2e8481db10d3a1e68ce70c, 正常, 1, null, null, 1, admin, 2019-03-18 23:30:28, null, null
<==        Row: 7688469db4a3eba61e6e35578dc7c2e5, c36169beb12de8a71c8683ee7c28a503, 启用, 1, null, null, 1, admin, 2019-03-18 23:29:28, null, null
<==        Row: 75b260d7db45a39fc7f21badeabdb0ed, c36169beb12de8a71c8683ee7c28a503, 不启用, 0, null, null, 1, admin, 2019-03-18 23:29:41, admin, 2019-03-18 23:29:54
<==        Row: 700e9f030654f3f90e9ba76ab0713551, 6b78e3f59faec1a4750acff08030a79b, 333, 333, null, null, 1, admin, 2019-02-21 19:59:47, null, null
<==        Row: 5b65a88f076b32e8e69d19bbaadb52d5, 2f0320997ade5dd147c90130f7218c3e, 全体用户, ALL, null, null, 1, admin, 2020-10-17 21:22:43, admin, 2019-03-28 22:17:09
<==        Row: 4f05fb5376f4c61502c5105f52e4dd2b, 83bfb33147013cc81640d5fd9eda030c, 操作日志, 2, null, null, 1, admin, 2019-03-18 23:22:49, null, null
<==        Row: 43d2295b8610adce9510ff196a49c6e9, 845da5006c97754728bf48b6a10f79cc, 正常, 1, null, null, 1, admin, 2019-03-18 21:45:51, null, null
<==        Row: 0c9532916f5cd722017b46bc4d953e41, 2f0320997ade5dd147c90130f7218c3e, 指定用户, USER, null, null, 1, admin, 2019-03-17 21:22:19, admin, 2019-03-17 21:22:28
<==        Row: 05a2e732ce7b00aa52141ecc3e330b4e, 3486f32803bb953e7155dab3513dc68b, 已删除, 1, null, null, 1, admin, 2025-10-18 21:46:56, admin, 2019-03-28 22:23:20
<==        Row: 8c618902365ca681ebbbe1e28f11a548, 4c753b5293304e7a445fd2741b46529d, 启用, 1, , 0, 1, admin, 2020-07-18 23:19:27, admin, 2019-05-17 14:51:18
<==        Row: 1750000001801, 1750000000018, 拆卸到0级, 0, 完全拆卸, 1, 1, null, 2026-07-22 13:57:50, null, null
<==        Row: 1ce390c52453891f93514c1bd2795d44, ad7c65ba97c20a6805d5dcdf13cdaf36, 000, 00, null, 1, 1, admin, 2019-03-22 16:34:34, null, null
<==        Row: df168368dcef46cade2aadd80100d8aa, 3d9a351be3436fbefb1307d4cfb49bf2, 男, 1, null, 1, 1, null, 2027-08-04 14:56:49, admin, 2019-03-23 22:44:44
<==        Row: 1174509601047994369, 1174509082208395266, 员级, 1, , 1, 1, admin, 2019-09-19 10:24:45, admin, 2019-09-23 11:46:39
<==        Row: 41d7aaa40c9b61756ffb1f28da5ead8e, 0b5d19e1fce4b2e6647e6b4a17760c14, 通知公告, 1, null, 1, 1, admin, 2019-04-22 18:01:57, null, null
<==        Row: 1280401815068295170, 1280401766745718786, 正常, 1, , 1, 1, admin, 2020-07-07 15:22:36, null, null
<==        Row: 66c952ae2c3701a993e7db58f3baf55e, 4e4602b3e3686f0911384e188dc7efb4, 大于, >, 大于, 1, 1, admin, 2019-04-01 10:45:46, admin, 2019-04-01 17:48:29
<==        Row: 1199517914017832962, 1199517671259906049, 重要, 2, , 1, 1, admin, 2019-11-27 10:38:51, null, null
<==        Row: 1815008001, 1815008, 基础校验, basic, DMC格式校验, 1, 1, null, 2026-07-22 15:22:51, null, null
<==        Row: 1356445705549975553, 1356445645198135298, 是, Y, , 1, 1, admin, 2021-02-02 11:33:52, null, null
<==        Row: 9a96c4a4e4c5c9b4e4d0cbf6eb3243cc, 4c753b5293304e7a445fd2741b46529d, 不启用, 0, null, 1, 1, admin, 2019-03-18 23:19:53, null, null
<==        Row: 147c48ff4b51545032a9119d13f3222a, d6e1152968b02d69ff358c75b48a6ee1, 测试流程, test, null, 1, 1, admin, 2019-03-22 19:27:05, null, null
<==        Row: 1750000001301, 1750000000013, zh, zh, 简体中文, 1, 1, null, 2026-07-22 13:57:16, admin, 2026-08-07 20:13:27
<==        Row: 1815013001, 1815013, 有效, valid, 引用有效, 1, 1, null, 2026-07-22 15:22:52, null, null
<==        Row: 1250688147579228161, 1250687930947620866, 正常, 0, , 1, 1, admin, 2020-04-16 15:31:05, , null
<==        Row: 1199518186144276482, 1199518099888414722, 日常记录, 1, , 1, 1, admin, 2019-11-27 10:39:56, null, null
<==        Row: b9fbe2a3602d4a27b45c100ac5328484, 78bda155fe380b1b3f175f1e88c284c6, 待提交, 1, 待提交, 1, 1, admin, 2019-05-09 16:32:35, null, null
<==        Row: 337ea1e401bda7233f6258c284ce4f50, bd1b8bc28e65d6feefefb6f3c79f42fd, JSON, json, null, 1, 1, admin, 2019-04-12 17:26:33, null, null
<==        Row: 2009158497136041986, 2009158440265474049, 通用, 0, , 1, 1, admin, 2026-01-08 15:01:29, admin, 2026-01-09 14:51:56
<==        Row: dm_ft_xml, dm_file_type_001, XML文件, xml, S1000D XML数据模块, 1, 1, admin, 2026-07-23 09:13:02, null, null
<==        Row: dm_co_in, dm_checkout_status_001, 签入, 0, DM已签入，可供他人签出, 1, 1, admin, 2026-07-23 09:12:06, null, null
<==        Row: 1815009001, 1815009, 基本复制, basic, 仅复制基本属性, 1, 1, null, 2026-07-22 15:22:51, null, null
<==        Row: 1815010001, 1815010, 创建, create, 创建新DM, 1, 1, null, 2026-07-22 15:22:51, null, null
<==        Row: dm_ver_0, dm_version_type_001, 草稿版本, 0, In-Work版本，未正式发布, 1, 1, admin, 2026-07-23 09:12:06, null, null
<==        Row: 83250269359855501ec4e9c0b7e21596, 4274efc2292239b6f000b153f50823ff, 可见/可访问(授权后可见/可访问), 1, , 1, 1, admin, 2019-05-10 17:54:51, null, null
<==        Row: 1750000001001, 1750000000010, 描述性DM, description, 描述性数据模块, 1, 1, null, 2026-07-22 13:58:22, admin, 2026-08-01 23:00:56
<==        Row: 1199525468672405505, 1199525215290306561, 未开始, 0, , 1, 1, admin, 2019-11-27 11:08:52, null, null
<==        Row: 1750000001701, 1750000000017, A型, A, A型变体, 1, 1, null, 2026-07-22 13:57:45, null, null
<==        Row: 1199525506429530114, 1199525215290306561, 已完成, 2, , 1, 1, admin, 2019-11-27 11:09:02, admin, 2019-11-27 11:10:02
<==        Row: 1199517884758368257, 1199517671259906049, 一般, 1, , 1, 1, admin, 2019-11-27 10:38:44, null, null
<==        Row: 69cacf64e244100289ddd4aa9fa3b915, a9d9942bd0eccb6e89de92d130ec4c4a, 未发送, 0, null, 1, 1, admin, 2019-04-12 18:19:23, null, null
<==        Row: 1750000001601, 1750000000016, 描述, 00, 描述信息, 1, 1, null, 2026-07-22 13:57:38, null, null
<==        Row: dm_pub_draft, dm_publish_mode_001, 草稿发布, draft, 发布为草稿模式, 1, 1, admin, 2026-07-23 09:19:47, null, null
<==        Row: dm_copy_attr, dm_copy_type_001, 仅复制属性, 0, 创建新DM，仅复制元数据, 1, 1, admin, 2026-07-23 09:21:33, null, null
<==        Row: 222705e11ef0264d4214affff1fb4ff9, 4f69be5f507accea8d5df5f11346181a, 文本, 1, , 1, 1, admin, 2023-02-28 10:50:36, admin, 2022-07-04 16:29:21
<==        Row: 538fca35afe004972c5f3947c039e766, 2e02df51611a4b9632828ab7e5338f00, 显示, 1, 显示, 1, 1, admin, 2025-03-26 18:27:13, admin, 2019-04-26 18:39:07
<==        Row: 096c2e758d823def3855f6376bc736fb, bd1b8bc28e65d6feefefb6f3c79f42fd, SQL, sql, null, 1, 1, admin, 2019-04-12 17:26:26, null, null
<==        Row: 51222413e5906cdaf160bb5c86fb827c, a7adbcd86c37f7dbc9b66945c82ef9e6, 是, 1, , 1, 1, admin, 2019-05-22 19:29:45, null, null
<==        Row: 1815002001, 1815002, 系统描述, 01, 系统级描述性文档, 1, 1, null, 2026-07-22 15:22:50, null, null
<==        Row: 2009149856358096897, 2009149820169641986, GJB6600, GJB6600, , 1, 1, admin, 2026-01-08 14:27:09, admin, 2026-07-16 10:02:57
<==        Row: 1815005001, 1815005, 可更新, 0, 允许更新修改, 1, 1, null, 2026-07-22 15:22:51, null, null
<==        Row: 1174511197735665665, 1174511106530525185, 公司, 1, 公司, 1, 1, admin, 2019-09-19 10:31:05, null, null
<==        Row: dm_ref_st_valid, dm_reference_status_001, 有效, 1, 引用关系有效, 1, 1, admin, 2026-07-23 09:13:13, null, null
<==        Row: 1242300814383435777, 1242298510024429569, 邮件提醒, 1, , 1, 1, admin, 2020-03-24 12:02:49, admin, 2020-03-30 18:21:26
<==        Row: c5700a71ad08994d18ad1dacc37a71a9, a7adbcd86c37f7dbc9b66945c82ef9e6, 否, 0, , 1, 1, admin, 2019-05-22 19:29:55, null, null
<==        Row: 1280401847607705602, 1280401766745718786, 冻结, 0, , 1, 1, admin, 2020-07-07 15:22:44, null, null
<==        Row: 7050c1522702bac3be40e3b7d2e1dfd8, c5a14c75172783d72cbee6ee7f5df5d1, 柱状图, bar, null, 1, 1, admin, 2019-04-12 17:05:17, null, null
<==        Row: dm_upd_0, dm_update_control_001, 无更新控制, 0, 无特殊更新控制, 1, 1, admin, 2026-07-23 09:12:06, null, null
<==        Row: 1232913424813486081, 1232913193820581889, 官方示例, demo, , 1, 1, admin, 2020-02-27 14:20:42, admin, 2020-02-27 14:21:37
<==        Row: 1356445754212290561, 1356445645198135298, 否, N, , 1, 1, admin, 2021-02-02 11:34:04, null, null
<==        Row: 1209733775114702850, 1209733563293962241, MySQL5.5, 1, , 1, 1, admin, 2019-12-25 15:13:02, null, null
<==        Row: 1815007001, 1815007, 草稿模式, draft, 草稿编辑阶段, 1, 1, null, 2026-07-22 15:22:51, null, null
<==        Row: f0162f4cc572c9273f3e26b2b4d8c082, ad7c65ba97c20a6805d5dcdf13cdaf36, booostrap, 1, null, 1, 1, admin, 2021-08-22 16:32:04, admin, 2019-03-22 16:33:57
<==        Row: 6c682d78ddf1715baf79a1d52d2aa8c2, 72cce0989df68887546746d8f09811aa, 单表, 1, null, 1, 1, admin, 2019-03-27 10:13:29, null, null
<==        Row: 1750000001901, 1750000000019, 正式发布, N, 正式发布版本, 1, 1, null, 2026-07-22 13:57:55, null, null
<==        Row: 1750000001101, 1750000000011, 草稿, draft, 草稿状态, 1, 1, null, 2026-07-22 13:57:03, null, null
<==        Row: 1199520817285701634, 1199520177767587841, 列表, 1, , 1, 1, admin, 2019-11-27 10:50:24, null, null
<==        Row: 1815011001, 1815011, XML文件, xml, XML格式文档, 1, 1, null, 2026-07-22 15:22:51, null, null
<==        Row: 6d4e26e78e1a09699182e08516c49fc4, 4d7fec1a7799a436d26d02325eff295e, 高, H, 高, 1, 1, admin, 2019-04-16 17:04:24, null, null
<==        Row: 1750000001401, 1750000000014, CN, CN, 中华人民共和国, 1, 1, null, 2026-07-22 13:57:22, admin, 2026-07-25 14:16:06
<==        Row: 1178295639554928641, 1178295274528845826, 可见(未授权不可见), 1, , 1, 1, admin, 2019-09-29 21:09:06, admin, 2019-09-29 21:09:24
<==        Row: 1199518214858481666, 1199518099888414722, 本周工作, 2, , 1, 1, admin, 2019-11-27 10:40:03, null, null
<==        Row: 1815003001, 1815003, 概述, 001, 概述性内容, 1, 1, null, 2026-07-22 15:22:50, null, null
<==        Row: 1815006001, 1815006, 全部适用, all, 适用于所有型号, 1, 1, null, 2026-07-22 15:22:51, null, null
<==        Row: 1174509082208395266, 1174511106530525185, 岗位, 3, 岗位, 1, 1, admin, 2019-09-19 10:31:16, , null
<==        Row: ba27737829c6e0e582e334832703d75e, 236e8a4baff0db8c62c00dd95632834f, 同步, 1, 同步, 1, 1, admin, 2019-05-15 15:28:15, null, null
<==        Row: 6937c5dde8f92e9a00d4e2ded9198694, ad7c65ba97c20a6805d5dcdf13cdaf36, easyui, 3, null, 1, 1, admin, 2019-03-22 16:32:15, null, null
<==        Row: dm_type_desc, dm_type_001, 描述性DM, descriptive, 描述静态信息（部件、系统介绍）, 1, 1, admin, 2026-07-23 09:12:06, null, null
<==        Row: 1250688201064992770, 1250687930947620866, 停止, -1, , 1, 1, admin, 2020-04-16 15:31:18, , null
<==        Row: b029a41a851465332ee4ee69dcf0a4c2, 0b5d19e1fce4b2e6647e6b4a17760c14, 系统消息, 2, null, 1, 1, admin, 2019-02-22 18:02:08, admin, 2019-04-22 18:02:13
<==        Row: dm_info_desc, dm_info_name_type_001, 描述, description, 描述性信息, 1, 1, admin, 2026-07-23 09:12:06, null, null
<==        Row: 66EF34864A884E9295B1B353DC1CA0D4, 7FAAEB0E8EBE406CBCC3A1FD68AE1F36, 非密, unclassified, Unclassified, 1, 1, admin, 2026-07-25 00:11:24, null, null
<==        Row: b5f3bd5f66bb9a83fecd89228c0d93d1, 68168534ff5065a152bfab275c2136f8, 无效, 0, 无效, 1, 1, admin, 2019-04-26 19:21:49, null, null
<==        Row: 1750000001501, 1750000000015, 安装, 00, 安装相关技术, 1, 1, null, 2026-07-22 13:57:28, null, null
<==        Row: 1174511244036587521, 1174511106530525185, 部门, 2, 部门, 1, 1, admin, 2019-09-19 10:31:16, null, null
<==        Row: 1815004001, 1815004, AVIC-中航工业, AVIC, 中国航空工业集团, 1, 1, null, 2026-07-22 15:22:50, null, null
<==        Row: 034021b8a8404472b13cec49608ceb5d, 52db14900acf4ef386ed34c0e2030afc, 无效, 0, , 1, 1, admin, 2026-04-27 22:25:13, admin, 2026-07-15 10:27:51
<==        Row: 2008794721943351298, 2008794656772255745, 公开, 1, , 1, 1, admin, 2026-01-07 14:55:58, admin, 2026-01-07 14:56:28
<==        Row: dm_ref_dm, dm_ref_type_001, DM引用, dmRef, 数据模块之间的引用, 1, 1, admin, 2026-07-23 09:22:32, null, null
<==        Row: 333e6b2196e01ef9a5f76d74e86a6e33, 8dfe32e2d29ea9430a988b3b558bf233, 未发布, 0, 未发布, 1, 1, admin, 2019-04-16 17:41:12, null, null
<==        Row: 1199518235943247874, 1199518099888414722, 下周计划, 3, , 1, 1, admin, 2019-11-27 10:40:08, null, null
<==        Row: dm_va_inwork, dm_version_action_type_001, In-Work（草稿）, inwork, 创建草稿版本, 1, 1, admin, 2026-07-23 09:21:51, null, null
<==        Row: 1815012001, 1815012, 起草, draft, 起草阶段, 1, 1, null, 2026-07-22 15:22:51, null, null
<==        Row: 1199525490575060993, 1199525215290306561, 进行中, 1, , 1, 1, admin, 2019-11-27 11:08:58, null, null
<==        Row: c53da022b9912e0aed691bbec3c78473, 880a895c98afeca9d9ac39f29e67c13e, 查询, 1, , 1, 1, admin, 2019-07-22 10:54:51, null, null
<==        Row: 1199517941339529217, 1199517671259906049, 紧急, 3, , 1, 1, admin, 2019-11-27 10:38:58, null, null
<==        Row: dm_wf_draft, dm_workflow_step_001, 起草, draft, 起草阶段, 1, 1, admin, 2026-07-23 09:13:06, null, null
<==        Row: dm_status_0, dm_status_001, 已删除, 0, DM已标记删除, 1, 1, admin, 2026-07-23 09:12:06, null, null
<==        Row: fcec03570f68a175e1964808dc3f1c91, 4c03fca6bf1f0299c381213961566349, Tab风格, tab, null, 1, 1, admin, 2019-04-12 17:43:31, null, null
<==        Row: dm_val_none, dm_validate_level_001, 不校验, 0, 跳过XML校验, 1, 1, admin, 2026-07-23 09:12:37, null, null
<==        Row: dm_tech_sys, dm_tech_name_type_001, 系统, system, 系统级技术名称, 1, 1, admin, 2026-07-23 09:12:06, null, null
<==        Row: 1750000001201, 1750000000012, 未提交, 0, 未提交工作流, 1, 1, null, 2026-07-22 13:57:09, null, null
<==        Row: dm_loc_A, dm_location_code_001, A, A, , 1, 1, admin, 2026-07-23 09:12:06, admin, 2026-07-25 14:14:27
<==        Row: 1815001001, 1815001, 未签出, 0, 数据模块未被签出，可被任何人签出, 1, 1, null, 2026-07-22 15:22:50, null, null
<==        Row: 1199520835035996161, 1199520177767587841, 链接, 2, , 1, 1, admin, 2019-11-27 10:50:28, null, null
<==        Row: dm_rpc_001, dm_rpc_type_001, AVIC（中航工业）, AVIC1, 中国航空工业集团, 1, 1, admin, 2026-07-23 09:12:06, null, null
<==        Row: e6329e3a66a003819e2eb830b0ca2ea0, 4e4602b3e3686f0911384e188dc7efb4, 小于, <, 小于, 2, 1, admin, 2019-04-01 16:44:15, admin, 2019-04-01 17:48:34
<==        Row: e94eb7af89f1dbfa0d823580a7a6e66a, 236e8a4baff0db8c62c00dd95632834f, 不同步, 0, 不同步, 2, 1, admin, 2019-05-15 15:28:28, null, null
<==        Row: 1232913493717512194, 1232913193820581889, 流程表单, bpm, , 2, 1, admin, 2020-02-27 14:20:58, admin, 2020-02-27 14:22:20
<==        Row: 1174509667297026049, 1174509082208395266, 助级, 2, , 2, 1, admin, 2019-09-19 10:25:01, admin, 2019-09-23 11:46:47
<==        Row: 1815010002, 1815010, 编辑, edit, 编辑DM属性, 2, 1, null, 2026-07-22 15:22:51, null, null
<==        Row: 71b924faa93805c5c1579f12e001c809, d6e1152968b02d69ff358c75b48a6ee1, OA办公, oa, null, 2, 1, admin, 2021-03-22 19:27:17, admin, 2019-03-22 23:24:36
<==        Row: f16c5706f3ae05c57a53850c64ce7c45, a9d9942bd0eccb6e89de92d130ec4c4a, 发送成功, 1, null, 2, 1, admin, 2019-04-12 18:19:43, null, null
<==        Row: 1815009002, 1815009, 完整复制, full, 复制全部内容+资源, 2, 1, null, 2026-07-22 15:22:51, null, null
<==        Row: 1750000001802, 1750000000018, 拆卸到1级, 1, 拆卸到1级, 2, 1, null, 2026-07-22 13:57:50, null, null
<==        Row: 84dfc178dd61b95a72900fcdd624c471, 78bda155fe380b1b3f175f1e88c284c6, 处理中, 2, 处理中, 2, 1, admin, 2019-05-09 16:33:01, null, null
<==        Row: 1815011002, 1815011, PDF文档, pdf, PDF格式文档, 2, 1, null, 2026-07-22 15:22:51, null, null
<==        Row: 1815007002, 1815007, 审核模式, review, 送审审核阶段, 2, 1, null, 2026-07-22 15:22:51, null, null
<==        Row: 1178295553450061826, 1178295274528845826, 可编辑(未授权禁用), 2, , 2, 1, admin, 2019-09-29 21:08:46, admin, 2019-09-29 21:09:18
<==        Row: 1815005002, 1815005, 锁定, 1, 已锁定禁止修改, 2, 1, null, 2026-07-22 15:22:51, null, null
<==        Row: 1750000001502, 1750000000015, 拆卸, 01, 拆卸相关技术, 2, 1, null, 2026-07-22 13:57:28, null, null
<==        Row: 1815004002, 1815004, COMAC-中国商飞, COMAC, 中国商用飞机有限公司, 2, 1, null, 2026-07-22 15:22:50, null, null
<==        Row: dm_ver_1, dm_version_type_001, 已发布版本, 1, Issue版本，已正式发布, 2, 1, admin, 2026-07-23 09:12:06, null, null
<==        Row: cbfcc5b88fc3a90975df23ffc8cbe29c, c5a14c75172783d72cbee6ee7f5df5d1, 曲线图, line, null, 2, 1, admin, 2019-05-12 17:05:30, admin, 2019-04-12 17:06:06
<==        Row: 1815003002, 1815003, 准备, 002, 准备工作内容, 2, 1, null, 2026-07-22 15:22:50, null, null
<==        Row: 58b73b344305c99b9d8db0fc056bbc0a, 72cce0989df68887546746d8f09811aa, 主表, 2, null, 2, 1, admin, 2019-03-27 10:13:36, null, null
<==        Row: 2008794750670139394, 2008794656772255745, 内部, 2, , 2, 1, admin, 2026-01-07 14:56:05, admin, 2026-01-07 14:56:25
<==        Row: 734C6F3E7AAB4BA8887C09F0527900D1, 7FAAEB0E8EBE406CBCC3A1FD68AE1F36, 机密, confidential, Confidential, 2, 1, admin, 2026-07-25 00:11:24, null, null
<==        Row: dm_wf_review, dm_workflow_step_001, 审核, review, 审核阶段, 2, 1, admin, 2026-07-23 09:13:06, null, null
<==        Row: dm_upd_1, dm_update_control_001, 更新控制, 1, 需要更新控制, 2, 1, admin, 2026-07-23 09:12:06, null, null
<==        Row: dm_rpc_002, dm_rpc_type_001, COMAC（商飞）, COMAC, 中国商用飞机有限责任公司, 2, 1, admin, 2026-07-23 09:12:06, null, null
<==        Row: 1815002002, 1815002, 操作程序, 02, 操作类程序文档, 2, 1, null, 2026-07-22 15:22:50, null, null
<==        Row: 1815001002, 1815001, 已签出, 1, 数据模块已被签出，锁定状态, 2, 1, null, 2026-07-22 15:22:50, null, null
<==        Row: 8ff48e657a7c5090d4f2a59b37d1b878, 4d7fec1a7799a436d26d02325eff295e, 中, M, 中, 2, 1, admin, 2019-04-16 17:04:40, null, null
<==        Row: 1815008002, 1815008, 标准校验, standard, 字段完整性校验, 2, 1, null, 2026-07-22 15:22:51, null, null
<==        Row: 8cdf08045056671efd10677b8456c999, 4274efc2292239b6f000b153f50823ff, 可编辑(未授权时禁用), 2, , 2, 1, admin, 2019-05-10 17:55:38, null, null
<==        Row: 948923658baa330319e59b2213cda97c, 880a895c98afeca9d9ac39f29e67c13e, 添加, 2, , 2, 1, admin, 2019-07-22 10:54:59, admin, 2019-07-22 10:55:36
<==        Row: 1750000001002, 1750000000010, 过程性DM, procedure, 过程性数据模块, 2, 1, null, 2026-07-22 13:58:22, admin, 2026-08-01 23:01:10
<==        Row: dm_info_oper, dm_info_name_type_001, 操作, operation, 操作性信息, 2, 1, admin, 2026-07-23 09:12:06, null, null
<==        Row: 1750000001902, 1750000000019, 临时发布, T, 临时发布版本, 2, 1, null, 2026-07-22 13:57:55, null, null
<==        Row: 308c8aadf0c37ecdde188b97ca9833f5, 8dfe32e2d29ea9430a988b3b558bf233, 已发布, 1, 已发布, 2, 1, admin, 2019-04-16 17:41:24, null, null
<==        Row: dm_ref_dml, dm_ref_type_001, DML引用, dmlRef, 数据模块列表引用, 2, 1, admin, 2026-07-23 09:22:32, null, null
<==        Row: 1334440962954936321, 1209733563293962241, MYSQL5.7+, 4, , 2, 1, admin, 2020-12-03 18:16:02, admin, 2021-07-15 13:44:29
<==        Row: 1750000001702, 1750000000017, B型, B, B型变体, 2, 1, null, 2026-07-22 13:57:45, null, null
<==        Row: 1543fe7e5e26fb97cdafe4981bedc0c8, 4c03fca6bf1f0299c381213961566349, 单排布局, single, null, 2, 1, admin, 2022-07-12 17:43:39, admin, 2019-04-12 17:43:57
<==        Row: 6a7a9e1403a7943aba69e54ebeff9762, 4f69be5f507accea8d5df5f11346181a, 富文本, 2, , 2, 1, admin, 2031-02-28 10:50:44, admin, 2022-07-04 16:29:30
<==        Row: 1750000001602, 1750000000016, 操作, 01, 操作信息, 2, 1, null, 2026-07-22 13:57:38, null, null
<==        Row: 2009158867908321281, 2009158440265474049, 航空, 1, , 2, 1, admin, 2026-01-08 15:02:57, admin, 2026-01-09 14:52:00
<==        Row: 1030a2652608f5eac3b49d70458b8532, 2e02df51611a4b9632828ab7e5338f00, 禁用, 2, 禁用, 2, 1, admin, 2021-03-26 18:27:28, admin, 2019-04-26 18:39:11
<==        Row: dm_pub_official, dm_publish_mode_001, 正式发布, official, 正式发布, 2, 1, admin, 2026-07-23 09:19:47, null, null
<==        Row: 1750000001202, 1750000000012, 流转中, 1, 流程流转中, 2, 1, null, 2026-07-22 13:57:09, null, null
<==        Row: dm_ft_pdf, dm_file_type_001, PDF文件, pdf, PDF格式DM, 2, 1, admin, 2026-07-23 09:13:02, null, null
<==        Row: 2080832479622590466, language_iso_code, English, en, null, 2, 1, admin, 2026-07-25 09:48:18, null, null
<==        Row: 1750000001402, 1750000000014, US, US, United States, 2, 1, null, 2026-07-22 13:57:22, admin, 2026-07-25 14:16:12
<==        Row: 1750000001302, 1750000000013, en, en, English, 2, 1, null, 2026-07-22 13:57:16, admin, 2026-08-07 20:13:41
<==        Row: dm_va_issue, dm_version_action_type_001, Issue（发布）, issue, 创建发布版本, 2, 1, admin, 2026-07-23 09:21:51, null, null
<==        Row: dm_copy_ver, dm_copy_type_001, 创建版本链, 1, 创建版本关联的新DM, 2, 1, admin, 2026-07-23 09:21:33, null, null
<==        Row: dm_ref_st_invalid, dm_reference_status_001, 无效, 0, 引用关系已失效, 2, 1, admin, 2026-07-23 09:13:13, null, null
<==        Row: 1815013002, 1815013, 断链, broken, 引用断链, 2, 1, null, 2026-07-22 15:22:52, null, null
<==        Row: 2009150391974912001, 2009149820169641986, S1000D3.0, S1000D3.0, , 2, 1, admin, 2026-01-08 14:29:16, admin, 2026-07-16 09:58:02
<==        Row: 1242300779390357505, 1242298510024429569, 短信提醒, 2, , 2, 1, admin, 2020-03-24 12:02:41, admin, 2020-03-30 18:21:33
<==        Row: 1750000001102, 1750000000011, 编辑中, editing, 正在编辑, 2, 1, null, 2026-07-22 13:57:03, null, null
<==        Row: dm_val_basic, dm_validate_level_001, 基础校验, 1, 基础XML格式校验, 2, 1, admin, 2026-07-23 09:12:37, null, null
<==        Row: cfe88c07c69443b99e6a1da0d915b36f, 52db14900acf4ef386ed34c0e2030afc, 有效, 1, , 2, 1, admin, 2026-04-27 22:25:13, admin, 2026-07-15 10:28:01
<==        Row: 5d84a8634c8fdfe96275385075b105c9, 3d9a351be3436fbefb1307d4cfb49bf2, 女, 2, null, 2, 1, null, 2019-01-04 14:56:56, null, 2019-01-04 17:38:12
<==        Row: dm_loc_B, dm_location_code_001, B, B, , 2, 1, admin, 2026-07-23 09:12:06, admin, 2026-07-25 14:14:31
<==        Row: dm_tech_assy, dm_tech_name_type_001, 组件, assembly, 组件级技术名称, 2, 1, admin, 2026-07-23 09:12:06, null, null
<==        Row: 1815006002, 1815006, 部分适用, partial, 适用于部分型号, 2, 1, null, 2026-07-22 15:22:51, null, null
<==        Row: dm_co_out, dm_checkout_status_001, 签出, 1, DM已被签出，正在编辑中, 2, 1, admin, 2026-07-23 09:12:06, null, null
<==        Row: dm_status_1, dm_status_001, 正常, 1, DM正常状态, 2, 1, admin, 2026-07-23 09:12:06, null, null
<==        Row: 2d51376643f220afdeb6d216a8ac2c01, 68168534ff5065a152bfab275c2136f8, 有效, 1, 有效, 2, 1, admin, 2019-04-26 19:22:01, null, null
<==        Row: dm_type_proc, dm_type_001, 过程性DM, procedural, 描述操作过程（维护、检查程序）, 2, 1, admin, 2026-07-23 09:12:06, null, null
<==        Row: 1815012002, 1815012, 审核, review, 审核阶段, 2, 1, null, 2026-07-22 15:22:51, null, null
<==        Row: 2009150431040659458, 2009149820169641986, S1000D4.0, S1000D4.0, , 3, 1, admin, 2026-01-08 14:29:26, admin, 2026-07-16 09:58:07
<==        Row: 23a5bb76004ed0e39414e928c4cde155, 4e4602b3e3686f0911384e188dc7efb4, 不等于, !=, 不等于, 3, 1, admin, 2019-04-01 16:46:15, admin, 2019-04-01 17:48:40
<==        Row: dm_loc_C, dm_location_code_001, C, C, , 3, 1, admin, 2026-07-23 09:12:06, admin, 2026-07-25 14:14:39
<==        Row: 1815013003, 1815013, 过期, outdated, 引用过期, 3, 1, null, 2026-07-22 15:22:52, null, null
<==        Row: dm_rpc_003, dm_rpc_type_001, Boeing, BOE01, 波音公司, 3, 1, admin, 2026-07-23 09:12:06, null, null
<==        Row: 1815012003, 1815012, 批准, approve, 批准阶段, 3, 1, null, 2026-07-22 15:22:51, null, null
<==        Row: 0ca4beba9efc4f9dd54af0911a946d5c, 72cce0989df68887546746d8f09811aa, 附表, 3, null, 3, 1, admin, 2019-03-27 10:13:43, null, null
<==        Row: 1815011003, 1815011, 图片, image, 图片文件（jpg/png/gif等）, 3, 1, null, 2026-07-22 15:22:51, null, null
<==        Row: f753aff60ff3931c0ecb4812d8b5e643, 4c03fca6bf1f0299c381213961566349, 双排布局, double, null, 3, 1, admin, 2019-04-12 17:43:51, null, null
<==        Row: 1815010003, 1815010, 签入, checkin, 签入新版本, 3, 1, null, 2026-07-22 15:22:51, null, null
<==        Row: 1815009003, 1815009, 新版本, newVersion, 创建新版本副本, 3, 1, null, 2026-07-22 15:22:51, null, null
<==        Row: 1750000001103, 1750000000011, 审核中, reviewing, 正在审核, 3, 1, null, 2026-07-22 13:57:03, null, null
<==        Row: 1209733839933476865, 1209733563293962241, Oracle, 2, , 3, 1, admin, 2019-12-25 15:13:18, admin, 2021-07-15 13:44:08
<==        Row: 1815008003, 1815008, 严格校验, strict, XML Schema校验, 3, 1, null, 2026-07-22 15:22:51, null, null
<==        Row: 1815007003, 1815007, 正式发布, official, 正式发布版本, 3, 1, null, 2026-07-22 15:22:51, null, null
<==        Row: 1815006003, 1815006, 特定条件, specific, 特定条件下适用, 3, 1, null, 2026-07-22 15:22:51, null, null
<==        Row: 1815005003, 1815005, 待审核, 2, 等待审核中, 3, 1, null, 2026-07-22 15:22:51, null, null
<==        Row: 0072d115e07c875d76c9b022e2179128, 4d7fec1a7799a436d26d02325eff295e, 低, L, 低, 3, 1, admin, 2019-04-16 17:04:59, null, null
<==        Row: 1750000001503, 1750000000015, 检查, 02, 检查相关技术, 3, 1, null, 2026-07-22 13:57:28, null, null
<==        Row: 1815004003, 1815004, CASC-中国航天, CASC, 中国航天科技集团, 3, 1, null, 2026-07-22 15:22:50, null, null
<==        Row: 1815003003, 1815003, 程序, 003, 具体程序步骤, 3, 1, null, 2026-07-22 15:22:50, null, null
<==        Row: a2be752dd4ec980afaec1efd1fb589af, 8dfe32e2d29ea9430a988b3b558bf233, 已撤销, 2, 已撤销, 3, 1, admin, 2019-04-16 17:41:39, null, null
<==        Row: 1815002003, 1815002, 维护程序, 03, 维护类程序文档, 3, 1, null, 2026-07-22 15:22:50, null, null
<==        Row: 1750000001003, 1750000000010, 故障性DM, faultIsolation, 故障性数据模块, 3, 1, null, 2026-07-22 13:58:22, admin, 2026-08-01 23:01:30
<==        Row: 1750000001903, 1750000000019, 紧急发布, E, 紧急发布版本, 3, 1, null, 2026-07-22 13:57:55, null, null
<==        Row: 848d4da35ebd93782029c57b103e5b36, c5a14c75172783d72cbee6ee7f5df5d1, 饼图, pie, null, 3, 1, admin, 2019-04-12 17:05:49, null, null
<==        Row: 1750000001803, 1750000000018, 拆卸到2级, 2, 拆卸到2级, 3, 1, null, 2026-07-22 13:57:50, null, null
<==        Row: 1750000001703, 1750000000017, C型, C, C型变体, 3, 1, null, 2026-07-22 13:57:45, null, null
<==        Row: 1305827309355302914, bd1b8bc28e65d6feefefb6f3c79f42fd, API, api, , 3, 1, admin, 2020-09-15 19:14:26, admin, 2020-09-15 19:14:41
<==        Row: 1750000001603, 1750000000016, 规范, 02, 规范信息, 3, 1, null, 2026-07-22 13:57:38, null, null
<==        Row: 5d833f69296f691843ccdd0c91212b6b, 880a895c98afeca9d9ac39f29e67c13e, 修改, 3, , 3, 1, admin, 2019-07-22 10:55:07, admin, 2019-07-22 10:55:41
<==        Row: 2008794914789060609, 2008794656772255745, 秘密, 3, , 3, 1, admin, 2026-01-07 14:56:44, null, null
<==        Row: 3736FD3883374BB69E5DABE51B5002EC, 7FAAEB0E8EBE406CBCC3A1FD68AE1F36, 秘密, secret, Secret, 3, 1, admin, 2026-07-25 00:11:24, null, null
<==        Row: dm_ref_pm, dm_ref_type_001, PM引用, pmRef, 出版模块引用, 3, 1, admin, 2026-07-23 09:22:32, null, null
<==        Row: dm_pub_temp, dm_publish_mode_001, 临时发布, temporary, 临时发布（测试用）, 3, 1, admin, 2026-07-23 09:19:47, null, null
<==        Row: 1750000001203, 1750000000012, 已通过, 2, 审批通过, 3, 1, null, 2026-07-22 13:57:09, null, null
<==        Row: dm_ref_st_pending, dm_reference_status_001, 待确认, 2, 引用关系待确认, 3, 1, admin, 2026-07-23 09:13:13, null, null
<==        Row: 50223341bfb5ba30bf6319789d8d17fe, d6e1152968b02d69ff358c75b48a6ee1, 业务办理, business, null, 3, 1, admin, 2023-04-22 19:28:05, admin, 2019-03-22 23:24:39
<==        Row: dm_ft_img, dm_file_type_001, 图片文件, image, 图片资源（PNG/JPG/SVG）, 3, 1, admin, 2026-07-23 09:13:02, null, null
<==        Row: dm_val_std, dm_validate_level_001, 标准校验, 2, 严格按S1000D标准校验, 3, 1, admin, 2026-07-23 09:12:37, null, null
<==        Row: 3fbc03d6c994ae06d083751248037c0e, 78bda155fe380b1b3f175f1e88c284c6, 已完成, 3, 已完成, 3, 1, admin, 2019-05-09 16:33:25, null, null
<==        Row: dm_info_maint, dm_info_name_type_001, 维护, maintenance, 维护性信息, 3, 1, admin, 2026-07-23 09:12:06, null, null
<==        Row: 33bc9d9f753cf7dc40e70461e50fdc54, a9d9942bd0eccb6e89de92d130ec4c4a, 发送失败, 2, null, 3, 1, admin, 2019-04-12 18:20:02, null, null
<==        Row: dm_tech_part, dm_tech_name_type_001, 零件, part, 零件级技术名称, 3, 1, admin, 2026-07-23 09:12:06, null, null
<==        Row: 1174509713568587777, 1174509082208395266, 中级, 3, , 3, 1, admin, 2019-09-19 10:25:12, admin, 2019-09-23 11:46:56
<==        Row: dm_wf_approve, dm_workflow_step_001, 批准, approve, 批准阶段, 3, 1, admin, 2026-07-23 09:13:06, null, null
<==        Row: dm_status_2, dm_status_001, 草稿, 2, DM草稿状态, 3, 1, admin, 2026-07-23 09:12:06, null, null
<==        Row: 2009158905313124354, 2009158440265474049, 舰船, 2, , 3, 1, admin, 2026-01-08 15:03:06, admin, 2026-01-09 14:52:03
<==        Row: dm_type_fault, dm_type_001, 故障性DM, fault, 故障隔离与排除程序, 3, 1, admin, 2026-07-23 09:12:06, null, null
<==        Row: 2009150500481556482, 2009149820169641986, S1000D4.2, S1000D4.2, , 4, 1, admin, 2026-01-08 14:29:42, admin, 2026-07-16 09:58:18
<==        Row: 2009150469556953089, 2009149820169641986, S1000D4.1, S1000D4.1, , 4, 1, admin, 2026-01-08 14:29:35, admin, 2026-07-16 09:58:13
<==        Row: 1232913605382467585, 1232913193820581889, 测试表单, temp, , 4, 1, admin, 2020-02-27 14:21:25, admin, 2020-02-27 14:22:16
<==        Row: dm_loc_D, dm_location_code_001, D, D, , 4, 1, admin, 2026-07-23 09:12:06, admin, 2026-07-25 14:14:43
<==        Row: dm_rpc_004, dm_rpc_type_001, Airbus, AIR01, 空客公司, 4, 1, admin, 2026-07-23 09:12:06, null, null
<==        Row: 2008794996636708866, 2008794656772255745, 机密, 4, , 4, 1, admin, 2026-01-07 14:57:03, null, null
<==        Row: 1815012004, 1815012, 发布, publish, 发布阶段, 4, 1, null, 2026-07-22 15:22:51, null, null
<==        Row: 1db531bcff19649fa82a644c8a939dc4, 4c03fca6bf1f0299c381213961566349, 组合布局, combination, , 4, 1, admin, 2019-05-11 16:07:08, null, null
<==        Row: fe50b23ae5e68434def76f67cef35d2d, 78bda155fe380b1b3f175f1e88c284c6, 已作废, 4, 已作废, 4, 1, admin, 2021-09-09 16:33:43, admin, 2019-05-09 16:34:40
<==        Row: 1815011004, 1815011, 视频, video, 视频文件（mp4/avi等）, 4, 1, null, 2026-07-22 15:22:51, null, null
<==        Row: f80a8f6838215753b05e1a5ba3346d22, 880a895c98afeca9d9ac39f29e67c13e, 删除, 4, , 4, 1, admin, 2019-07-22 10:55:14, admin, 2019-07-22 10:55:30
<==        Row: 1815010004, 1815010, 发布, publish, 发布DM, 4, 1, null, 2026-07-22 15:22:51, null, null
<==        Row: 1209733903020003330, 1209733563293962241, SQLServer, 3, , 4, 1, admin, 2019-12-25 15:13:33, admin, 2021-07-15 13:44:11
<==        Row: 1815008004, 1815008, 完整校验, full, 业务逻辑+引用完整性校验, 4, 1, null, 2026-07-22 15:22:51, null, null
<==        Row: d217592908ea3e00ff986ce97f24fb98, c5a14c75172783d72cbee6ee7f5df5d1, 数据列表, table, null, 4, 1, admin, 2019-04-12 17:05:56, null, null
<==        Row: 1815004004, 1815004, OEM-原厂商, OEM, 原始设备制造商, 4, 1, null, 2026-07-22 15:22:50, null, null
<==        Row: 1815003004, 1815003, 清单, 004, 清单类内容, 4, 1, null, 2026-07-22 15:22:50, null, null
<==        Row: 1815002004, 1815002, 故障隔离, 04, 故障诊断与隔离, 4, 1, null, 2026-07-22 15:22:50, null, null
<==        Row: 1750000001004, 1750000000010, 乘员DM, crew, 乘员数据模块, 4, 1, null, 2026-07-22 13:58:22, null, null
<==        Row: 1750000001804, 1750000000018, 拆卸到3级, 3, 拆卸到3级, 4, 1, null, 2026-07-22 13:57:50, null, null
<==        Row: 1750000001704, 1750000000017, D型, D, D型变体, 4, 1, null, 2026-07-22 13:57:45, null, null
<==        Row: dm_wf_publish, dm_workflow_step_001, 发布, publish, 发布阶段, 4, 1, admin, 2026-07-23 09:13:06, null, null
<==        Row: 1750000001604, 1750000000016, 图示, 03, 图示信息, 4, 1, null, 2026-07-22 13:57:38, null, null
<==        Row: 1750000001504, 1750000000015, 测试, 03, 测试相关技术, 4, 1, null, 2026-07-22 13:57:28, null, null
<==        Row: 489FB57746744E3FB93E3E90D581B4A3, 7FAAEB0E8EBE406CBCC3A1FD68AE1F36, 绝密, top_secret, Top Secret, 4, 1, admin, 2026-07-25 00:11:24, null, null
<==        Row: 1242300887343353857, 1242298510024429569, 系统消息, 4, , 4, 1, admin, 2020-03-24 12:03:07, admin, 2020-03-30 18:21:43
<==        Row: 1750000001204, 1750000000012, 已拒绝, 3, 审批拒绝, 4, 1, null, 2026-07-22 13:57:09, null, null
<==        Row: 1174509788361416705, 1174509082208395266, 副高级, 4, , 4, 1, admin, 2019-09-19 10:25:30, admin, 2019-09-23 11:47:06
<==        Row: 41fa1e9571505d643aea87aeb83d4d76, 4e4602b3e3686f0911384e188dc7efb4, 等于, =, 等于, 4, 1, admin, 2019-04-01 16:45:24, admin, 2019-04-01 17:49:00
<==        Row: 1750000001104, 1750000000011, 已发布, published, 已发布状态, 4, 1, null, 2026-07-22 13:57:03, null, null
<==        Row: dm_ft_zip, dm_file_type_001, ZIP压缩包, zip, ZIP格式资源包, 4, 1, admin, 2026-07-23 09:13:02, null, null
<==        Row: dm_val_full, dm_validate_level_001, 完整校验, 3, 完整校验（包括业务规则）, 4, 1, admin, 2026-07-23 09:12:37, null, null
<==        Row: dm_status_3, dm_status_001, 审核中, 3, DM正在审核, 4, 1, admin, 2026-07-23 09:12:06, null, null
<==        Row: 2009158953551814657, 2009158440265474049, 战术导弹, 3, , 4, 1, admin, 2026-01-08 15:03:18, admin, 2026-01-09 14:52:08
<==        Row: dm_type_front, dm_type_001, 前事性DM, frontmatter, 封面、前言、目录等, 4, 1, admin, 2026-07-23 09:12:06, null, null
<==        Row: dm_loc_T, dm_location_code_001, T, T, , 5, 1, admin, 2026-07-23 09:12:06, admin, 2026-07-25 14:14:49
<==        Row: 2008795045311606785, 2008794656772255745, 绝密, 5, , 5, 1, admin, 2026-01-07 14:57:15, null, null
<==        Row: 1815011005, 1815011, 音频, audio, 音频文件（mp3/wav等）, 5, 1, null, 2026-07-22 15:22:51, null, null
<==        Row: 1815010005, 1815010, 回滚, rollback, 版本回滚, 5, 1, null, 2026-07-22 15:22:51, null, null
<==        Row: 1815004005, 1815004, SUB-分包商, SUB, 分包供应商, 5, 1, null, 2026-07-22 15:22:50, null, null
<==        Row: bcec04526b04307e24a005d6dcd27fd6, 880a895c98afeca9d9ac39f29e67c13e, 导入, 5, , 5, 1, admin, 2019-07-22 12:06:41, null, null
<==        Row: 1815003005, 1815003, 图例, 005, 图例说明, 5, 1, null, 2026-07-22 15:22:50, null, null
<==        Row: 1815002005, 1815002, 拆装程序, 05, 拆卸与安装程序, 5, 1, null, 2026-07-22 15:22:50, null, null
<==        Row: 1414837074500976641, 1209733563293962241, postgresql, 6, , 5, 1, admin, 2021-07-13 14:40:20, admin, 2021-07-15 13:44:15
<==        Row: 1750000001005, 1750000000010, 规划性DM, maintPlanning, 规划性数据模块, 5, 1, null, 2026-07-22 13:58:22, null, null
<==        Row: 84778d7e928bc843ad4756db1322301f, 4e4602b3e3686f0911384e188dc7efb4, 大于等于, >=, 大于等于, 5, 1, admin, 2019-04-01 10:46:02, admin, 2019-04-01 17:49:05
<==        Row: 1750000001805, 1750000000018, 拆卸到4级, 4, 拆卸到4级, 5, 1, null, 2026-07-22 13:57:50, null, null
<==        Row: 1750000001705, 1750000000017, E型, E, E型变体, 5, 1, null, 2026-07-22 13:57:45, null, null
<==        Row: 1750000001605, 1750000000016, 数据, 04, 数据信息, 5, 1, null, 2026-07-22 13:57:38, null, null
<==        Row: 1174509835803189250, 1174509082208395266, 正高级, 5, , 5, 1, admin, 2019-09-19 10:25:41, admin, 2019-09-23 11:47:12
<==        Row: 1750000001505, 1750000000015, 维修, 04, 维修相关技术, 5, 1, null, 2026-07-22 13:57:28, null, null
<==        Row: 1750000001105, 1750000000011, 已归档, archived, 已归档状态, 5, 1, null, 2026-07-22 13:57:03, null, null
<==        Row: 2076625175196975105, 2009149820169641986, S1000D4.3, S1000D4.3, , 5, 1, admin, 2026-07-13 19:09:58, admin, 2026-07-16 09:58:24
<==        Row: 2009158995578740738, 2009158440265474049, 地面车辆, 4, , 5, 1, admin, 2026-01-08 15:03:28, admin, 2026-01-09 14:52:11
<==        Row: dm_status_4, dm_status_001, 已发布, 4, DM已正式发布, 5, 1, admin, 2026-07-23 09:12:06, null, null
<==        Row: 1232914232372195330, 1232913193820581889, 导入表单, bdfl_include, , 5, 1, admin, 2020-02-27 14:23:54, null, null
<==        Row: 25847e9cb661a7c711f9998452dc09e6, 4e4602b3e3686f0911384e188dc7efb4, 小于等于, <=, 小于等于, 6, 1, admin, 2019-04-01 16:44:34, admin, 2019-04-01 17:49:10
<==        Row: 1815011006, 1815011, 压缩包, zip, ZIP/RAR压缩包, 6, 1, null, 2026-07-22 15:22:51, null, null
<==        Row: 1815003006, 1815003, 备注, 006, 备注信息, 6, 1, null, 2026-07-22 15:22:50, null, null
<==        Row: a1e7d1ca507cff4a480c8caba7c1339e, 880a895c98afeca9d9ac39f29e67c13e, 导出, 6, , 6, 1, admin, 2019-07-22 12:06:50, null, null
<==        Row: 1815002006, 1815002, 测试程序, 06, 测试与检验程序, 6, 1, null, 2026-07-22 15:22:50, null, null
<==        Row: 1415547541091504129, 1209733563293962241, marialDB, 5, , 6, 1, admin, 2021-07-15 13:43:28, admin, 2021-07-15 13:44:23
<==        Row: 1750000001006, 1750000000010, 工艺性DM, process, 工艺性数据模块, 6, 1, null, 2026-07-22 13:58:22, null, null
<==        Row: 1750000001606, 1750000000016, 工具, 05, 工具信息, 6, 1, null, 2026-07-22 13:57:38, null, null
<==        Row: 1750000001506, 1750000000015, 调整, 05, 调整相关技术, 6, 1, null, 2026-07-22 13:57:28, null, null
<==        Row: 2009159040323575809, 2009158440265474049, 军械, 5, , 6, 1, admin, 2026-01-08 15:03:38, admin, 2026-01-09 14:52:15
<==        Row: dm_status_5, dm_status_001, 已归档, 5, DM已归档, 6, 1, admin, 2026-07-23 09:12:06, null, null
<==        Row: 1815011007, 1815011, 其他, other, 其他类型文件, 7, 1, null, 2026-07-22 15:22:51, null, null
<==        Row: 1815003007, 1815003, 参考, 007, 参考资料, 7, 1, null, 2026-07-22 15:22:50, null, null
<==        Row: 1815002007, 1815002, 检查程序, 07, 检查类程序文档, 7, 1, null, 2026-07-22 15:22:50, null, null
<==        Row: 1418049969003089922, 1209733563293962241, 达梦, 7, , 7, 1, admin, 2021-07-22 11:27:13, admin, 2021-07-22 11:27:30
<==        Row: 6d404fd2d82311fbc87722cd302a28bc, 4e4602b3e3686f0911384e188dc7efb4, 模糊, LIKE, 模糊, 7, 1, admin, 2019-04-01 16:46:02, admin, 2019-04-01 17:49:20
<==        Row: 1750000001607, 1750000000016, 耗材, 06, 耗材信息, 7, 1, null, 2026-07-22 13:57:38, null, null
<==        Row: 1750000001507, 1750000000015, 润滑, 06, 润滑相关技术, 7, 1, null, 2026-07-22 13:57:28, null, null
<==        Row: 1750000001007, 1750000000010, 故障报告DM, faultReporting, 故障报告数据模块, 7, 1, null, 2026-08-05 18:03:27, null, null
<==        Row: C666D8CA975441DDA5055935B1D12A38, 1750000000010, 前言类, frontmatter, Front Matter, 7, 1, admin, 2026-07-25 00:11:43, null, null
<==        Row: 1234371809495760898, 4e4602b3e3686f0911384e188dc7efb4, 右模糊, RIGHT_LIKE, 右模糊, 7, 1, admin, 2020-03-02 14:55:47, null, null
<==        Row: 2009159092395859970, 2009158440265474049, 保障与训练, 6, , 7, 1, admin, 2026-01-08 15:03:51, admin, 2026-01-09 14:52:21
<==        Row: 1234371726545010689, 4e4602b3e3686f0911384e188dc7efb4, 左模糊, LEFT_LIKE, 左模糊, 7, 1, admin, 2020-03-02 14:55:27, null, null
<==        Row: 1815003008, 1815003, 附录, 008, 附录内容, 8, 1, null, 2026-07-22 15:22:50, null, null
<==        Row: adcf2a1fe93bb99a84833043f475fe0b, 4e4602b3e3686f0911384e188dc7efb4, 包含, IN, 包含, 8, 1, admin, 2019-04-01 16:45:47, admin, 2019-04-01 17:49:24
<==        Row: 1815002008, 1815002, 修理程序, 08, 修理类程序文档, 8, 1, null, 2026-07-22 15:22:50, null, null
<==        Row: 1418050017053036545, 1209733563293962241, 人大金仓, 8, , 8, 1, admin, 2021-07-22 11:27:25, null, null
<==        Row: 1750000001608, 1750000000016, 附件, 07, 附件信息, 8, 1, null, 2026-07-22 13:57:38, null, null
<==        Row: 1750000001508, 1750000000015, 清洁, 07, 清洁相关技术, 8, 1, null, 2026-07-22 13:57:28, null, null
<==        Row: 1750000001008, 1750000000010, 图解零件目录DM, illustratedPartsCatalog, 图解零件目录数据模块, 8, 1, null, 2026-08-05 18:03:31, null, null
<==        Row: 2009159141330804738, 2009158440265474049, 通信, 7, , 8, 1, admin, 2026-01-08 15:04:02, admin, 2026-01-09 14:52:26
<==        Row: 1418050075555188737, 1209733563293962241, 神通, 9, , 9, 1, admin, 2021-07-22 11:27:39, null, null
<==        Row: 5584c21993bde231bbde2b966f2633ac, 4e4602b3e3686f0911384e188dc7efb4, 自定义SQL表达式, USE_SQL_RULES, 自定义SQL表达式, 9, 1, admin, 2019-04-01 10:45:24, admin, 2019-04-01 17:49:27
<==        Row: 1418050110669901826, 1209733563293962241, SQLite, 10, , 10, 1, admin, 2021-07-22 11:27:47, null, null
<==        Row: 1418050149475602434, 1209733563293962241, DB2, 11, , 11, 1, admin, 2021-07-22 11:27:56, null, null
<==        Row: 1418050209823248385, 1209733563293962241, Hsqldb, 12, , 12, 1, admin, 2021-07-22 11:28:11, admin, 2021-07-22 11:28:27
<==        Row: 1418050323111399425, 1209733563293962241, Derby, 13, , 13, 1, admin, 2021-07-22 11:28:38, null, null
<==        Row: 1418117316707590146, 1209733563293962241, H2, 14, , 14, 1, admin, 2021-07-22 15:54:50, null, null
<==        Row: 1418491604048449537, 1209733563293962241, 其他数据库, 15, , 15, 1, admin, 2021-07-23 16:42:07, null, null
<==      Total: 324
Closing non transactional SqlSession [org.apache.ibatis.session.defaults.DefaultSqlSession@7d01b9c3]
Creating a new SqlSession
SqlSession [org.apache.ibatis.session.defaults.DefaultSqlSession@2af32870] was not registered for synchronization because synchronization is not active
JDBC Connection [dm.jdbc.driver.DmdbConnection@2d3edb0b] will not be managed by Spring
==>  Preparing: insert into sys_log (id, log_type, log_content, method, operate_type, request_url, request_type, request_param, ip, userid, username, cost_time, create_time,create_by) values( ?, ?, ?, ?, ?, ?, ?, ?, ?, ?, ?, ?, ?, ? )
==> Parameters: 2085973666125815809(String), 1(Integer), 用户名: admin,登录成功！(String), null, null, null, null, null, 0:0:0:0:0:0:0:1(String), admin(String), 管理员(String), null, 2026-08-08 14:17:32.178(Timestamp), null
<==    Updates: 1
Closing non transactional SqlSession [org.apache.ibatis.session.defaults.DefaultSqlSession@2af32870]
Creating a new SqlSession
SqlSession [org.apache.ibatis.session.defaults.DefaultSqlSession@302a847d] was not registered for synchronization because synchronization is not active
original SQL: select * from  sys_user  where username = ? and del_flag = 0
SQL to parse, SQL: select * from  sys_user  where username = ? and del_flag = 0
parse the finished SQL: SELECT * FROM sys_user WHERE username = ? AND del_flag = 0
JDBC Connection [dm.jdbc.driver.DmdbConnection@2d3edb0b] will not be managed by Spring
==>  Preparing: SELECT * FROM sys_user WHERE username = ? AND del_flag = 0
==> Parameters: admin(String)
<==    Columns: ID, USERNAME, REALNAME, PASSWORD, SALT, AVATAR, BIRTHDAY, SEX, EMAIL, PHONE, ORG_CODE, STATUS, DEL_FLAG, THIRD_ID, THIRD_TYPE, ACTIVITI_SYNC, WORK_NO, POST, TELEPHONE, CREATE_BY, CREATE_TIME, UPDATE_BY, UPDATE_TIME, USER_IDENTITY, DEPART_IDS, REL_TENANT_IDS, CLIENT_ID
<==        Row: e9ca23d68d884d4ebb19d07889727dae, admin, 管理员, cb362cfeefbf3d8d, RCGTeGiH, https://static.jeecg.com/temp/国炬软件logo_1606575029126.png, 2018-12-05 00:00:00, 1, jeecg@163.com, 18611111111, A01, 1, 0, null, null, 1, 00001, 总经理, null, null, 2019-06-21 00:00:00, admin, 2022-10-17 00:00:00, 2, <<BLOB>>, null, null
<==      Total: 1
Closing non transactional SqlSession [org.apache.ibatis.session.defaults.DefaultSqlSession@302a847d]
2026-08-08 14:17:37.365 [http-nio-9999-exec-5] [34mINFO [0;39m [36mo.j.c.desensitization.aspect.SensitiveDataAspect:76[0;39m - 加密操作，Aspect程序耗时：12ms
Creating a new SqlSession
SqlSession [org.apache.ibatis.session.defaults.DefaultSqlSession@3ff949b9] was not registered for synchronization because synchronization is not active
original SQL: SELECT * FROM (
			   SELECT p.*
			   FROM  sys_permission p
			   WHERE (exists(
						select a.id from sys_role_permission a
						join sys_role b on a.role_id = b.id
						join sys_user_role c on c.role_id = b.id
						join sys_user d on d.id = c.user_id
						where p.id = a.permission_id AND d.username = ?
					)
					or (p.url like '%:code' and p.url like '/online%' and p.hidden = 1)
					or (p.url like '%:id' and p.url like '/online%' and p.hidden = 1)
					or p.url = '/online')
			   and p.del_flag = 0
			
			   UNION
			   SELECT p.*
			   FROM  sys_permission p
			   WHERE exists(
					select a.id from sys_depart_role_permission a
					join sys_depart_role b on a.role_id = b.id
					join sys_depart_role_user c on c.drole_id = b.id
					join sys_user d on d.id = c.user_id
					where p.id = a.permission_id AND d.username = ?
			   )
			   and p.del_flag = 0
			
		   ) h order by h.sort_no ASC
SQL to parse, SQL: SELECT * FROM (
			   SELECT p.*
			   FROM  sys_permission p
			   WHERE (exists(
						select a.id from sys_role_permission a
						join sys_role b on a.role_id = b.id
						join sys_user_role c on c.role_id = b.id
						join sys_user d on d.id = c.user_id
						where p.id = a.permission_id AND d.username = ?
					)
					or (p.url like '%:code' and p.url like '/online%' and p.hidden = 1)
					or (p.url like '%:id' and p.url like '/online%' and p.hidden = 1)
					or p.url = '/online')
			   and p.del_flag = 0
			
			   UNION
			   SELECT p.*
			   FROM  sys_permission p
			   WHERE exists(
					select a.id from sys_depart_role_permission a
					join sys_depart_role b on a.role_id = b.id
					join sys_depart_role_user c on c.drole_id = b.id
					join sys_user d on d.id = c.user_id
					where p.id = a.permission_id AND d.username = ?
			   )
			   and p.del_flag = 0
			
		   ) h order by h.sort_no ASC
parse the finished SQL: SELECT * FROM (SELECT p.* FROM sys_permission p WHERE (EXISTS (SELECT a.id FROM sys_role_permission a JOIN sys_role b ON a.role_id = b.id JOIN sys_user_role c ON c.role_id = b.id JOIN sys_user d ON d.id = c.user_id WHERE p.id = a.permission_id AND d.username = ?) OR (p.url LIKE '%:code' AND p.url LIKE '/online%' AND p.hidden = 1) OR (p.url LIKE '%:id' AND p.url LIKE '/online%' AND p.hidden = 1) OR p.url = '/online') AND p.del_flag = 0 UNION SELECT p.* FROM sys_permission p WHERE EXISTS (SELECT a.id FROM sys_depart_role_permission a JOIN sys_depart_role b ON a.role_id = b.id JOIN sys_depart_role_user c ON c.drole_id = b.id JOIN sys_user d ON d.id = c.user_id WHERE p.id = a.permission_id AND d.username = ?) AND p.del_flag = 0) h ORDER BY h.sort_no ASC
JDBC Connection [dm.jdbc.driver.DmdbConnection@2d3edb0b] will not be managed by Spring
==>  Preparing: SELECT * FROM (SELECT p.* FROM sys_permission p WHERE (EXISTS (SELECT a.id FROM sys_role_permission a JOIN sys_role b ON a.role_id = b.id JOIN sys_user_role c ON c.role_id = b.id JOIN sys_user d ON d.id = c.user_id WHERE p.id = a.permission_id AND d.username = ?) OR (p.url LIKE '%:code' AND p.url LIKE '/online%' AND p.hidden = 1) OR (p.url LIKE '%:id' AND p.url LIKE '/online%' AND p.hidden = 1) OR p.url = '/online') AND p.del_flag = 0 UNION SELECT p.* FROM sys_permission p WHERE EXISTS (SELECT a.id FROM sys_depart_role_permission a JOIN sys_depart_role b ON a.role_id = b.id JOIN sys_depart_role_user c ON c.drole_id = b.id JOIN sys_user d ON d.id = c.user_id WHERE p.id = a.permission_id AND d.username = ?) AND p.del_flag = 0) h ORDER BY h.sort_no ASC
==> Parameters: admin(String), admin(String)
<==    Columns: ID, PARENT_ID, NAME, URL, COMPONENT, COMPONENT_NAME, REDIRECT, MENU_TYPE, PERMS, PERMS_TYPE, SORT_NO, ALWAYS_SHOW, ICON, IS_ROUTE, IS_LEAF, KEEP_ALIVE, HIDDEN, HIDE_TAB, DESCRIPTION, CREATE_BY, CREATE_TIME, UPDATE_BY, UPDATE_TIME, DEL_FLAG, RULE_FLAG, STATUS, INTERNAL_OR_EXTERNAL
<==        Row: 9502685863ab87f0ad1134142788a385, , 首页, /dashboard/analysis, dashboard/Analysis, null, null, 0, null, null, 0.0, 0, home, 1, 1, 0, 0, 0, null, null, 2018-12-25 20:34:38, admin, 2026-02-06 16:31:17, 0, 0, null, 0
<==        Row: 1260928341675982849, 3f915b2769fc80648e92d04e84ca059d, 添加按钮, null, null, null, null, 2, user:add, 1, 1.0, 0, null, 1, 1, 0, 0, null, null, admin, 2020-05-14 00:00:00, null, null, 0, 0, 1, 0
<==        Row: 2008069295683989506, 2008068007130886145, Word转DM, /302, 111, null, null, 1, null, 1, 1.0, 0, null, 1, 1, 0, 0, 0, null, admin, 2026-01-05 14:53:23, admin, 2026-01-08 20:59:19, 0, 0, 1, 0
<==        Row: 2008069592011567106, 2008069453259796481, 翻译, /305, 1111, null, null, 1, null, 1, 1.0, 0, null, 1, 1, 0, 0, 0, null, admin, 2026-01-05 14:54:34, admin, 2026-01-08 20:59:47, 0, 0, 1, 0
<==        Row: 2008070600762650625, 2008068063753990145, 数据模块导入, /402, 11, null, null, 1, null, 1, 1.0, 0, null, 1, 1, 0, 0, 0, null, admin, 2026-01-05 14:58:34, admin, 2026-01-08 21:00:31, 0, 0, 1, 0
<==        Row: 9cb91b8851db0cf7b19d7ecc2a8193dd, 1939e035e803a99ceecb6f5563570fb2, 我的任务表单, /modules/bpm/task/form/FormModule, modules/bpm/task/form/FormModule, null, null, 1, null, null, 1.0, 0, null, 1, 1, null, 0, null, null, admin, 2019-03-08 00:00:00, admin, 2019-03-08 00:00:00, 0, 0, null, null
<==        Row: 2008068408546750465, 2008067776595161090, 手册标准管理, /standard, ietm/standardmanagement/IetmStandardList, null, null, 1, null, 1, 1.0, 0, null, 1, 1, 0, 0, 0, null, admin, 2026-01-05 14:49:51, admin, 2026-01-08 20:25:41, 0, 0, 1, 0
<==        Row: 1260929666434318338, 3f915b2769fc80648e92d04e84ca059d, 用户编辑, null, null, null, null, 2, user:edit, 1, 1.0, 0, null, 1, 1, 0, 0, null, null, admin, 2020-05-14 00:00:00, null, null, 0, 0, 1, 0
<==        Row: 2008071144147316737, 2008068136860708865, 出版物管理, /602, 2, null, null, 1, null, 1, 1.0, 0, null, 1, 1, 0, 0, 0, null, admin, 2026-01-05 15:00:44, admin, 2026-01-08 21:01:23, 0, 0, 1, 0
<==        Row: 1a0811914300741f4e11838ff37a1d3a, 3f915b2769fc80648e92d04e84ca059d, 手机号禁用, null, null, null, null, 2, user:form:phone, 2, 1.0, 0, null, 0, 1, null, 0, null, null, admin, 2019-05-11 00:00:00, admin, 2019-05-11 00:00:00, 0, 0, 1, null
<==        Row: f2849d3814fc97993bfc519ae6bbf049, e41b69c57a941a3bbcce45032fe57605, AUTO复制表单, /online/copyform/:code, modules/online/cgform/OnlCgformCopyList, null, null, 1, null, 1, 1.0, 0, null, 1, 1, 0, 1, null, null, admin, 2019-08-29 00:00:00, null, null, 0, 0, 1, null
<==        Row: 2008070818400890882, 2008070671243735041, 导出数据模块, /405, 11, null, null, 1, null, 1, 1.0, 0, null, 1, 1, 0, 0, 0, null, admin, 2026-01-05 14:59:26, admin, 2026-01-08 21:00:49, 0, 0, 1, 0
<==        Row: 3f915b2769fc80648e92d04e84ca059d, d7d6e2e4e2934f2c9385a623fd98c6f3, 用户管理, /isystem/user, system/UserList, null, null, 1, null, null, 1.1, 0, null, 1, 0, 1, 0, 0, null, null, 2018-12-25 00:00:00, admin, 2022-10-14 00:00:00, 0, 0, null, 0
<==        Row: 190c2b43bec6a5f7a4194a85db67d96a, d7d6e2e4e2934f2c9385a623fd98c6f3, 角色管理, /isystem/roleUserList, system/RoleUserList, null, null, 1, null, null, 1.2, 0, null, 1, 1, 0, 0, null, null, admin, 2019-04-17 00:00:00, admin, 2019-12-25 00:00:00, 0, 0, null, 0
<==        Row: 1170592628746878978, d7d6e2e4e2934f2c9385a623fd98c6f3, 菜单管理, /isystem/newPermissionList, system/NewPermissionList, null, null, 1, null, 1, 1.3, 0, null, 1, 1, 0, 0, 0, null, admin, 2019-09-08 00:00:00, admin, 2022-10-14 00:00:00, 0, 0, 1, 0
<==        Row: 1280350452934307841, d7d6e2e4e2934f2c9385a623fd98c6f3, 租户管理, /isys/tenant, system/TenantList, null, null, 1, null, 1, 1.31, 0, null, 1, 1, 0, 0, null, null, admin, 2020-07-07 00:00:00, admin, 2021-08-16 00:00:00, 0, 0, 1, 0
<==        Row: 45c966826eeff4c99b8f8ebfe74511fc, d7d6e2e4e2934f2c9385a623fd98c6f3, 部门管理, /isystem/depart, system/DepartList, null, null, 1, null, null, 1.4, 0, null, 1, 1, 0, 0, null, null, admin, 2019-01-29 00:00:00, admin, 2019-12-25 00:00:00, 0, 0, null, 0
<==        Row: 2008069705744314370, 2008069453259796481, 设计视图设置, /306, 222, null, null, 1, null, 1, 2.0, 0, null, 1, 1, 0, 0, 0, null, admin, 2026-01-05 14:55:01, admin, 2026-01-08 20:59:57, 0, 0, 1, 0
<==        Row: 2008070905084571650, 2008070671243735041, 导出出版物模块, /406, 111, null, null, 1, null, 1, 2.0, 0, null, 1, 1, 0, 0, 0, null, admin, 2026-01-05 14:59:47, admin, 2026-01-08 21:00:57, 0, 0, 1, 0
<==        Row: 2008069375518371841, 2008068007130886145, DM离线编辑, /303, 1111, null, null, 1, null, 1, 2.0, 0, null, 1, 1, 0, 0, 0, null, admin, 2026-01-05 14:53:42, admin, 2026-01-08 20:59:28, 0, 0, 1, 0
<==        Row: 5c2f42277948043026b7a14692456828, d7d6e2e4e2934f2c9385a623fd98c6f3, 我的部门, /isystem/departUserList, system/DepartUserList, null, null, 1, null, null, 2.0, 0, null, 1, 1, 0, 0, null, null, admin, 2019-04-17 00:00:00, admin, 2019-12-25 00:00:00, 0, 0, null, 0
<==        Row: 2008068895991984130, 2008067884074201090, 项目信息码管理, /projectinformationcode, ietm/projectinformationcode/IetmProjectInformationCodeList, null, null, 1, null, 1, 2.0, 0, null, 1, 1, 0, 0, 0, null, admin, 2026-01-05 14:51:48, admin, 2026-01-12 10:30:54, 0, 0, 1, 0
<==        Row: 2008071223008620545, 2008068136860708865, 线性出版, /603, 1, null, null, 1, null, 1, 2.0, 0, , 1, 1, 0, 0, 0, null, admin, 2026-01-05 15:01:02, admin, 2026-01-08 21:01:31, 0, 0, 1, 0
<==        Row: 2008070671243735041, 2008068063753990145, 数据导出, /403, 22, null, null, 1, null, 1, 2.0, 0, null, 1, 0, 0, 0, 0, null, admin, 2026-01-05 14:58:51, admin, 2026-01-08 21:00:39, 0, 0, 1, 0
<==        Row: 2008068495435952129, 2008067776595161090, 手册预设模板管理, /standardtemplate, ietm/standardtemplatemanagement/StandardTemplateManagement, null, null, 1, null, 1, 2.0, 0, null, 1, 1, 0, 0, 0, null, admin, 2026-01-05 14:50:12, admin, 2026-01-12 11:32:20, 0, 0, 1, 0
<==        Row: 2008068972047298561, 2008067884074201090, 项目构型管理, /projectconfiguration, ietm/projectconfigurationmanagement/IetmProjectConfigurationManagementList, null, null, 1, null, 1, 3.0, 0, null, 1, 1, 0, 0, 0, null, admin, 2026-01-05 14:52:06, admin, 2026-02-10 11:38:25, 0, 0, 1, 0
<==        Row: 2008069453259796481, 2008068007130886145, 手册编辑设置, /304, 1111, null, null, 1, null, 1, 3.0, 0, null, 1, 0, 0, 0, 0, null, admin, 2026-01-05 14:54:00, admin, 2026-01-08 20:59:37, 0, 0, 1, 0
<==        Row: 2008071067370582018, 2008068063753990145, 数据交换记录, /408, 2, null, null, 1, null, 1, 3.0, 0, null, 1, 1, 0, 0, 0, null, admin, 2026-01-05 15:00:25, admin, 2026-01-08 21:01:11, 0, 0, 1, 0
<==        Row: 2008070986810585090, 2008070671243735041, 导出实体, /407, 111, null, null, 1, null, 1, 3.0, 0, , 1, 1, 0, 0, 0, null, admin, 2026-01-05 15:00:06, admin, 2026-01-08 21:01:03, 0, 0, 1, 0
<==        Row: 2008068602587836418, 2008067776595161090, 手册项目管理, /project, ietm/projectmanagement/IetmProjectList, null, null, 1, null, 1, 3.0, 0, null, 1, 1, 0, 0, 0, null, admin, 2026-01-05 14:50:38, admin, 2026-01-12 09:55:33, 0, 0, 1, 0
<==        Row: 2016742841506177025, 2008068007130886145, Edit, /IetmXmlEditor, ietm/ietmeditor/IetmXmlEditorPage, null, null, 1, null, 1, 4.0, 0, null, 1, 1, 0, 0, 0, null, admin, 2026-01-29 13:18:57, admin, 2026-01-29 14:25:28, 0, 0, 1, 0
<==        Row: 2008069040804524034, 2008067884074201090, 项目实体管理, /icnmanage, ietm/icnmanage/IetmIcnManageList, null, null, 1, null, 1, 4.0, 0, null, 1, 1, 0, 0, 0, null, admin, 2026-01-05 14:52:22, admin, 2026-02-06 11:27:24, 0, 0, 1, 0
<==        Row: 2008068672783708161, 2008067776595161090, 手册授权管理, /1005, ietm/ietmroleauth/IetmRoleauthList, null, null, 1, null, 1, 4.0, 0, null, 1, 1, 0, 0, 0, null, admin, 2026-01-05 14:50:54, admin, 2026-07-15 21:19:16, 0, 0, 1, 0
<==        Row: f1cb187abf927c88b89470d08615f5ac, d7d6e2e4e2934f2c9385a623fd98c6f3, 数据字典, /isystem/dict, system/DictList, null, null, 1, null, null, 5.0, 0, null, 1, 1, 0, 0, null, null, null, 2018-12-28 00:00:00, admin, 2020-02-23 00:00:00, 0, 0, null, 0
<==        Row: 2008069135360913409, 2008067884074201090, 项目数据模块管理, /ietmdatamodulemanagement, ietm/ietmdatamodulemanagement/IetmDataModuleList, null, null, 1, null, 1, 5.0, 0, null, 1, 1, 0, 0, 0, null, admin, 2026-01-05 14:52:45, admin, 2026-07-22 15:56:21, 0, 0, 1, 0
<==        Row: 1229674163694841857, e41b69c57a941a3bbcce45032fe57605, AUTO在线表单ERP, /online/cgformErpList/:code, modules/online/cgform/auto/erp/OnlCgformErpList, null, null, 1, null, 1, 5.0, 0, null, 1, 1, 0, 1, null, null, admin, 2020-02-18 00:00:00, admin, 2020-02-18 00:00:00, 0, 0, 1, 0
<==        Row: 1304032910990495745, e41b69c57a941a3bbcce45032fe57605, AUTO在线表单TAB, /online/cgformTabList/:code, modules/online/cgform/auto/tab/OnlCgformTabList, null, null, 1, null, 1, 8.0, 0, null, 1, 1, 0, 1, null, null, admin, 2020-09-10 00:00:00, admin, 2020-09-10 00:00:00, 0, 0, 1, 0
<==        Row: 22d6a3d39a59dd7ea9a30acfa6bfb0a5, e41b69c57a941a3bbcce45032fe57605, AUTO动态表单, /online/df/:table/:id, modules/online/cgform/auto/OnlineDynamicForm, null, null, 1, null, null, 9.0, 0, null, 0, 1, null, 1, null, null, admin, 2019-04-22 00:00:00, admin, 2019-04-30 00:00:00, 0, 0, null, null
<==        Row: fba41089766888023411a978d13c0aa4, e41b69c57a941a3bbcce45032fe57605, AUTO树表单列表, /online/cgformTreeList/:code, modules/online/cgform/auto/OnlCgformTreeList, null, null, 1, null, 1, 9.0, 0, null, 1, 1, null, 1, null, null, admin, 2019-05-21 00:00:00, admin, 2019-06-11 00:00:00, 0, 0, 1, null
<==        Row: 54097c6a3cf50fad0793a34beff1efdf, e41b69c57a941a3bbcce45032fe57605, AUTO在线表单, /online/cgformList/:code, modules/online/cgform/auto/OnlCgformAutoList, null, null, 1, null, null, 9.0, 0, null, 1, 1, null, 1, null, null, admin, 2019-03-19 00:00:00, admin, 2019-04-30 00:00:00, 0, 0, null, null
<==        Row: 9fe26464838de2ea5e90f2367e35efa0, e41b69c57a941a3bbcce45032fe57605, AUTO在线报表, /online/cgreport/:code, modules/online/cgreport/auto/OnlCgreportAutoList, onlineAutoList, null, 1, null, null, 9.0, 0, null, 1, 1, null, 1, null, null, admin, 2019-03-12 00:00:00, admin, 2019-04-30 00:00:00, 0, 0, null, null
<==        Row: 2008067776595161090, , 手册管理, /101, layouts/RouteView, null, null, 0, null, 1, 10.0, 0, copy, 1, 0, 0, 0, 0, null, admin, 2026-01-05 14:47:21, admin, 2026-01-05 15:29:10, 0, 0, 1, 0
<==        Row: 2008067884074201090, , 项目管理, /102, layouts/RouteView, null, null, 0, null, 1, 11.0, 0, audit, 1, 0, 0, 0, 0, null, admin, 2026-01-05 14:47:46, admin, 2026-01-05 15:26:04, 0, 0, 1, 0
<==        Row: 2008068007130886145, , 手册编辑, /301, layouts/RouteView, null, null, 0, null, 1, 12.0, 0, form, 1, 0, 0, 0, 0, null, admin, 2026-01-05 14:48:16, admin, 2026-01-08 20:59:10, 0, 0, 1, 0
<==        Row: 2008068063753990145, , 数据交换, /401, layouts/RouteView, null, null, 0, null, 1, 13.0, 0, interation, 1, 0, 0, 0, 0, null, admin, 2026-01-05 14:48:29, admin, 2026-01-08 21:00:07, 0, 0, 1, 0
<==        Row: 2008068136860708865, , 数据发布, /601, layouts/RouteView, null, null, 0, null, 1, 14.0, 0, global, 1, 0, 0, 0, 0, null, admin, 2026-01-05 14:48:47, admin, 2026-07-15 15:46:20, 0, 0, 1, 0
<==        Row: EFEDCB8751084A2DBB2471040E731073, , 浏览或编辑DM内容, /ietm/dm-content-editor/:id, ietm/ietmdatamodulemanagement/editor/DmContentEditor, DmContentEditor, null, 0, null, 1, 99.0, 0, null, 1, 1, 0, 1, 0, null, admin, 2026-08-01 17:28:57, admin, 2026-08-01 18:04:38, 0, 0, 1, 0
<==        Row: e41b69c57a941a3bbcce45032fe57605, , 在线开发, /online, layouts/RouteView, null, null, 0, null, null, 110.0, 0, cloud, 1, 0, 0, 0, 0, null, admin, 2019-03-08 00:00:00, admin, 2026-01-05 15:03:59, 0, 0, null, 0
<==        Row: d7d6e2e4e2934f2c9385a623fd98c6f3, , 系统管理, /isystem, layouts/RouteView, null, null, 0, null, null, 111.0, 0, setting, 1, 0, 0, 0, 0, null, null, 2018-12-25 00:00:00, admin, 2026-01-05 15:04:05, 0, 0, null, 0
<==        Row: 1235823781053313025, e41b69c57a941a3bbcce45032fe57605, AUTO在线内嵌子表, /online/cgformInnerTableList/:code, modules/online/cgform/auto/innerTable/OnlCgformInnerTableList, null, null, 1, null, 1, 999.0, 0, null, 1, 1, 0, 1, null, null, admin, 2020-03-06 00:00:00, admin, 2020-03-06 00:00:00, 0, 0, 1, 0
<==      Total: 50
Closing non transactional SqlSession [org.apache.ibatis.session.defaults.DefaultSqlSession@3ff949b9]
Creating a new SqlSession
SqlSession [org.apache.ibatis.session.defaults.DefaultSqlSession@3ca8132c] was not registered for synchronization because synchronization is not active
original SQL: select role_code from sys_role where id in (select role_id from sys_user_role where user_id = (select id from sys_user where username=?))
SQL to parse, SQL: select role_code from sys_role where id in (select role_id from sys_user_role where user_id = (select id from sys_user where username=?))
parse the finished SQL: SELECT role_code FROM sys_role WHERE id IN (SELECT role_id FROM sys_user_role WHERE user_id = (SELECT id FROM sys_user WHERE username = ?))
JDBC Connection [dm.jdbc.driver.DmdbConnection@2d3edb0b] will not be managed by Spring
==>  Preparing: SELECT role_code FROM sys_role WHERE id IN (SELECT role_id FROM sys_user_role WHERE user_id = (SELECT id FROM sys_user WHERE username = ?))
==> Parameters: admin(String)
<==    Columns: role_code
<==        Row: vue3
<==        Row: admin
<==      Total: 2
Closing non transactional SqlSession [org.apache.ibatis.session.defaults.DefaultSqlSession@3ca8132c]
Creating a new SqlSession
SqlSession [org.apache.ibatis.session.defaults.DefaultSqlSession@2d5c8302] was not registered for synchronization because synchronization is not active
original SQL: SELECT  id,parent_id,name,perms,perms_type,icon,component,component_name,url,redirect,sort_no,menu_type,is_leaf AS leaf,is_route AS route,keep_alive,description,create_by,del_flag,rule_flag,hidden,hide_tab,create_time,update_by,update_time,status,always_show,internal_or_external  FROM sys_permission 
 
 WHERE (del_flag = ? AND menu_type = ?)
SQL to parse, SQL: SELECT  id,parent_id,name,perms,perms_type,icon,component,component_name,url,redirect,sort_no,menu_type,is_leaf AS leaf,is_route AS route,keep_alive,description,create_by,del_flag,rule_flag,hidden,hide_tab,create_time,update_by,update_time,status,always_show,internal_or_external  FROM sys_permission 
 
 WHERE (del_flag = ? AND menu_type = ?)
parse the finished SQL: SELECT id, parent_id, name, perms, perms_type, icon, component, component_name, url, redirect, sort_no, menu_type, is_leaf AS leaf, is_route AS route, keep_alive, description, create_by, del_flag, rule_flag, hidden, hide_tab, create_time, update_by, update_time, status, always_show, internal_or_external FROM sys_permission WHERE (del_flag = ? AND menu_type = ?)
JDBC Connection [dm.jdbc.driver.DmdbConnection@2d3edb0b] will not be managed by Spring
==>  Preparing: SELECT id, parent_id, name, perms, perms_type, icon, component, component_name, url, redirect, sort_no, menu_type, is_leaf AS leaf, is_route AS route, keep_alive, description, create_by, del_flag, rule_flag, hidden, hide_tab, create_time, update_by, update_time, status, always_show, internal_or_external FROM sys_permission WHERE (del_flag = ? AND menu_type = ?)
==> Parameters: 0(Integer), 2(Integer)
<==    Columns: id, parent_id, name, perms, perms_type, icon, component, component_name, url, redirect, sort_no, menu_type, leaf, route, keep_alive, description, create_by, del_flag, rule_flag, hidden, hide_tab, create_time, update_by, update_time, status, always_show, internal_or_external
<==        Row: 1400726868091015170, 4148ec82b6acd69f470bea75fe41c357, demo添加功能, demo:add, 1, null, null, null, null, null, null, 2, 1, 1, 0, null, admin, 0, 0, 0, null, 2021-06-04 16:11:24, null, null, 1, 0, 0
<==        Row: 0ac2ad938963b6c6d1af25477d5b8b51, 8d4683aacaa997ab86b966b464360338, 代码生成按钮, online:goGenerateCode, 1, null, null, null, null, null, 1.0, 2, 1, 1, null, null, admin, 0, 0, 0, null, 2019-06-11 00:00:00, null, null, 1, 0, null
<==        Row: 1260928341675982849, 3f915b2769fc80648e92d04e84ca059d, 添加按钮, user:add, 1, null, null, null, null, null, 1.0, 2, 1, 1, 0, null, admin, 0, 0, 0, null, 2020-05-14 00:00:00, null, null, 1, 0, 0
<==        Row: 1260929666434318338, 3f915b2769fc80648e92d04e84ca059d, 用户编辑, user:edit, 1, null, null, null, null, null, 1.0, 2, 1, 1, 0, null, admin, 0, 0, 0, null, 2020-05-14 00:00:00, null, null, 1, 0, 0
<==        Row: 1260931366557696001, 3f915b2769fc80648e92d04e84ca059d, 表单性别可见, user:sex, 1, null, null, null, null, null, 1.0, 2, 1, 1, 0, null, admin, 0, 0, 0, null, 2020-05-14 00:00:00, admin, 2020-05-14 00:00:00, 1, 0, 0
<==        Row: 1260933542969458689, 3f915b2769fc80648e92d04e84ca059d, 禁用生日字段, user:form:birthday, 2, null, null, null, null, null, 1.0, 2, 1, 1, 0, null, admin, 0, 0, 0, null, 2020-05-14 00:00:00, null, null, 1, 0, 0
<==        Row: 1a0811914300741f4e11838ff37a1d3a, 3f915b2769fc80648e92d04e84ca059d, 手机号禁用, user:form:phone, 2, null, null, null, null, null, 1.0, 2, 1, 0, null, null, admin, 0, 0, 0, null, 2019-05-11 00:00:00, admin, 2019-05-11 00:00:00, 1, 0, null
<==      Total: 7
Closing non transactional SqlSession [org.apache.ibatis.session.defaults.DefaultSqlSession@2d5c8302]
Creating a new SqlSession
SqlSession [org.apache.ibatis.session.defaults.DefaultSqlSession@4e4e710a] was not registered for synchronization because synchronization is not active
original SQL: SELECT id,project_id,project_name,sns,info_code,info_code_variant,ietm_location_code,learn_code,learn_event_code,year_of_change,seq_no,language_iso_code,country_iso_code,originator,originator_name,rpc,rpc_name,issue_no,in_work,version_type,tech_name,info_name,tech_name_en,info_name_en,cm_node_id,cm_node_name,cm_node_path,is_latest,status,checkout_user,checkout_time,checkin_time,checkout_dm_id,publish_date,workflow_instance_id,workflow_status,workflow_step,workflow_handler,dm_content,dm_type,security,ref_count,refed_count,remark,reason,create_by,create_time,update_by,update_time,version,sys_org_code,info_code_part,dmc_code,issue_date,security_classification,language,attribute_05 FROM ietm_data_module WHERE id=? 
SQL to parse, SQL: SELECT id,project_id,project_name,sns,info_code,info_code_variant,ietm_location_code,learn_code,learn_event_code,year_of_change,seq_no,language_iso_code,country_iso_code,originator,originator_name,rpc,rpc_name,issue_no,in_work,version_type,tech_name,info_name,tech_name_en,info_name_en,cm_node_id,cm_node_name,cm_node_path,is_latest,status,checkout_user,checkout_time,checkin_time,checkout_dm_id,publish_date,workflow_instance_id,workflow_status,workflow_step,workflow_handler,dm_content,dm_type,security,ref_count,refed_count,remark,reason,create_by,create_time,update_by,update_time,version,sys_org_code,info_code_part,dmc_code,issue_date,security_classification,language,attribute_05 FROM ietm_data_module WHERE id=? 
parse the finished SQL: SELECT id, project_id, project_name, sns, info_code, info_code_variant, ietm_location_code, learn_code, learn_event_code, year_of_change, seq_no, language_iso_code, country_iso_code, originator, originator_name, rpc, rpc_name, issue_no, in_work, version_type, tech_name, info_name, tech_name_en, info_name_en, cm_node_id, cm_node_name, cm_node_path, is_latest, status, checkout_user, checkout_time, checkin_time, checkout_dm_id, publish_date, workflow_instance_id, workflow_status, workflow_step, workflow_handler, dm_content, dm_type, security, ref_count, refed_count, remark, reason, create_by, create_time, update_by, update_time, version, sys_org_code, info_code_part, dmc_code, issue_date, security_classification, language, attribute_05 FROM ietm_data_module WHERE id = ?
JDBC Connection [dm.jdbc.driver.DmdbConnection@2d3edb0b] will not be managed by Spring
==>  Preparing: SELECT id, project_id, project_name, sns, info_code, info_code_variant, ietm_location_code, learn_code, learn_event_code, year_of_change, seq_no, language_iso_code, country_iso_code, originator, originator_name, rpc, rpc_name, issue_no, in_work, version_type, tech_name, info_name, tech_name_en, info_name_en, cm_node_id, cm_node_name, cm_node_path, is_latest, status, checkout_user, checkout_time, checkin_time, checkout_dm_id, publish_date, workflow_instance_id, workflow_status, workflow_step, workflow_handler, dm_content, dm_type, security, ref_count, refed_count, remark, reason, create_by, create_time, update_by, update_time, version, sys_org_code, info_code_part, dmc_code, issue_date, security_classification, language, attribute_05 FROM ietm_data_module WHERE id = ?
==> Parameters: 2083905781513461761(String)
<==      Total: 0
Closing non transactional SqlSession [org.apache.ibatis.session.defaults.DefaultSqlSession@4e4e710a]
Creating a new SqlSession
SqlSession [org.apache.ibatis.session.defaults.DefaultSqlSession@d6d9bea] was not registered for synchronization because synchronization is not active
JDBC Connection [dm.jdbc.driver.DmdbConnection@2d3edb0b] will not be managed by Spring
==>  Preparing: insert into sys_log (id, log_type, log_content, method, operate_type, request_url, request_type, request_param, ip, userid, username, cost_time, create_time,create_by) values( ?, ?, ?, ?, ?, ?, ?, ?, ?, ?, ?, ?, ?, ? )
==> Parameters: 2085973696400302082(String), 2(Integer), DM内容编辑器-加载(String), org.jeecg.modules.ietm.ietmdatamodulemanagement.controller.IetmDmContentController.load()(String), 1(Integer), null, null,   id: 2083905781513461761(String), 0:0:0:0:0:0:0:1(String), admin(String), 管理员(String), 26(Long), 2026-08-08 14:17:39.396(Timestamp), null
<==    Updates: 1
Closing non transactional SqlSession [org.apache.ibatis.session.defaults.DefaultSqlSession@d6d9bea]
Creating a new SqlSession
SqlSession [org.apache.ibatis.session.defaults.DefaultSqlSession@b722f0e] was not registered for synchronization because synchronization is not active
original SQL: SELECT  id,username,realname,password,salt,avatar,birthday,sex,email,phone,org_code,status,del_flag,work_no,post,telephone,create_by,create_time,update_by,update_time,activiti_sync,user_identity,depart_ids,rel_tenant_ids,client_id  FROM sys_user 
 WHERE  del_flag=0

AND (username = ?)
SQL to parse, SQL: SELECT  id,username,realname,password,salt,avatar,birthday,sex,email,phone,org_code,status,del_flag,work_no,post,telephone,create_by,create_time,update_by,update_time,activiti_sync,user_identity,depart_ids,rel_tenant_ids,client_id  FROM sys_user 
 WHERE  del_flag=0

AND (username = ?)
parse the finished SQL: SELECT id, username, realname, password, salt, avatar, birthday, sex, email, phone, org_code, status, del_flag, work_no, post, telephone, create_by, create_time, update_by, update_time, activiti_sync, user_identity, depart_ids, rel_tenant_ids, client_id FROM sys_user WHERE del_flag = 0 AND (username = ?)
JDBC Connection [dm.jdbc.driver.DmdbConnection@2d3edb0b] will not be managed by Spring
==>  Preparing: SELECT id, username, realname, password, salt, avatar, birthday, sex, email, phone, org_code, status, del_flag, work_no, post, telephone, create_by, create_time, update_by, update_time, activiti_sync, user_identity, depart_ids, rel_tenant_ids, client_id FROM sys_user WHERE del_flag = 0 AND (username = ?)
==> Parameters: admin(String)
<==    Columns: id, username, realname, password, SALT, avatar, birthday, sex, email, phone, org_code, status, del_flag, work_no, post, telephone, create_by, create_time, update_by, update_time, activiti_sync, user_identity, depart_ids, rel_tenant_ids, client_id
<==        Row: e9ca23d68d884d4ebb19d07889727dae, admin, 管理员, cb362cfeefbf3d8d, RCGTeGiH, https://static.jeecg.com/temp/国炬软件logo_1606575029126.png, 2018-12-05 00:00:00, 1, jeecg@163.com, 18611111111, A01, 1, 0, 00001, 总经理, null, null, 2019-06-21 00:00:00, admin, 2022-10-17 00:00:00, 1, 2, <<BLOB>>, null, null
<==      Total: 1
Closing non transactional SqlSession [org.apache.ibatis.session.defaults.DefaultSqlSession@b722f0e]
Creating a new SqlSession
SqlSession [org.apache.ibatis.session.defaults.DefaultSqlSession@edd87c2] was not registered for synchronization because synchronization is not active
original SQL: select * from sys_depart where id IN ( select dep_id from sys_user_depart where user_id = ? )
SQL to parse, SQL: select * from sys_depart where id IN ( select dep_id from sys_user_depart where user_id = ? )
parse the finished SQL: SELECT * FROM sys_depart WHERE id IN (SELECT dep_id FROM sys_user_depart WHERE user_id = ?)
JDBC Connection [dm.jdbc.driver.DmdbConnection@2d3edb0b] will not be managed by Spring
==>  Preparing: SELECT * FROM sys_depart WHERE id IN (SELECT dep_id FROM sys_user_depart WHERE user_id = ?)
==> Parameters: e9ca23d68d884d4ebb19d07889727dae(String)
<==    Columns: ID, PARENT_ID, DEPART_NAME, DEPART_NAME_EN, DEPART_NAME_ABBR, DEPART_ORDER, DESCRIPTION, ORG_CATEGORY, ORG_TYPE, ORG_CODE, MOBILE, FAX, ADDRESS, MEMO, STATUS, DEL_FLAG, QYWX_IDENTIFIER, CREATE_BY, CREATE_TIME, UPDATE_BY, UPDATE_TIME
<==        Row: c6d7cb4deeac411cb3384b1b31278596, , 北京国炬软件, null, null, 0, null, 1, 1, A01, null, null, null, null, null, 0, null, admin, 2019-02-11 14:21:51, admin, 2020-05-02 18:21:27
<==      Total: 1
Closing non transactional SqlSession [org.apache.ibatis.session.defaults.DefaultSqlSession@edd87c2]
Creating a new SqlSession
SqlSession [org.apache.ibatis.session.defaults.DefaultSqlSession@7184ea07] was not registered for synchronization because synchronization is not active
JDBC Connection [dm.jdbc.driver.DmdbConnection@2d3edb0b] will not be managed by Spring
original SQL: UPDATE sys_user SET org_code = ? where username = ?
SQL to parse, SQL: UPDATE sys_user SET org_code = ? where username = ?
parse the finished SQL: UPDATE sys_user SET org_code = ? WHERE username = ?
==>  Preparing: UPDATE sys_user SET org_code = ? WHERE username = ?
==> Parameters: A01(String), admin(String)
<==    Updates: 1
Closing non transactional SqlSession [org.apache.ibatis.session.defaults.DefaultSqlSession@7184ea07]
2026-08-08 14:17:57.658 [http-nio-9999-exec-9] [34mINFO [0;39m [36mo.j.c.modules.redis.writer.JeecgRedisCacheWriter:113[0;39m - redis remove key:sys:cache:encrypt:user::admin
Creating a new SqlSession
SqlSession [org.apache.ibatis.session.defaults.DefaultSqlSession@758eb5f0] was not registered for synchronization because synchronization is not active
original SQL: SELECT  id,type,dict_name,dict_code,description,del_flag,create_by,create_time,update_by,update_time  FROM sys_dict 
 WHERE del_flag=0
SQL to parse, SQL: SELECT  id,type,dict_name,dict_code,description,del_flag,create_by,create_time,update_by,update_time  FROM sys_dict 
 WHERE del_flag=0
parse the finished SQL: SELECT id, type, dict_name, dict_code, description, del_flag, create_by, create_time, update_by, update_time FROM sys_dict WHERE del_flag = 0
JDBC Connection [dm.jdbc.driver.DmdbConnection@2d3edb0b] will not be managed by Spring
==>  Preparing: SELECT id, type, dict_name, dict_code, description, del_flag, create_by, create_time, update_by, update_time FROM sys_dict WHERE del_flag = 0
==> Parameters: 
<==    Columns: id, TYPE, dict_name, dict_code, description, del_flag, create_by, create_time, update_by, update_time
<==        Row: 0b5d19e1fce4b2e6647e6b4a17760c14, 0, 通告类型, msg_category, 消息类型1:通知公告2:系统消息, 0, admin, 2019-04-22 18:01:35, null, null
<==        Row: 1174509082208395266, 0, 职务职级, position_rank, 职务表职级字典, 0, admin, 2019-09-19 10:22:41, null, null
<==        Row: 1174511106530525185, 0, 机构类型, org_category, 机构类型 1公司，2部门 3岗位, 0, admin, 2019-09-19 10:30:43, null, null
<==        Row: 1178295274528845826, null, 表单权限策略, form_perms_type, , 0, admin, 2019-09-29 21:07:39, admin, 2019-09-29 21:08:26
<==        Row: 1199517671259906049, 0, 紧急程度, urgent_level, 日程计划紧急程度, 0, admin, 2019-11-27 10:37:53, null, null
<==        Row: 1199518099888414722, 0, 日程计划类型, eoa_plan_type, , 0, admin, 2019-11-27 10:39:36, null, null
<==        Row: 1199520177767587841, 0, 分类栏目类型, eoa_cms_menu_type, , 0, admin, 2019-11-27 10:47:51, admin, 2019-11-27 10:49:35
<==        Row: 1199525215290306561, 0, 日程计划状态, eoa_plan_status, , 0, admin, 2019-11-27 11:07:52, admin, 2019-11-27 11:10:11
<==        Row: 1209733563293962241, 0, 数据库类型, database_type, , 0, admin, 2019-12-25 15:12:12, null, null
<==        Row: 1232913193820581889, 0, Online表单业务分类, ol_form_biz_type, , 0, admin, 2020-02-27 14:19:46, admin, 2020-02-27 14:20:23
<==        Row: 1242298510024429569, 0, 提醒方式, remindMode, , 0, admin, 2020-03-24 11:53:40, admin, 2020-03-24 12:03:22
<==        Row: 1250687930947620866, null, 定时任务状态, quartz_status, , 0, admin, 2020-04-16 15:30:14, , null
<==        Row: 1280401766745718786, 0, 租户状态, tenant_status, 租户状态, 0, admin, 2020-07-07 15:22:25, null, null
<==        Row: 1356445645198135298, 0, 开关, is_open, , 0, admin, 2021-02-02 11:33:38, admin, 2021-02-02 15:28:12
<==        Row: 236e8a4baff0db8c62c00dd95632834f, 0, 同步工作流引擎, activiti_sync, 同步工作流引擎, 0, admin, 2019-05-15 15:27:33, null, null
<==        Row: 2e02df51611a4b9632828ab7e5338f00, 0, 权限策略, perms_type, 权限策略, 0, admin, 2019-04-26 18:26:55, null, null
<==        Row: 2f0320997ade5dd147c90130f7218c3e, 0, 推送类别, msg_type, , 0, admin, 2019-03-17 21:21:32, admin, 2019-03-26 19:57:45
<==        Row: 3486f32803bb953e7155dab3513dc68b, 0, 删除状态, del_flag, null, 0, admin, 2019-01-18 21:46:26, admin, 2019-03-30 11:17:11
<==        Row: 3d9a351be3436fbefb1307d4cfb49bf2, 1, 性别, sex, null, 0, null, 2019-01-04 14:56:32, admin, 2019-03-30 11:28:27
<==        Row: 4274efc2292239b6f000b153f50823ff, 0, 全局权限策略, global_perms_type, 全局权限策略, 0, admin, 2019-05-10 17:54:05, null, null
<==        Row: 4c03fca6bf1f0299c381213961566349, 0, Online图表展示模板, online_graph_display_template, Online图表展示模板, 0, admin, 2019-04-12 17:28:50, null, null
<==        Row: 4c753b5293304e7a445fd2741b46529d, 1, 字典状态, dict_item_status, null, 0, admin, 2020-06-18 23:18:42, admin, 2019-03-30 19:33:52
<==        Row: 4d7fec1a7799a436d26d02325eff295e, 0, 优先级, priority, 优先级, 0, admin, 2019-03-16 17:03:34, admin, 2019-04-16 17:39:23
<==        Row: 4e4602b3e3686f0911384e188dc7efb4, 0, 条件规则, rule_conditions, , 0, admin, 2019-04-01 10:15:03, admin, 2019-04-01 10:30:47
<==        Row: 4f69be5f507accea8d5df5f11346181a, 0, 发送消息类型, msgType, null, 0, admin, 2019-04-11 14:27:09, null, null
<==        Row: 68168534ff5065a152bfab275c2136f8, 0, 有效无效状态, valid_status, 有效无效状态, 0, admin, 2020-09-26 19:21:14, admin, 2019-04-26 19:21:23
<==        Row: 6b78e3f59faec1a4750acff08030a79b, 0, 用户类型, user_type, null, 0, null, 2019-01-04 14:59:01, admin, 2019-03-18 23:28:18
<==        Row: 72cce0989df68887546746d8f09811aa, 0, Online表单类型, cgform_table_type, , 0, admin, 2019-01-27 10:13:02, admin, 2019-03-30 11:37:36
<==        Row: 78bda155fe380b1b3f175f1e88c284c6, 0, 流程状态, bpm_status, 流程状态, 0, admin, 2019-05-09 16:31:52, null, null
<==        Row: 83bfb33147013cc81640d5fd9eda030c, 1, 日志类型, log_type, null, 0, admin, 2019-03-18 23:22:19, null, null
<==        Row: 845da5006c97754728bf48b6a10f79cc, 0, 状态, status, null, 0, admin, 2019-03-18 21:45:25, admin, 2019-03-18 21:58:25
<==        Row: 880a895c98afeca9d9ac39f29e67c13e, 0, 操作类型, operate_type, 操作类型, 0, admin, 2019-07-22 10:54:29, null, null
<==        Row: 8dfe32e2d29ea9430a988b3b558bf233, 0, 发布状态, send_status, 发布状态, 0, admin, 2019-04-16 17:40:42, null, null
<==        Row: a7adbcd86c37f7dbc9b66945c82ef9e6, 0, 1是0否, yn, , 0, admin, 2019-05-22 19:29:29, null, null
<==        Row: a9d9942bd0eccb6e89de92d130ec4c4a, 0, 消息发送状态, msgSendStatus, null, 0, admin, 2019-04-12 18:18:17, null, null
<==        Row: ac2f7c0c5c5775fcea7e2387bcb22f01, 1, 菜单类型, menu_type, null, 0, admin, 2020-12-18 23:24:32, admin, 2019-04-01 15:27:06
<==        Row: ad7c65ba97c20a6805d5dcdf13cdaf36, 0, onlineT类型, ceshi_online, null, 0, admin, 2019-03-22 16:31:49, admin, 2019-03-22 16:34:16
<==        Row: bd1b8bc28e65d6feefefb6f3c79f42fd, 0, Online图表数据类型, online_graph_data_type, Online图表数据类型, 0, admin, 2019-04-12 17:24:24, admin, 2019-04-12 17:24:57
<==        Row: c36169beb12de8a71c8683ee7c28a503, 0, 部门状态, depart_status, null, 0, admin, 2019-03-18 21:59:51, null, null
<==        Row: c5a14c75172783d72cbee6ee7f5df5d1, 0, Online图表类型, online_graph_type, Online图表类型, 0, admin, 2019-04-12 17:04:06, null, null
<==        Row: d6e1152968b02d69ff358c75b48a6ee1, 0, 流程类型, bpm_process_type, null, 0, admin, 2021-02-22 19:26:54, admin, 2019-03-30 18:14:44
<==        Row: fc6cd58fde2e8481db10d3a1e68ce70c, 1, 用户状态, user_status, null, 0, admin, 2019-03-18 21:57:25, admin, 2019-03-18 23:11:58
<==        Row: 2008794656772255745, 0, 密级, security, 密级（ietm项目用）, 0, admin, 2026-01-07 14:55:42, null, null
<==        Row: 2009149820169641986, 0, 标准版本, standard_type, 标准版本, 0, admin, 2026-01-08 14:27:00, admin, 2026-07-13 19:39:51
<==        Row: 2009158440265474049, 0, 装备类型, equipment_type, , 0, admin, 2026-01-08 15:01:15, admin, 2026-01-08 15:20:23
<==        Row: 9e203d99a790493aa44a964b28d13c7f, 0, 机构评级, agency_rating, 机构评级字典, 0, admin, 2026-04-27 22:23:33, admin, 2026-04-27 22:23:33
<==        Row: 52db14900acf4ef386ed34c0e2030afc, 1, 项目状态, project_status, 项目状态字典, 0, admin, 2026-04-27 22:24:16, null, null
<==        Row: 1750000000011, 0, DM状态, dm_status, IETM数据模块状态, 0, null, 2026-07-22 13:57:03, null, null
<==        Row: 1750000000012, 0, 工作流状态, workflow_status, IETM工作流状态, 0, null, 2026-07-22 13:57:09, null, null
<==        Row: 1750000000013, 0, 语言代码, language, ISO 639-1语言代码, 0, null, 2026-07-22 13:57:16, null, null
<==        Row: 1750000000014, 0, 国家代码, country, ISO 3166-1国家代码, 0, null, 2026-07-22 13:57:22, null, null
<==        Row: 1750000000015, 0, 技术名称, tech_name, IETM技术名称（DMC第9段）, 0, null, 2026-07-22 13:57:28, null, null
<==        Row: 1750000000016, 0, 信息名称, info_name, IETM信息名称（DMC第10段）, 0, null, 2026-07-22 13:57:38, null, null
<==        Row: 1750000000017, 0, 变体代码, variant_code, IETM变体代码（DMC第11段A）, 0, null, 2026-07-22 13:57:45, null, null
<==        Row: 1750000000018, 0, 拆卸代码, disassy_code, IETM拆卸代码（DMC第11段B）, 0, null, 2026-07-22 13:57:49, null, null
<==        Row: 1750000000019, 0, 发布类型, issue_type, IETM发布类型（DMC第11段C）, 0, null, 2026-07-22 13:57:55, null, null
<==        Row: 1750000000010, 0, DM类型, dm_type, IETM数据模块类型分类, 0, null, 2026-07-22 13:58:22, null, null
<==        Row: 1815001, 0, DM签出状态, dm_checkout_status, 数据模块签出状态：未签出/已签出, 0, admin, 2026-07-22 15:22:50, null, null
<==        Row: 1815002, 0, DM技术名称类型, dm_tech_name_type, 数据模块技术名称分类, 0, admin, 2026-07-22 15:22:50, null, null
<==        Row: 1815003, 0, DM信息名称类型, dm_info_name_type, 数据模块信息名称分类, 0, admin, 2026-07-22 15:22:50, null, null
<==        Row: 1815004, 0, DM责任伙伴公司, dm_rpc_type, 责任伙伴公司编号, 0, admin, 2026-07-22 15:22:50, null, null
<==        Row: 1815005, 0, DM更新控制状态, dm_update_control, 数据模块更新控制状态, 0, admin, 2026-07-22 15:22:51, null, null
<==        Row: 1815006, 0, DM应用范围, dm_applicability, 数据模块适用范围, 0, admin, 2026-07-22 15:22:51, null, null
<==        Row: 1815007, 0, DM发布模式, dm_publish_mode, 数据模块发布模式, 0, admin, 2026-07-22 15:22:51, null, null
<==        Row: 1815008, 0, DM校验级别, dm_validate_level, 数据模块校验级别, 0, admin, 2026-07-22 15:22:51, null, null
<==        Row: 1815009, 0, DM复制类型, dm_copy_type, 数据模块复制类型, 0, admin, 2026-07-22 15:22:51, null, null
<==        Row: 1815010, 0, DM版本操作类型, dm_version_action, 数据模块版本操作记录, 0, admin, 2026-07-22 15:22:51, null, null
<==        Row: 1815011, 0, DM文件类型, dm_file_type, 数据模块资源文件类型, 0, admin, 2026-07-22 15:22:51, null, null
<==        Row: 1815012, 0, DM工作流步骤, dm_workflow_step, 数据模块工作流步骤, 0, admin, 2026-07-22 15:22:51, null, null
<==        Row: 1815013, 0, DM引用状态, dm_reference_status, 数据模块引用关系状态, 0, admin, 2026-07-22 15:22:51, null, null
<==        Row: dm_location_code_001, 0, DM位置码, dm_location_code, IETM位置码（A/B/C/D/T）S1000D标准, 0, admin, 2026-07-23 09:10:21, null, null
<==        Row: dm_version_type_001, 0, DM版本类型, dm_version_type, 版本类型（草稿/已发布）, 0, admin, 2026-07-23 09:10:53, null, null
<==        Row: dm_version_action_type_001, 0, DM版本操作类型, dm_version_action_type, 版本操作（inwork/issue）, 0, admin, 2026-07-23 09:11:40, null, null
<==        Row: dm_ref_type_001, 0, DM引用类型, dm_ref_type, DM引用关系类型（dmRef/dmlRef/pmRef）, 0, admin, 2026-07-23 09:11:55, null, null
<==        Row: 7FAAEB0E8EBE406CBCC3A1FD68AE1F36, 0, DM密级, dm_security, 数据模块密级（S1000D标准）, 0, admin, 2026-07-25 00:11:14, null, null
<==      Total: 75
Closing non transactional SqlSession [org.apache.ibatis.session.defaults.DefaultSqlSession@758eb5f0]
Creating a new SqlSession
SqlSession [org.apache.ibatis.session.defaults.DefaultSqlSession@252e90db] was not registered for synchronization because synchronization is not active
original SQL: SELECT  id,dict_id,item_text,item_value,description,sort_order,status,create_by,create_time,update_by,update_time  FROM sys_dict_item 
 
 WHERE (status = ?) ORDER BY sort_order ASC
SQL to parse, SQL: SELECT  id,dict_id,item_text,item_value,description,sort_order,status,create_by,create_time,update_by,update_time  FROM sys_dict_item 
 
 WHERE (status = ?) ORDER BY sort_order ASC
parse the finished SQL: SELECT id, dict_id, item_text, item_value, description, sort_order, status, create_by, create_time, update_by, update_time FROM sys_dict_item WHERE (status = ?) ORDER BY sort_order ASC
JDBC Connection [dm.jdbc.driver.DmdbConnection@2d3edb0b] will not be managed by Spring
==>  Preparing: SELECT id, dict_id, item_text, item_value, description, sort_order, status, create_by, create_time, update_by, update_time FROM sys_dict_item WHERE (status = ?) ORDER BY sort_order ASC
==> Parameters: 1(Integer)
<==    Columns: id, dict_id, item_text, item_value, description, sort_order, status, create_by, create_time, update_by, update_time
<==        Row: f37f90c496ec9841c4c326b065e00bb2, 83bfb33147013cc81640d5fd9eda030c, 登录日志, 1, null, null, 1, admin, 2019-03-18 23:22:37, null, null
<==        Row: f2a7920421f3335afdf6ad2b342f6b5d, 845da5006c97754728bf48b6a10f79cc, 冻结, 2, null, null, 1, admin, 2019-03-18 21:46:02, null, null
<==        Row: b2a8b4bb2c8e66c2c4b1bb086337f393, 3486f32803bb953e7155dab3513dc68b, 正常, 0, null, null, 1, admin, 2022-10-18 21:46:48, admin, 2019-03-28 22:22:20
<==        Row: aa0d8a8042a18715a17f0a888d360aa4, ac2f7c0c5c5775fcea7e2387bcb22f01, 一级菜单, 0, null, null, 1, admin, 2019-03-18 23:24:52, null, null
<==        Row: 86f19c7e0a73a0bae451021ac05b99dd, ac2f7c0c5c5775fcea7e2387bcb22f01, 子菜单, 1, null, null, 1, admin, 2019-03-18 23:25:27, null, null
<==        Row: 81fb2bb0e838dc68b43f96cc309f8257, fc6cd58fde2e8481db10d3a1e68ce70c, 冻结, 2, null, null, 1, admin, 2019-03-18 23:30:37, null, null
<==        Row: 7ccf7b80c70ee002eceb3116854b75cb, ac2f7c0c5c5775fcea7e2387bcb22f01, 按钮权限, 2, null, null, 1, admin, 2019-03-18 23:25:40, null, null
<==        Row: 78ea6cadac457967a4b1c4eb7aaa418c, fc6cd58fde2e8481db10d3a1e68ce70c, 正常, 1, null, null, 1, admin, 2019-03-18 23:30:28, null, null
<==        Row: 7688469db4a3eba61e6e35578dc7c2e5, c36169beb12de8a71c8683ee7c28a503, 启用, 1, null, null, 1, admin, 2019-03-18 23:29:28, null, null
<==        Row: 75b260d7db45a39fc7f21badeabdb0ed, c36169beb12de8a71c8683ee7c28a503, 不启用, 0, null, null, 1, admin, 2019-03-18 23:29:41, admin, 2019-03-18 23:29:54
<==        Row: 700e9f030654f3f90e9ba76ab0713551, 6b78e3f59faec1a4750acff08030a79b, 333, 333, null, null, 1, admin, 2019-02-21 19:59:47, null, null
<==        Row: 5b65a88f076b32e8e69d19bbaadb52d5, 2f0320997ade5dd147c90130f7218c3e, 全体用户, ALL, null, null, 1, admin, 2020-10-17 21:22:43, admin, 2019-03-28 22:17:09
<==        Row: 4f05fb5376f4c61502c5105f52e4dd2b, 83bfb33147013cc81640d5fd9eda030c, 操作日志, 2, null, null, 1, admin, 2019-03-18 23:22:49, null, null
<==        Row: 43d2295b8610adce9510ff196a49c6e9, 845da5006c97754728bf48b6a10f79cc, 正常, 1, null, null, 1, admin, 2019-03-18 21:45:51, null, null
<==        Row: 0c9532916f5cd722017b46bc4d953e41, 2f0320997ade5dd147c90130f7218c3e, 指定用户, USER, null, null, 1, admin, 2019-03-17 21:22:19, admin, 2019-03-17 21:22:28
<==        Row: 05a2e732ce7b00aa52141ecc3e330b4e, 3486f32803bb953e7155dab3513dc68b, 已删除, 1, null, null, 1, admin, 2025-10-18 21:46:56, admin, 2019-03-28 22:23:20
<==        Row: 8c618902365ca681ebbbe1e28f11a548, 4c753b5293304e7a445fd2741b46529d, 启用, 1, , 0, 1, admin, 2020-07-18 23:19:27, admin, 2019-05-17 14:51:18
<==        Row: 1750000001801, 1750000000018, 拆卸到0级, 0, 完全拆卸, 1, 1, null, 2026-07-22 13:57:50, null, null
<==        Row: 1ce390c52453891f93514c1bd2795d44, ad7c65ba97c20a6805d5dcdf13cdaf36, 000, 00, null, 1, 1, admin, 2019-03-22 16:34:34, null, null
<==        Row: df168368dcef46cade2aadd80100d8aa, 3d9a351be3436fbefb1307d4cfb49bf2, 男, 1, null, 1, 1, null, 2027-08-04 14:56:49, admin, 2019-03-23 22:44:44
<==        Row: 1174509601047994369, 1174509082208395266, 员级, 1, , 1, 1, admin, 2019-09-19 10:24:45, admin, 2019-09-23 11:46:39
<==        Row: 41d7aaa40c9b61756ffb1f28da5ead8e, 0b5d19e1fce4b2e6647e6b4a17760c14, 通知公告, 1, null, 1, 1, admin, 2019-04-22 18:01:57, null, null
<==        Row: 1280401815068295170, 1280401766745718786, 正常, 1, , 1, 1, admin, 2020-07-07 15:22:36, null, null
<==        Row: 66c952ae2c3701a993e7db58f3baf55e, 4e4602b3e3686f0911384e188dc7efb4, 大于, >, 大于, 1, 1, admin, 2019-04-01 10:45:46, admin, 2019-04-01 17:48:29
<==        Row: 1199517914017832962, 1199517671259906049, 重要, 2, , 1, 1, admin, 2019-11-27 10:38:51, null, null
<==        Row: 1815008001, 1815008, 基础校验, basic, DMC格式校验, 1, 1, null, 2026-07-22 15:22:51, null, null
<==        Row: 1356445705549975553, 1356445645198135298, 是, Y, , 1, 1, admin, 2021-02-02 11:33:52, null, null
<==        Row: 9a96c4a4e4c5c9b4e4d0cbf6eb3243cc, 4c753b5293304e7a445fd2741b46529d, 不启用, 0, null, 1, 1, admin, 2019-03-18 23:19:53, null, null
<==        Row: 147c48ff4b51545032a9119d13f3222a, d6e1152968b02d69ff358c75b48a6ee1, 测试流程, test, null, 1, 1, admin, 2019-03-22 19:27:05, null, null
<==        Row: 1750000001301, 1750000000013, zh, zh, 简体中文, 1, 1, null, 2026-07-22 13:57:16, admin, 2026-08-07 20:13:27
<==        Row: 1815013001, 1815013, 有效, valid, 引用有效, 1, 1, null, 2026-07-22 15:22:52, null, null
<==        Row: 1250688147579228161, 1250687930947620866, 正常, 0, , 1, 1, admin, 2020-04-16 15:31:05, , null
<==        Row: 1199518186144276482, 1199518099888414722, 日常记录, 1, , 1, 1, admin, 2019-11-27 10:39:56, null, null
<==        Row: b9fbe2a3602d4a27b45c100ac5328484, 78bda155fe380b1b3f175f1e88c284c6, 待提交, 1, 待提交, 1, 1, admin, 2019-05-09 16:32:35, null, null
<==        Row: 337ea1e401bda7233f6258c284ce4f50, bd1b8bc28e65d6feefefb6f3c79f42fd, JSON, json, null, 1, 1, admin, 2019-04-12 17:26:33, null, null
<==        Row: 2009158497136041986, 2009158440265474049, 通用, 0, , 1, 1, admin, 2026-01-08 15:01:29, admin, 2026-01-09 14:51:56
<==        Row: dm_ft_xml, dm_file_type_001, XML文件, xml, S1000D XML数据模块, 1, 1, admin, 2026-07-23 09:13:02, null, null
<==        Row: dm_co_in, dm_checkout_status_001, 签入, 0, DM已签入，可供他人签出, 1, 1, admin, 2026-07-23 09:12:06, null, null
<==        Row: 1815009001, 1815009, 基本复制, basic, 仅复制基本属性, 1, 1, null, 2026-07-22 15:22:51, null, null
<==        Row: 1815010001, 1815010, 创建, create, 创建新DM, 1, 1, null, 2026-07-22 15:22:51, null, null
<==        Row: dm_ver_0, dm_version_type_001, 草稿版本, 0, In-Work版本，未正式发布, 1, 1, admin, 2026-07-23 09:12:06, null, null
<==        Row: 83250269359855501ec4e9c0b7e21596, 4274efc2292239b6f000b153f50823ff, 可见/可访问(授权后可见/可访问), 1, , 1, 1, admin, 2019-05-10 17:54:51, null, null
<==        Row: 1750000001001, 1750000000010, 描述性DM, description, 描述性数据模块, 1, 1, null, 2026-07-22 13:58:22, admin, 2026-08-01 23:00:56
<==        Row: 1199525468672405505, 1199525215290306561, 未开始, 0, , 1, 1, admin, 2019-11-27 11:08:52, null, null
<==        Row: 1750000001701, 1750000000017, A型, A, A型变体, 1, 1, null, 2026-07-22 13:57:45, null, null
<==        Row: 1199525506429530114, 1199525215290306561, 已完成, 2, , 1, 1, admin, 2019-11-27 11:09:02, admin, 2019-11-27 11:10:02
<==        Row: 1199517884758368257, 1199517671259906049, 一般, 1, , 1, 1, admin, 2019-11-27 10:38:44, null, null
<==        Row: 69cacf64e244100289ddd4aa9fa3b915, a9d9942bd0eccb6e89de92d130ec4c4a, 未发送, 0, null, 1, 1, admin, 2019-04-12 18:19:23, null, null
<==        Row: 1750000001601, 1750000000016, 描述, 00, 描述信息, 1, 1, null, 2026-07-22 13:57:38, null, null
<==        Row: dm_pub_draft, dm_publish_mode_001, 草稿发布, draft, 发布为草稿模式, 1, 1, admin, 2026-07-23 09:19:47, null, null
<==        Row: dm_copy_attr, dm_copy_type_001, 仅复制属性, 0, 创建新DM，仅复制元数据, 1, 1, admin, 2026-07-23 09:21:33, null, null
<==        Row: 222705e11ef0264d4214affff1fb4ff9, 4f69be5f507accea8d5df5f11346181a, 文本, 1, , 1, 1, admin, 2023-02-28 10:50:36, admin, 2022-07-04 16:29:21
<==        Row: 538fca35afe004972c5f3947c039e766, 2e02df51611a4b9632828ab7e5338f00, 显示, 1, 显示, 1, 1, admin, 2025-03-26 18:27:13, admin, 2019-04-26 18:39:07
<==        Row: 096c2e758d823def3855f6376bc736fb, bd1b8bc28e65d6feefefb6f3c79f42fd, SQL, sql, null, 1, 1, admin, 2019-04-12 17:26:26, null, null
<==        Row: 51222413e5906cdaf160bb5c86fb827c, a7adbcd86c37f7dbc9b66945c82ef9e6, 是, 1, , 1, 1, admin, 2019-05-22 19:29:45, null, null
<==        Row: 1815002001, 1815002, 系统描述, 01, 系统级描述性文档, 1, 1, null, 2026-07-22 15:22:50, null, null
<==        Row: 2009149856358096897, 2009149820169641986, GJB6600, GJB6600, , 1, 1, admin, 2026-01-08 14:27:09, admin, 2026-07-16 10:02:57
<==        Row: 1815005001, 1815005, 可更新, 0, 允许更新修改, 1, 1, null, 2026-07-22 15:22:51, null, null
<==        Row: 1174511197735665665, 1174511106530525185, 公司, 1, 公司, 1, 1, admin, 2019-09-19 10:31:05, null, null
<==        Row: dm_ref_st_valid, dm_reference_status_001, 有效, 1, 引用关系有效, 1, 1, admin, 2026-07-23 09:13:13, null, null
<==        Row: 1242300814383435777, 1242298510024429569, 邮件提醒, 1, , 1, 1, admin, 2020-03-24 12:02:49, admin, 2020-03-30 18:21:26
<==        Row: c5700a71ad08994d18ad1dacc37a71a9, a7adbcd86c37f7dbc9b66945c82ef9e6, 否, 0, , 1, 1, admin, 2019-05-22 19:29:55, null, null
<==        Row: 1280401847607705602, 1280401766745718786, 冻结, 0, , 1, 1, admin, 2020-07-07 15:22:44, null, null
<==        Row: 7050c1522702bac3be40e3b7d2e1dfd8, c5a14c75172783d72cbee6ee7f5df5d1, 柱状图, bar, null, 1, 1, admin, 2019-04-12 17:05:17, null, null
<==        Row: dm_upd_0, dm_update_control_001, 无更新控制, 0, 无特殊更新控制, 1, 1, admin, 2026-07-23 09:12:06, null, null
<==        Row: 1232913424813486081, 1232913193820581889, 官方示例, demo, , 1, 1, admin, 2020-02-27 14:20:42, admin, 2020-02-27 14:21:37
<==        Row: 1356445754212290561, 1356445645198135298, 否, N, , 1, 1, admin, 2021-02-02 11:34:04, null, null
<==        Row: 1209733775114702850, 1209733563293962241, MySQL5.5, 1, , 1, 1, admin, 2019-12-25 15:13:02, null, null
<==        Row: 1815007001, 1815007, 草稿模式, draft, 草稿编辑阶段, 1, 1, null, 2026-07-22 15:22:51, null, null
<==        Row: f0162f4cc572c9273f3e26b2b4d8c082, ad7c65ba97c20a6805d5dcdf13cdaf36, booostrap, 1, null, 1, 1, admin, 2021-08-22 16:32:04, admin, 2019-03-22 16:33:57
<==        Row: 6c682d78ddf1715baf79a1d52d2aa8c2, 72cce0989df68887546746d8f09811aa, 单表, 1, null, 1, 1, admin, 2019-03-27 10:13:29, null, null
<==        Row: 1750000001901, 1750000000019, 正式发布, N, 正式发布版本, 1, 1, null, 2026-07-22 13:57:55, null, null
<==        Row: 1750000001101, 1750000000011, 草稿, draft, 草稿状态, 1, 1, null, 2026-07-22 13:57:03, null, null
<==        Row: 1199520817285701634, 1199520177767587841, 列表, 1, , 1, 1, admin, 2019-11-27 10:50:24, null, null
<==        Row: 1815011001, 1815011, XML文件, xml, XML格式文档, 1, 1, null, 2026-07-22 15:22:51, null, null
<==        Row: 6d4e26e78e1a09699182e08516c49fc4, 4d7fec1a7799a436d26d02325eff295e, 高, H, 高, 1, 1, admin, 2019-04-16 17:04:24, null, null
<==        Row: 1750000001401, 1750000000014, CN, CN, 中华人民共和国, 1, 1, null, 2026-07-22 13:57:22, admin, 2026-07-25 14:16:06
<==        Row: 1178295639554928641, 1178295274528845826, 可见(未授权不可见), 1, , 1, 1, admin, 2019-09-29 21:09:06, admin, 2019-09-29 21:09:24
<==        Row: 1199518214858481666, 1199518099888414722, 本周工作, 2, , 1, 1, admin, 2019-11-27 10:40:03, null, null
<==        Row: 1815003001, 1815003, 概述, 001, 概述性内容, 1, 1, null, 2026-07-22 15:22:50, null, null
<==        Row: 1815006001, 1815006, 全部适用, all, 适用于所有型号, 1, 1, null, 2026-07-22 15:22:51, null, null
<==        Row: 1174509082208395266, 1174511106530525185, 岗位, 3, 岗位, 1, 1, admin, 2019-09-19 10:31:16, , null
<==        Row: ba27737829c6e0e582e334832703d75e, 236e8a4baff0db8c62c00dd95632834f, 同步, 1, 同步, 1, 1, admin, 2019-05-15 15:28:15, null, null
<==        Row: 6937c5dde8f92e9a00d4e2ded9198694, ad7c65ba97c20a6805d5dcdf13cdaf36, easyui, 3, null, 1, 1, admin, 2019-03-22 16:32:15, null, null
<==        Row: dm_type_desc, dm_type_001, 描述性DM, descriptive, 描述静态信息（部件、系统介绍）, 1, 1, admin, 2026-07-23 09:12:06, null, null
<==        Row: 1250688201064992770, 1250687930947620866, 停止, -1, , 1, 1, admin, 2020-04-16 15:31:18, , null
<==        Row: b029a41a851465332ee4ee69dcf0a4c2, 0b5d19e1fce4b2e6647e6b4a17760c14, 系统消息, 2, null, 1, 1, admin, 2019-02-22 18:02:08, admin, 2019-04-22 18:02:13
<==        Row: dm_info_desc, dm_info_name_type_001, 描述, description, 描述性信息, 1, 1, admin, 2026-07-23 09:12:06, null, null
<==        Row: 66EF34864A884E9295B1B353DC1CA0D4, 7FAAEB0E8EBE406CBCC3A1FD68AE1F36, 非密, unclassified, Unclassified, 1, 1, admin, 2026-07-25 00:11:24, null, null
<==        Row: b5f3bd5f66bb9a83fecd89228c0d93d1, 68168534ff5065a152bfab275c2136f8, 无效, 0, 无效, 1, 1, admin, 2019-04-26 19:21:49, null, null
<==        Row: 1750000001501, 1750000000015, 安装, 00, 安装相关技术, 1, 1, null, 2026-07-22 13:57:28, null, null
<==        Row: 1174511244036587521, 1174511106530525185, 部门, 2, 部门, 1, 1, admin, 2019-09-19 10:31:16, null, null
<==        Row: 1815004001, 1815004, AVIC-中航工业, AVIC, 中国航空工业集团, 1, 1, null, 2026-07-22 15:22:50, null, null
<==        Row: 034021b8a8404472b13cec49608ceb5d, 52db14900acf4ef386ed34c0e2030afc, 无效, 0, , 1, 1, admin, 2026-04-27 22:25:13, admin, 2026-07-15 10:27:51
<==        Row: 2008794721943351298, 2008794656772255745, 公开, 1, , 1, 1, admin, 2026-01-07 14:55:58, admin, 2026-01-07 14:56:28
<==        Row: dm_ref_dm, dm_ref_type_001, DM引用, dmRef, 数据模块之间的引用, 1, 1, admin, 2026-07-23 09:22:32, null, null
<==        Row: 333e6b2196e01ef9a5f76d74e86a6e33, 8dfe32e2d29ea9430a988b3b558bf233, 未发布, 0, 未发布, 1, 1, admin, 2019-04-16 17:41:12, null, null
<==        Row: 1199518235943247874, 1199518099888414722, 下周计划, 3, , 1, 1, admin, 2019-11-27 10:40:08, null, null
<==        Row: dm_va_inwork, dm_version_action_type_001, In-Work（草稿）, inwork, 创建草稿版本, 1, 1, admin, 2026-07-23 09:21:51, null, null
<==        Row: 1815012001, 1815012, 起草, draft, 起草阶段, 1, 1, null, 2026-07-22 15:22:51, null, null
<==        Row: 1199525490575060993, 1199525215290306561, 进行中, 1, , 1, 1, admin, 2019-11-27 11:08:58, null, null
<==        Row: c53da022b9912e0aed691bbec3c78473, 880a895c98afeca9d9ac39f29e67c13e, 查询, 1, , 1, 1, admin, 2019-07-22 10:54:51, null, null
<==        Row: 1199517941339529217, 1199517671259906049, 紧急, 3, , 1, 1, admin, 2019-11-27 10:38:58, null, null
<==        Row: dm_wf_draft, dm_workflow_step_001, 起草, draft, 起草阶段, 1, 1, admin, 2026-07-23 09:13:06, null, null
<==        Row: dm_status_0, dm_status_001, 已删除, 0, DM已标记删除, 1, 1, admin, 2026-07-23 09:12:06, null, null
<==        Row: fcec03570f68a175e1964808dc3f1c91, 4c03fca6bf1f0299c381213961566349, Tab风格, tab, null, 1, 1, admin, 2019-04-12 17:43:31, null, null
<==        Row: dm_val_none, dm_validate_level_001, 不校验, 0, 跳过XML校验, 1, 1, admin, 2026-07-23 09:12:37, null, null
<==        Row: dm_tech_sys, dm_tech_name_type_001, 系统, system, 系统级技术名称, 1, 1, admin, 2026-07-23 09:12:06, null, null
<==        Row: 1750000001201, 1750000000012, 未提交, 0, 未提交工作流, 1, 1, null, 2026-07-22 13:57:09, null, null
<==        Row: dm_loc_A, dm_location_code_001, A, A, , 1, 1, admin, 2026-07-23 09:12:06, admin, 2026-07-25 14:14:27
<==        Row: 1815001001, 1815001, 未签出, 0, 数据模块未被签出，可被任何人签出, 1, 1, null, 2026-07-22 15:22:50, null, null
<==        Row: 1199520835035996161, 1199520177767587841, 链接, 2, , 1, 1, admin, 2019-11-27 10:50:28, null, null
<==        Row: dm_rpc_001, dm_rpc_type_001, AVIC（中航工业）, AVIC1, 中国航空工业集团, 1, 1, admin, 2026-07-23 09:12:06, null, null
<==        Row: e6329e3a66a003819e2eb830b0ca2ea0, 4e4602b3e3686f0911384e188dc7efb4, 小于, <, 小于, 2, 1, admin, 2019-04-01 16:44:15, admin, 2019-04-01 17:48:34
<==        Row: e94eb7af89f1dbfa0d823580a7a6e66a, 236e8a4baff0db8c62c00dd95632834f, 不同步, 0, 不同步, 2, 1, admin, 2019-05-15 15:28:28, null, null
<==        Row: 1232913493717512194, 1232913193820581889, 流程表单, bpm, , 2, 1, admin, 2020-02-27 14:20:58, admin, 2020-02-27 14:22:20
<==        Row: 1174509667297026049, 1174509082208395266, 助级, 2, , 2, 1, admin, 2019-09-19 10:25:01, admin, 2019-09-23 11:46:47
<==        Row: 1815010002, 1815010, 编辑, edit, 编辑DM属性, 2, 1, null, 2026-07-22 15:22:51, null, null
<==        Row: 71b924faa93805c5c1579f12e001c809, d6e1152968b02d69ff358c75b48a6ee1, OA办公, oa, null, 2, 1, admin, 2021-03-22 19:27:17, admin, 2019-03-22 23:24:36
<==        Row: f16c5706f3ae05c57a53850c64ce7c45, a9d9942bd0eccb6e89de92d130ec4c4a, 发送成功, 1, null, 2, 1, admin, 2019-04-12 18:19:43, null, null
<==        Row: 1815009002, 1815009, 完整复制, full, 复制全部内容+资源, 2, 1, null, 2026-07-22 15:22:51, null, null
<==        Row: 1750000001802, 1750000000018, 拆卸到1级, 1, 拆卸到1级, 2, 1, null, 2026-07-22 13:57:50, null, null
<==        Row: 84dfc178dd61b95a72900fcdd624c471, 78bda155fe380b1b3f175f1e88c284c6, 处理中, 2, 处理中, 2, 1, admin, 2019-05-09 16:33:01, null, null
<==        Row: 1815011002, 1815011, PDF文档, pdf, PDF格式文档, 2, 1, null, 2026-07-22 15:22:51, null, null
<==        Row: 1815007002, 1815007, 审核模式, review, 送审审核阶段, 2, 1, null, 2026-07-22 15:22:51, null, null
<==        Row: 1178295553450061826, 1178295274528845826, 可编辑(未授权禁用), 2, , 2, 1, admin, 2019-09-29 21:08:46, admin, 2019-09-29 21:09:18
<==        Row: 1815005002, 1815005, 锁定, 1, 已锁定禁止修改, 2, 1, null, 2026-07-22 15:22:51, null, null
<==        Row: 1750000001502, 1750000000015, 拆卸, 01, 拆卸相关技术, 2, 1, null, 2026-07-22 13:57:28, null, null
<==        Row: 1815004002, 1815004, COMAC-中国商飞, COMAC, 中国商用飞机有限公司, 2, 1, null, 2026-07-22 15:22:50, null, null
<==        Row: dm_ver_1, dm_version_type_001, 已发布版本, 1, Issue版本，已正式发布, 2, 1, admin, 2026-07-23 09:12:06, null, null
<==        Row: cbfcc5b88fc3a90975df23ffc8cbe29c, c5a14c75172783d72cbee6ee7f5df5d1, 曲线图, line, null, 2, 1, admin, 2019-05-12 17:05:30, admin, 2019-04-12 17:06:06
<==        Row: 1815003002, 1815003, 准备, 002, 准备工作内容, 2, 1, null, 2026-07-22 15:22:50, null, null
<==        Row: 58b73b344305c99b9d8db0fc056bbc0a, 72cce0989df68887546746d8f09811aa, 主表, 2, null, 2, 1, admin, 2019-03-27 10:13:36, null, null
<==        Row: 2008794750670139394, 2008794656772255745, 内部, 2, , 2, 1, admin, 2026-01-07 14:56:05, admin, 2026-01-07 14:56:25
<==        Row: 734C6F3E7AAB4BA8887C09F0527900D1, 7FAAEB0E8EBE406CBCC3A1FD68AE1F36, 机密, confidential, Confidential, 2, 1, admin, 2026-07-25 00:11:24, null, null
<==        Row: dm_wf_review, dm_workflow_step_001, 审核, review, 审核阶段, 2, 1, admin, 2026-07-23 09:13:06, null, null
<==        Row: dm_upd_1, dm_update_control_001, 更新控制, 1, 需要更新控制, 2, 1, admin, 2026-07-23 09:12:06, null, null
<==        Row: dm_rpc_002, dm_rpc_type_001, COMAC（商飞）, COMAC, 中国商用飞机有限责任公司, 2, 1, admin, 2026-07-23 09:12:06, null, null
<==        Row: 1815002002, 1815002, 操作程序, 02, 操作类程序文档, 2, 1, null, 2026-07-22 15:22:50, null, null
<==        Row: 1815001002, 1815001, 已签出, 1, 数据模块已被签出，锁定状态, 2, 1, null, 2026-07-22 15:22:50, null, null
<==        Row: 8ff48e657a7c5090d4f2a59b37d1b878, 4d7fec1a7799a436d26d02325eff295e, 中, M, 中, 2, 1, admin, 2019-04-16 17:04:40, null, null
<==        Row: 1815008002, 1815008, 标准校验, standard, 字段完整性校验, 2, 1, null, 2026-07-22 15:22:51, null, null
<==        Row: 8cdf08045056671efd10677b8456c999, 4274efc2292239b6f000b153f50823ff, 可编辑(未授权时禁用), 2, , 2, 1, admin, 2019-05-10 17:55:38, null, null
<==        Row: 948923658baa330319e59b2213cda97c, 880a895c98afeca9d9ac39f29e67c13e, 添加, 2, , 2, 1, admin, 2019-07-22 10:54:59, admin, 2019-07-22 10:55:36
<==        Row: 1750000001002, 1750000000010, 过程性DM, procedure, 过程性数据模块, 2, 1, null, 2026-07-22 13:58:22, admin, 2026-08-01 23:01:10
<==        Row: dm_info_oper, dm_info_name_type_001, 操作, operation, 操作性信息, 2, 1, admin, 2026-07-23 09:12:06, null, null
<==        Row: 1750000001902, 1750000000019, 临时发布, T, 临时发布版本, 2, 1, null, 2026-07-22 13:57:55, null, null
<==        Row: 308c8aadf0c37ecdde188b97ca9833f5, 8dfe32e2d29ea9430a988b3b558bf233, 已发布, 1, 已发布, 2, 1, admin, 2019-04-16 17:41:24, null, null
<==        Row: dm_ref_dml, dm_ref_type_001, DML引用, dmlRef, 数据模块列表引用, 2, 1, admin, 2026-07-23 09:22:32, null, null
<==        Row: 1334440962954936321, 1209733563293962241, MYSQL5.7+, 4, , 2, 1, admin, 2020-12-03 18:16:02, admin, 2021-07-15 13:44:29
<==        Row: 1750000001702, 1750000000017, B型, B, B型变体, 2, 1, null, 2026-07-22 13:57:45, null, null
<==        Row: 1543fe7e5e26fb97cdafe4981bedc0c8, 4c03fca6bf1f0299c381213961566349, 单排布局, single, null, 2, 1, admin, 2022-07-12 17:43:39, admin, 2019-04-12 17:43:57
<==        Row: 6a7a9e1403a7943aba69e54ebeff9762, 4f69be5f507accea8d5df5f11346181a, 富文本, 2, , 2, 1, admin, 2031-02-28 10:50:44, admin, 2022-07-04 16:29:30
<==        Row: 1750000001602, 1750000000016, 操作, 01, 操作信息, 2, 1, null, 2026-07-22 13:57:38, null, null
<==        Row: 2009158867908321281, 2009158440265474049, 航空, 1, , 2, 1, admin, 2026-01-08 15:02:57, admin, 2026-01-09 14:52:00
<==        Row: 1030a2652608f5eac3b49d70458b8532, 2e02df51611a4b9632828ab7e5338f00, 禁用, 2, 禁用, 2, 1, admin, 2021-03-26 18:27:28, admin, 2019-04-26 18:39:11
<==        Row: dm_pub_official, dm_publish_mode_001, 正式发布, official, 正式发布, 2, 1, admin, 2026-07-23 09:19:47, null, null
<==        Row: 1750000001202, 1750000000012, 流转中, 1, 流程流转中, 2, 1, null, 2026-07-22 13:57:09, null, null
<==        Row: dm_ft_pdf, dm_file_type_001, PDF文件, pdf, PDF格式DM, 2, 1, admin, 2026-07-23 09:13:02, null, null
<==        Row: 2080832479622590466, language_iso_code, English, en, null, 2, 1, admin, 2026-07-25 09:48:18, null, null
<==        Row: 1750000001402, 1750000000014, US, US, United States, 2, 1, null, 2026-07-22 13:57:22, admin, 2026-07-25 14:16:12
<==        Row: 1750000001302, 1750000000013, en, en, English, 2, 1, null, 2026-07-22 13:57:16, admin, 2026-08-07 20:13:41
<==        Row: dm_va_issue, dm_version_action_type_001, Issue（发布）, issue, 创建发布版本, 2, 1, admin, 2026-07-23 09:21:51, null, null
<==        Row: dm_copy_ver, dm_copy_type_001, 创建版本链, 1, 创建版本关联的新DM, 2, 1, admin, 2026-07-23 09:21:33, null, null
<==        Row: dm_ref_st_invalid, dm_reference_status_001, 无效, 0, 引用关系已失效, 2, 1, admin, 2026-07-23 09:13:13, null, null
<==        Row: 1815013002, 1815013, 断链, broken, 引用断链, 2, 1, null, 2026-07-22 15:22:52, null, null
<==        Row: 2009150391974912001, 2009149820169641986, S1000D3.0, S1000D3.0, , 2, 1, admin, 2026-01-08 14:29:16, admin, 2026-07-16 09:58:02
<==        Row: 1242300779390357505, 1242298510024429569, 短信提醒, 2, , 2, 1, admin, 2020-03-24 12:02:41, admin, 2020-03-30 18:21:33
<==        Row: 1750000001102, 1750000000011, 编辑中, editing, 正在编辑, 2, 1, null, 2026-07-22 13:57:03, null, null
<==        Row: dm_val_basic, dm_validate_level_001, 基础校验, 1, 基础XML格式校验, 2, 1, admin, 2026-07-23 09:12:37, null, null
<==        Row: cfe88c07c69443b99e6a1da0d915b36f, 52db14900acf4ef386ed34c0e2030afc, 有效, 1, , 2, 1, admin, 2026-04-27 22:25:13, admin, 2026-07-15 10:28:01
<==        Row: 5d84a8634c8fdfe96275385075b105c9, 3d9a351be3436fbefb1307d4cfb49bf2, 女, 2, null, 2, 1, null, 2019-01-04 14:56:56, null, 2019-01-04 17:38:12
<==        Row: dm_loc_B, dm_location_code_001, B, B, , 2, 1, admin, 2026-07-23 09:12:06, admin, 2026-07-25 14:14:31
<==        Row: dm_tech_assy, dm_tech_name_type_001, 组件, assembly, 组件级技术名称, 2, 1, admin, 2026-07-23 09:12:06, null, null
<==        Row: 1815006002, 1815006, 部分适用, partial, 适用于部分型号, 2, 1, null, 2026-07-22 15:22:51, null, null
<==        Row: dm_co_out, dm_checkout_status_001, 签出, 1, DM已被签出，正在编辑中, 2, 1, admin, 2026-07-23 09:12:06, null, null
<==        Row: dm_status_1, dm_status_001, 正常, 1, DM正常状态, 2, 1, admin, 2026-07-23 09:12:06, null, null
<==        Row: 2d51376643f220afdeb6d216a8ac2c01, 68168534ff5065a152bfab275c2136f8, 有效, 1, 有效, 2, 1, admin, 2019-04-26 19:22:01, null, null
<==        Row: dm_type_proc, dm_type_001, 过程性DM, procedural, 描述操作过程（维护、检查程序）, 2, 1, admin, 2026-07-23 09:12:06, null, null
<==        Row: 1815012002, 1815012, 审核, review, 审核阶段, 2, 1, null, 2026-07-22 15:22:51, null, null
<==        Row: 2009150431040659458, 2009149820169641986, S1000D4.0, S1000D4.0, , 3, 1, admin, 2026-01-08 14:29:26, admin, 2026-07-16 09:58:07
<==        Row: 23a5bb76004ed0e39414e928c4cde155, 4e4602b3e3686f0911384e188dc7efb4, 不等于, !=, 不等于, 3, 1, admin, 2019-04-01 16:46:15, admin, 2019-04-01 17:48:40
<==        Row: dm_loc_C, dm_location_code_001, C, C, , 3, 1, admin, 2026-07-23 09:12:06, admin, 2026-07-25 14:14:39
<==        Row: 1815013003, 1815013, 过期, outdated, 引用过期, 3, 1, null, 2026-07-22 15:22:52, null, null
<==        Row: dm_rpc_003, dm_rpc_type_001, Boeing, BOE01, 波音公司, 3, 1, admin, 2026-07-23 09:12:06, null, null
<==        Row: 1815012003, 1815012, 批准, approve, 批准阶段, 3, 1, null, 2026-07-22 15:22:51, null, null
<==        Row: 0ca4beba9efc4f9dd54af0911a946d5c, 72cce0989df68887546746d8f09811aa, 附表, 3, null, 3, 1, admin, 2019-03-27 10:13:43, null, null
<==        Row: 1815011003, 1815011, 图片, image, 图片文件（jpg/png/gif等）, 3, 1, null, 2026-07-22 15:22:51, null, null
<==        Row: f753aff60ff3931c0ecb4812d8b5e643, 4c03fca6bf1f0299c381213961566349, 双排布局, double, null, 3, 1, admin, 2019-04-12 17:43:51, null, null
<==        Row: 1815010003, 1815010, 签入, checkin, 签入新版本, 3, 1, null, 2026-07-22 15:22:51, null, null
<==        Row: 1815009003, 1815009, 新版本, newVersion, 创建新版本副本, 3, 1, null, 2026-07-22 15:22:51, null, null
<==        Row: 1750000001103, 1750000000011, 审核中, reviewing, 正在审核, 3, 1, null, 2026-07-22 13:57:03, null, null
<==        Row: 1209733839933476865, 1209733563293962241, Oracle, 2, , 3, 1, admin, 2019-12-25 15:13:18, admin, 2021-07-15 13:44:08
<==        Row: 1815008003, 1815008, 严格校验, strict, XML Schema校验, 3, 1, null, 2026-07-22 15:22:51, null, null
<==        Row: 1815007003, 1815007, 正式发布, official, 正式发布版本, 3, 1, null, 2026-07-22 15:22:51, null, null
<==        Row: 1815006003, 1815006, 特定条件, specific, 特定条件下适用, 3, 1, null, 2026-07-22 15:22:51, null, null
<==        Row: 1815005003, 1815005, 待审核, 2, 等待审核中, 3, 1, null, 2026-07-22 15:22:51, null, null
<==        Row: 0072d115e07c875d76c9b022e2179128, 4d7fec1a7799a436d26d02325eff295e, 低, L, 低, 3, 1, admin, 2019-04-16 17:04:59, null, null
<==        Row: 1750000001503, 1750000000015, 检查, 02, 检查相关技术, 3, 1, null, 2026-07-22 13:57:28, null, null
<==        Row: 1815004003, 1815004, CASC-中国航天, CASC, 中国航天科技集团, 3, 1, null, 2026-07-22 15:22:50, null, null
<==        Row: 1815003003, 1815003, 程序, 003, 具体程序步骤, 3, 1, null, 2026-07-22 15:22:50, null, null
<==        Row: a2be752dd4ec980afaec1efd1fb589af, 8dfe32e2d29ea9430a988b3b558bf233, 已撤销, 2, 已撤销, 3, 1, admin, 2019-04-16 17:41:39, null, null
<==        Row: 1815002003, 1815002, 维护程序, 03, 维护类程序文档, 3, 1, null, 2026-07-22 15:22:50, null, null
<==        Row: 1750000001003, 1750000000010, 故障性DM, faultIsolation, 故障性数据模块, 3, 1, null, 2026-07-22 13:58:22, admin, 2026-08-01 23:01:30
<==        Row: 1750000001903, 1750000000019, 紧急发布, E, 紧急发布版本, 3, 1, null, 2026-07-22 13:57:55, null, null
<==        Row: 848d4da35ebd93782029c57b103e5b36, c5a14c75172783d72cbee6ee7f5df5d1, 饼图, pie, null, 3, 1, admin, 2019-04-12 17:05:49, null, null
<==        Row: 1750000001803, 1750000000018, 拆卸到2级, 2, 拆卸到2级, 3, 1, null, 2026-07-22 13:57:50, null, null
<==        Row: 1750000001703, 1750000000017, C型, C, C型变体, 3, 1, null, 2026-07-22 13:57:45, null, null
<==        Row: 1305827309355302914, bd1b8bc28e65d6feefefb6f3c79f42fd, API, api, , 3, 1, admin, 2020-09-15 19:14:26, admin, 2020-09-15 19:14:41
<==        Row: 1750000001603, 1750000000016, 规范, 02, 规范信息, 3, 1, null, 2026-07-22 13:57:38, null, null
<==        Row: 5d833f69296f691843ccdd0c91212b6b, 880a895c98afeca9d9ac39f29e67c13e, 修改, 3, , 3, 1, admin, 2019-07-22 10:55:07, admin, 2019-07-22 10:55:41
<==        Row: 2008794914789060609, 2008794656772255745, 秘密, 3, , 3, 1, admin, 2026-01-07 14:56:44, null, null
<==        Row: 3736FD3883374BB69E5DABE51B5002EC, 7FAAEB0E8EBE406CBCC3A1FD68AE1F36, 秘密, secret, Secret, 3, 1, admin, 2026-07-25 00:11:24, null, null
<==        Row: dm_ref_pm, dm_ref_type_001, PM引用, pmRef, 出版模块引用, 3, 1, admin, 2026-07-23 09:22:32, null, null
<==        Row: dm_pub_temp, dm_publish_mode_001, 临时发布, temporary, 临时发布（测试用）, 3, 1, admin, 2026-07-23 09:19:47, null, null
<==        Row: 1750000001203, 1750000000012, 已通过, 2, 审批通过, 3, 1, null, 2026-07-22 13:57:09, null, null
<==        Row: dm_ref_st_pending, dm_reference_status_001, 待确认, 2, 引用关系待确认, 3, 1, admin, 2026-07-23 09:13:13, null, null
<==        Row: 50223341bfb5ba30bf6319789d8d17fe, d6e1152968b02d69ff358c75b48a6ee1, 业务办理, business, null, 3, 1, admin, 2023-04-22 19:28:05, admin, 2019-03-22 23:24:39
<==        Row: dm_ft_img, dm_file_type_001, 图片文件, image, 图片资源（PNG/JPG/SVG）, 3, 1, admin, 2026-07-23 09:13:02, null, null
<==        Row: dm_val_std, dm_validate_level_001, 标准校验, 2, 严格按S1000D标准校验, 3, 1, admin, 2026-07-23 09:12:37, null, null
<==        Row: 3fbc03d6c994ae06d083751248037c0e, 78bda155fe380b1b3f175f1e88c284c6, 已完成, 3, 已完成, 3, 1, admin, 2019-05-09 16:33:25, null, null
<==        Row: dm_info_maint, dm_info_name_type_001, 维护, maintenance, 维护性信息, 3, 1, admin, 2026-07-23 09:12:06, null, null
<==        Row: 33bc9d9f753cf7dc40e70461e50fdc54, a9d9942bd0eccb6e89de92d130ec4c4a, 发送失败, 2, null, 3, 1, admin, 2019-04-12 18:20:02, null, null
<==        Row: dm_tech_part, dm_tech_name_type_001, 零件, part, 零件级技术名称, 3, 1, admin, 2026-07-23 09:12:06, null, null
<==        Row: 1174509713568587777, 1174509082208395266, 中级, 3, , 3, 1, admin, 2019-09-19 10:25:12, admin, 2019-09-23 11:46:56
<==        Row: dm_wf_approve, dm_workflow_step_001, 批准, approve, 批准阶段, 3, 1, admin, 2026-07-23 09:13:06, null, null
<==        Row: dm_status_2, dm_status_001, 草稿, 2, DM草稿状态, 3, 1, admin, 2026-07-23 09:12:06, null, null
<==        Row: 2009158905313124354, 2009158440265474049, 舰船, 2, , 3, 1, admin, 2026-01-08 15:03:06, admin, 2026-01-09 14:52:03
<==        Row: dm_type_fault, dm_type_001, 故障性DM, fault, 故障隔离与排除程序, 3, 1, admin, 2026-07-23 09:12:06, null, null
<==        Row: 2009150500481556482, 2009149820169641986, S1000D4.2, S1000D4.2, , 4, 1, admin, 2026-01-08 14:29:42, admin, 2026-07-16 09:58:18
<==        Row: 2009150469556953089, 2009149820169641986, S1000D4.1, S1000D4.1, , 4, 1, admin, 2026-01-08 14:29:35, admin, 2026-07-16 09:58:13
<==        Row: 1232913605382467585, 1232913193820581889, 测试表单, temp, , 4, 1, admin, 2020-02-27 14:21:25, admin, 2020-02-27 14:22:16
<==        Row: dm_loc_D, dm_location_code_001, D, D, , 4, 1, admin, 2026-07-23 09:12:06, admin, 2026-07-25 14:14:43
<==        Row: dm_rpc_004, dm_rpc_type_001, Airbus, AIR01, 空客公司, 4, 1, admin, 2026-07-23 09:12:06, null, null
<==        Row: 2008794996636708866, 2008794656772255745, 机密, 4, , 4, 1, admin, 2026-01-07 14:57:03, null, null
<==        Row: 1815012004, 1815012, 发布, publish, 发布阶段, 4, 1, null, 2026-07-22 15:22:51, null, null
<==        Row: 1db531bcff19649fa82a644c8a939dc4, 4c03fca6bf1f0299c381213961566349, 组合布局, combination, , 4, 1, admin, 2019-05-11 16:07:08, null, null
<==        Row: fe50b23ae5e68434def76f67cef35d2d, 78bda155fe380b1b3f175f1e88c284c6, 已作废, 4, 已作废, 4, 1, admin, 2021-09-09 16:33:43, admin, 2019-05-09 16:34:40
<==        Row: 1815011004, 1815011, 视频, video, 视频文件（mp4/avi等）, 4, 1, null, 2026-07-22 15:22:51, null, null
<==        Row: f80a8f6838215753b05e1a5ba3346d22, 880a895c98afeca9d9ac39f29e67c13e, 删除, 4, , 4, 1, admin, 2019-07-22 10:55:14, admin, 2019-07-22 10:55:30
<==        Row: 1815010004, 1815010, 发布, publish, 发布DM, 4, 1, null, 2026-07-22 15:22:51, null, null
<==        Row: 1209733903020003330, 1209733563293962241, SQLServer, 3, , 4, 1, admin, 2019-12-25 15:13:33, admin, 2021-07-15 13:44:11
<==        Row: 1815008004, 1815008, 完整校验, full, 业务逻辑+引用完整性校验, 4, 1, null, 2026-07-22 15:22:51, null, null
<==        Row: d217592908ea3e00ff986ce97f24fb98, c5a14c75172783d72cbee6ee7f5df5d1, 数据列表, table, null, 4, 1, admin, 2019-04-12 17:05:56, null, null
<==        Row: 1815004004, 1815004, OEM-原厂商, OEM, 原始设备制造商, 4, 1, null, 2026-07-22 15:22:50, null, null
<==        Row: 1815003004, 1815003, 清单, 004, 清单类内容, 4, 1, null, 2026-07-22 15:22:50, null, null
<==        Row: 1815002004, 1815002, 故障隔离, 04, 故障诊断与隔离, 4, 1, null, 2026-07-22 15:22:50, null, null
<==        Row: 1750000001004, 1750000000010, 乘员DM, crew, 乘员数据模块, 4, 1, null, 2026-07-22 13:58:22, null, null
<==        Row: 1750000001804, 1750000000018, 拆卸到3级, 3, 拆卸到3级, 4, 1, null, 2026-07-22 13:57:50, null, null
<==        Row: 1750000001704, 1750000000017, D型, D, D型变体, 4, 1, null, 2026-07-22 13:57:45, null, null
<==        Row: dm_wf_publish, dm_workflow_step_001, 发布, publish, 发布阶段, 4, 1, admin, 2026-07-23 09:13:06, null, null
<==        Row: 1750000001604, 1750000000016, 图示, 03, 图示信息, 4, 1, null, 2026-07-22 13:57:38, null, null
<==        Row: 1750000001504, 1750000000015, 测试, 03, 测试相关技术, 4, 1, null, 2026-07-22 13:57:28, null, null
<==        Row: 489FB57746744E3FB93E3E90D581B4A3, 7FAAEB0E8EBE406CBCC3A1FD68AE1F36, 绝密, top_secret, Top Secret, 4, 1, admin, 2026-07-25 00:11:24, null, null
<==        Row: 1242300887343353857, 1242298510024429569, 系统消息, 4, , 4, 1, admin, 2020-03-24 12:03:07, admin, 2020-03-30 18:21:43
<==        Row: 1750000001204, 1750000000012, 已拒绝, 3, 审批拒绝, 4, 1, null, 2026-07-22 13:57:09, null, null
<==        Row: 1174509788361416705, 1174509082208395266, 副高级, 4, , 4, 1, admin, 2019-09-19 10:25:30, admin, 2019-09-23 11:47:06
<==        Row: 41fa1e9571505d643aea87aeb83d4d76, 4e4602b3e3686f0911384e188dc7efb4, 等于, =, 等于, 4, 1, admin, 2019-04-01 16:45:24, admin, 2019-04-01 17:49:00
<==        Row: 1750000001104, 1750000000011, 已发布, published, 已发布状态, 4, 1, null, 2026-07-22 13:57:03, null, null
<==        Row: dm_ft_zip, dm_file_type_001, ZIP压缩包, zip, ZIP格式资源包, 4, 1, admin, 2026-07-23 09:13:02, null, null
<==        Row: dm_val_full, dm_validate_level_001, 完整校验, 3, 完整校验（包括业务规则）, 4, 1, admin, 2026-07-23 09:12:37, null, null
<==        Row: dm_status_3, dm_status_001, 审核中, 3, DM正在审核, 4, 1, admin, 2026-07-23 09:12:06, null, null
<==        Row: 2009158953551814657, 2009158440265474049, 战术导弹, 3, , 4, 1, admin, 2026-01-08 15:03:18, admin, 2026-01-09 14:52:08
<==        Row: dm_type_front, dm_type_001, 前事性DM, frontmatter, 封面、前言、目录等, 4, 1, admin, 2026-07-23 09:12:06, null, null
<==        Row: dm_loc_T, dm_location_code_001, T, T, , 5, 1, admin, 2026-07-23 09:12:06, admin, 2026-07-25 14:14:49
<==        Row: 2008795045311606785, 2008794656772255745, 绝密, 5, , 5, 1, admin, 2026-01-07 14:57:15, null, null
<==        Row: 1815011005, 1815011, 音频, audio, 音频文件（mp3/wav等）, 5, 1, null, 2026-07-22 15:22:51, null, null
<==        Row: 1815010005, 1815010, 回滚, rollback, 版本回滚, 5, 1, null, 2026-07-22 15:22:51, null, null
<==        Row: 1815004005, 1815004, SUB-分包商, SUB, 分包供应商, 5, 1, null, 2026-07-22 15:22:50, null, null
<==        Row: bcec04526b04307e24a005d6dcd27fd6, 880a895c98afeca9d9ac39f29e67c13e, 导入, 5, , 5, 1, admin, 2019-07-22 12:06:41, null, null
<==        Row: 1815003005, 1815003, 图例, 005, 图例说明, 5, 1, null, 2026-07-22 15:22:50, null, null
<==        Row: 1815002005, 1815002, 拆装程序, 05, 拆卸与安装程序, 5, 1, null, 2026-07-22 15:22:50, null, null
<==        Row: 1414837074500976641, 1209733563293962241, postgresql, 6, , 5, 1, admin, 2021-07-13 14:40:20, admin, 2021-07-15 13:44:15
<==        Row: 1750000001005, 1750000000010, 规划性DM, maintPlanning, 规划性数据模块, 5, 1, null, 2026-07-22 13:58:22, null, null
<==        Row: 84778d7e928bc843ad4756db1322301f, 4e4602b3e3686f0911384e188dc7efb4, 大于等于, >=, 大于等于, 5, 1, admin, 2019-04-01 10:46:02, admin, 2019-04-01 17:49:05
<==        Row: 1750000001805, 1750000000018, 拆卸到4级, 4, 拆卸到4级, 5, 1, null, 2026-07-22 13:57:50, null, null
<==        Row: 1750000001705, 1750000000017, E型, E, E型变体, 5, 1, null, 2026-07-22 13:57:45, null, null
<==        Row: 1750000001605, 1750000000016, 数据, 04, 数据信息, 5, 1, null, 2026-07-22 13:57:38, null, null
<==        Row: 1174509835803189250, 1174509082208395266, 正高级, 5, , 5, 1, admin, 2019-09-19 10:25:41, admin, 2019-09-23 11:47:12
<==        Row: 1750000001505, 1750000000015, 维修, 04, 维修相关技术, 5, 1, null, 2026-07-22 13:57:28, null, null
<==        Row: 1750000001105, 1750000000011, 已归档, archived, 已归档状态, 5, 1, null, 2026-07-22 13:57:03, null, null
<==        Row: 2076625175196975105, 2009149820169641986, S1000D4.3, S1000D4.3, , 5, 1, admin, 2026-07-13 19:09:58, admin, 2026-07-16 09:58:24
<==        Row: 2009158995578740738, 2009158440265474049, 地面车辆, 4, , 5, 1, admin, 2026-01-08 15:03:28, admin, 2026-01-09 14:52:11
<==        Row: dm_status_4, dm_status_001, 已发布, 4, DM已正式发布, 5, 1, admin, 2026-07-23 09:12:06, null, null
<==        Row: 1232914232372195330, 1232913193820581889, 导入表单, bdfl_include, , 5, 1, admin, 2020-02-27 14:23:54, null, null
<==        Row: 25847e9cb661a7c711f9998452dc09e6, 4e4602b3e3686f0911384e188dc7efb4, 小于等于, <=, 小于等于, 6, 1, admin, 2019-04-01 16:44:34, admin, 2019-04-01 17:49:10
<==        Row: 1815011006, 1815011, 压缩包, zip, ZIP/RAR压缩包, 6, 1, null, 2026-07-22 15:22:51, null, null
<==        Row: 1815003006, 1815003, 备注, 006, 备注信息, 6, 1, null, 2026-07-22 15:22:50, null, null
<==        Row: a1e7d1ca507cff4a480c8caba7c1339e, 880a895c98afeca9d9ac39f29e67c13e, 导出, 6, , 6, 1, admin, 2019-07-22 12:06:50, null, null
<==        Row: 1815002006, 1815002, 测试程序, 06, 测试与检验程序, 6, 1, null, 2026-07-22 15:22:50, null, null
<==        Row: 1415547541091504129, 1209733563293962241, marialDB, 5, , 6, 1, admin, 2021-07-15 13:43:28, admin, 2021-07-15 13:44:23
<==        Row: 1750000001006, 1750000000010, 工艺性DM, process, 工艺性数据模块, 6, 1, null, 2026-07-22 13:58:22, null, null
<==        Row: 1750000001606, 1750000000016, 工具, 05, 工具信息, 6, 1, null, 2026-07-22 13:57:38, null, null
<==        Row: 1750000001506, 1750000000015, 调整, 05, 调整相关技术, 6, 1, null, 2026-07-22 13:57:28, null, null
<==        Row: 2009159040323575809, 2009158440265474049, 军械, 5, , 6, 1, admin, 2026-01-08 15:03:38, admin, 2026-01-09 14:52:15
<==        Row: dm_status_5, dm_status_001, 已归档, 5, DM已归档, 6, 1, admin, 2026-07-23 09:12:06, null, null
<==        Row: 1815011007, 1815011, 其他, other, 其他类型文件, 7, 1, null, 2026-07-22 15:22:51, null, null
<==        Row: 1815003007, 1815003, 参考, 007, 参考资料, 7, 1, null, 2026-07-22 15:22:50, null, null
<==        Row: 1815002007, 1815002, 检查程序, 07, 检查类程序文档, 7, 1, null, 2026-07-22 15:22:50, null, null
<==        Row: 1418049969003089922, 1209733563293962241, 达梦, 7, , 7, 1, admin, 2021-07-22 11:27:13, admin, 2021-07-22 11:27:30
<==        Row: 6d404fd2d82311fbc87722cd302a28bc, 4e4602b3e3686f0911384e188dc7efb4, 模糊, LIKE, 模糊, 7, 1, admin, 2019-04-01 16:46:02, admin, 2019-04-01 17:49:20
<==        Row: 1750000001607, 1750000000016, 耗材, 06, 耗材信息, 7, 1, null, 2026-07-22 13:57:38, null, null
<==        Row: 1750000001507, 1750000000015, 润滑, 06, 润滑相关技术, 7, 1, null, 2026-07-22 13:57:28, null, null
<==        Row: 1750000001007, 1750000000010, 故障报告DM, faultReporting, 故障报告数据模块, 7, 1, null, 2026-08-05 18:03:27, null, null
<==        Row: C666D8CA975441DDA5055935B1D12A38, 1750000000010, 前言类, frontmatter, Front Matter, 7, 1, admin, 2026-07-25 00:11:43, null, null
<==        Row: 1234371809495760898, 4e4602b3e3686f0911384e188dc7efb4, 右模糊, RIGHT_LIKE, 右模糊, 7, 1, admin, 2020-03-02 14:55:47, null, null
<==        Row: 2009159092395859970, 2009158440265474049, 保障与训练, 6, , 7, 1, admin, 2026-01-08 15:03:51, admin, 2026-01-09 14:52:21
<==        Row: 1234371726545010689, 4e4602b3e3686f0911384e188dc7efb4, 左模糊, LEFT_LIKE, 左模糊, 7, 1, admin, 2020-03-02 14:55:27, null, null
<==        Row: 1815003008, 1815003, 附录, 008, 附录内容, 8, 1, null, 2026-07-22 15:22:50, null, null
<==        Row: adcf2a1fe93bb99a84833043f475fe0b, 4e4602b3e3686f0911384e188dc7efb4, 包含, IN, 包含, 8, 1, admin, 2019-04-01 16:45:47, admin, 2019-04-01 17:49:24
<==        Row: 1815002008, 1815002, 修理程序, 08, 修理类程序文档, 8, 1, null, 2026-07-22 15:22:50, null, null
<==        Row: 1418050017053036545, 1209733563293962241, 人大金仓, 8, , 8, 1, admin, 2021-07-22 11:27:25, null, null
<==        Row: 1750000001608, 1750000000016, 附件, 07, 附件信息, 8, 1, null, 2026-07-22 13:57:38, null, null
<==        Row: 1750000001508, 1750000000015, 清洁, 07, 清洁相关技术, 8, 1, null, 2026-07-22 13:57:28, null, null
<==        Row: 1750000001008, 1750000000010, 图解零件目录DM, illustratedPartsCatalog, 图解零件目录数据模块, 8, 1, null, 2026-08-05 18:03:31, null, null
<==        Row: 2009159141330804738, 2009158440265474049, 通信, 7, , 8, 1, admin, 2026-01-08 15:04:02, admin, 2026-01-09 14:52:26
<==        Row: 1418050075555188737, 1209733563293962241, 神通, 9, , 9, 1, admin, 2021-07-22 11:27:39, null, null
<==        Row: 5584c21993bde231bbde2b966f2633ac, 4e4602b3e3686f0911384e188dc7efb4, 自定义SQL表达式, USE_SQL_RULES, 自定义SQL表达式, 9, 1, admin, 2019-04-01 10:45:24, admin, 2019-04-01 17:49:27
<==        Row: 1418050110669901826, 1209733563293962241, SQLite, 10, , 10, 1, admin, 2021-07-22 11:27:47, null, null
<==        Row: 1418050149475602434, 1209733563293962241, DB2, 11, , 11, 1, admin, 2021-07-22 11:27:56, null, null
<==        Row: 1418050209823248385, 1209733563293962241, Hsqldb, 12, , 12, 1, admin, 2021-07-22 11:28:11, admin, 2021-07-22 11:28:27
<==        Row: 1418050323111399425, 1209733563293962241, Derby, 13, , 13, 1, admin, 2021-07-22 11:28:38, null, null
<==        Row: 1418117316707590146, 1209733563293962241, H2, 14, , 14, 1, admin, 2021-07-22 15:54:50, null, null
<==        Row: 1418491604048449537, 1209733563293962241, 其他数据库, 15, , 15, 1, admin, 2021-07-23 16:42:07, null, null
<==      Total: 324
Closing non transactional SqlSession [org.apache.ibatis.session.defaults.DefaultSqlSession@252e90db]
Creating a new SqlSession
SqlSession [org.apache.ibatis.session.defaults.DefaultSqlSession@1da7fb37] was not registered for synchronization because synchronization is not active
JDBC Connection [dm.jdbc.driver.DmdbConnection@2d3edb0b] will not be managed by Spring
==>  Preparing: insert into sys_log (id, log_type, log_content, method, operate_type, request_url, request_type, request_param, ip, userid, username, cost_time, create_time,create_by) values( ?, ?, ?, ?, ?, ?, ?, ?, ?, ?, ?, ?, ?, ? )
==> Parameters: 2085973773206396930(String), 1(Integer), 用户名: admin,登录成功！(String), null, null, null, null, null, 0:0:0:0:0:0:0:1(String), admin(String), 管理员(String), null, 2026-08-08 14:17:57.711(Timestamp), null
<==    Updates: 1
Closing non transactional SqlSession [org.apache.ibatis.session.defaults.DefaultSqlSession@1da7fb37]
Creating a new SqlSession
SqlSession [org.apache.ibatis.session.defaults.DefaultSqlSession@d2d744f] was not registered for synchronization because synchronization is not active
original SQL: SELECT  id,username,realname,password,salt,avatar,birthday,sex,email,phone,org_code,status,del_flag,work_no,post,telephone,create_by,create_time,update_by,update_time,activiti_sync,user_identity,depart_ids,rel_tenant_ids,client_id  FROM sys_user 
 WHERE  del_flag=0

AND (username = ?)
SQL to parse, SQL: SELECT  id,username,realname,password,salt,avatar,birthday,sex,email,phone,org_code,status,del_flag,work_no,post,telephone,create_by,create_time,update_by,update_time,activiti_sync,user_identity,depart_ids,rel_tenant_ids,client_id  FROM sys_user 
 WHERE  del_flag=0

AND (username = ?)
parse the finished SQL: SELECT id, username, realname, password, salt, avatar, birthday, sex, email, phone, org_code, status, del_flag, work_no, post, telephone, create_by, create_time, update_by, update_time, activiti_sync, user_identity, depart_ids, rel_tenant_ids, client_id FROM sys_user WHERE del_flag = 0 AND (username = ?)
JDBC Connection [dm.jdbc.driver.DmdbConnection@2d3edb0b] will not be managed by Spring
==>  Preparing: SELECT id, username, realname, password, salt, avatar, birthday, sex, email, phone, org_code, status, del_flag, work_no, post, telephone, create_by, create_time, update_by, update_time, activiti_sync, user_identity, depart_ids, rel_tenant_ids, client_id FROM sys_user WHERE del_flag = 0 AND (username = ?)
==> Parameters: admin(String)
<==    Columns: id, username, realname, password, SALT, avatar, birthday, sex, email, phone, org_code, status, del_flag, work_no, post, telephone, create_by, create_time, update_by, update_time, activiti_sync, user_identity, depart_ids, rel_tenant_ids, client_id
<==        Row: e9ca23d68d884d4ebb19d07889727dae, admin, 管理员, cb362cfeefbf3d8d, RCGTeGiH, https://static.jeecg.com/temp/国炬软件logo_1606575029126.png, 2018-12-05 00:00:00, 1, jeecg@163.com, 18611111111, A01, 1, 0, 00001, 总经理, null, null, 2019-06-21 00:00:00, admin, 2022-10-17 00:00:00, 1, 2, <<BLOB>>, null, null
<==      Total: 1
Closing non transactional SqlSession [org.apache.ibatis.session.defaults.DefaultSqlSession@d2d744f]
Creating a new SqlSession
SqlSession [org.apache.ibatis.session.defaults.DefaultSqlSession@754ecc18] was not registered for synchronization because synchronization is not active
original SQL: select * from sys_depart where id IN ( select dep_id from sys_user_depart where user_id = ? )
SQL to parse, SQL: select * from sys_depart where id IN ( select dep_id from sys_user_depart where user_id = ? )
parse the finished SQL: SELECT * FROM sys_depart WHERE id IN (SELECT dep_id FROM sys_user_depart WHERE user_id = ?)
JDBC Connection [dm.jdbc.driver.DmdbConnection@2d3edb0b] will not be managed by Spring
==>  Preparing: SELECT * FROM sys_depart WHERE id IN (SELECT dep_id FROM sys_user_depart WHERE user_id = ?)
==> Parameters: e9ca23d68d884d4ebb19d07889727dae(String)
<==    Columns: ID, PARENT_ID, DEPART_NAME, DEPART_NAME_EN, DEPART_NAME_ABBR, DEPART_ORDER, DESCRIPTION, ORG_CATEGORY, ORG_TYPE, ORG_CODE, MOBILE, FAX, ADDRESS, MEMO, STATUS, DEL_FLAG, QYWX_IDENTIFIER, CREATE_BY, CREATE_TIME, UPDATE_BY, UPDATE_TIME
<==        Row: c6d7cb4deeac411cb3384b1b31278596, , 北京国炬软件, null, null, 0, null, 1, 1, A01, null, null, null, null, null, 0, null, admin, 2019-02-11 14:21:51, admin, 2020-05-02 18:21:27
<==      Total: 1
Closing non transactional SqlSession [org.apache.ibatis.session.defaults.DefaultSqlSession@754ecc18]
Creating a new SqlSession
SqlSession [org.apache.ibatis.session.defaults.DefaultSqlSession@1f865b3a] was not registered for synchronization because synchronization is not active
JDBC Connection [dm.jdbc.driver.DmdbConnection@2d3edb0b] will not be managed by Spring
original SQL: UPDATE sys_user SET org_code = ? where username = ?
SQL to parse, SQL: UPDATE sys_user SET org_code = ? where username = ?
parse the finished SQL: UPDATE sys_user SET org_code = ? WHERE username = ?
==>  Preparing: UPDATE sys_user SET org_code = ? WHERE username = ?
==> Parameters: A01(String), admin(String)
<==    Updates: 1
Closing non transactional SqlSession [org.apache.ibatis.session.defaults.DefaultSqlSession@1f865b3a]
2026-08-08 14:17:58.205 [http-nio-9999-exec-7] [34mINFO [0;39m [36mo.j.c.modules.redis.writer.JeecgRedisCacheWriter:113[0;39m - redis remove key:sys:cache:encrypt:user::admin
Creating a new SqlSession
SqlSession [org.apache.ibatis.session.defaults.DefaultSqlSession@6738a7ff] was not registered for synchronization because synchronization is not active
original SQL: SELECT  id,type,dict_name,dict_code,description,del_flag,create_by,create_time,update_by,update_time  FROM sys_dict 
 WHERE del_flag=0
SQL to parse, SQL: SELECT  id,type,dict_name,dict_code,description,del_flag,create_by,create_time,update_by,update_time  FROM sys_dict 
 WHERE del_flag=0
parse the finished SQL: SELECT id, type, dict_name, dict_code, description, del_flag, create_by, create_time, update_by, update_time FROM sys_dict WHERE del_flag = 0
JDBC Connection [dm.jdbc.driver.DmdbConnection@2d3edb0b] will not be managed by Spring
==>  Preparing: SELECT id, type, dict_name, dict_code, description, del_flag, create_by, create_time, update_by, update_time FROM sys_dict WHERE del_flag = 0
==> Parameters: 
<==    Columns: id, TYPE, dict_name, dict_code, description, del_flag, create_by, create_time, update_by, update_time
<==        Row: 0b5d19e1fce4b2e6647e6b4a17760c14, 0, 通告类型, msg_category, 消息类型1:通知公告2:系统消息, 0, admin, 2019-04-22 18:01:35, null, null
<==        Row: 1174509082208395266, 0, 职务职级, position_rank, 职务表职级字典, 0, admin, 2019-09-19 10:22:41, null, null
<==        Row: 1174511106530525185, 0, 机构类型, org_category, 机构类型 1公司，2部门 3岗位, 0, admin, 2019-09-19 10:30:43, null, null
<==        Row: 1178295274528845826, null, 表单权限策略, form_perms_type, , 0, admin, 2019-09-29 21:07:39, admin, 2019-09-29 21:08:26
<==        Row: 1199517671259906049, 0, 紧急程度, urgent_level, 日程计划紧急程度, 0, admin, 2019-11-27 10:37:53, null, null
<==        Row: 1199518099888414722, 0, 日程计划类型, eoa_plan_type, , 0, admin, 2019-11-27 10:39:36, null, null
<==        Row: 1199520177767587841, 0, 分类栏目类型, eoa_cms_menu_type, , 0, admin, 2019-11-27 10:47:51, admin, 2019-11-27 10:49:35
<==        Row: 1199525215290306561, 0, 日程计划状态, eoa_plan_status, , 0, admin, 2019-11-27 11:07:52, admin, 2019-11-27 11:10:11
<==        Row: 1209733563293962241, 0, 数据库类型, database_type, , 0, admin, 2019-12-25 15:12:12, null, null
<==        Row: 1232913193820581889, 0, Online表单业务分类, ol_form_biz_type, , 0, admin, 2020-02-27 14:19:46, admin, 2020-02-27 14:20:23
<==        Row: 1242298510024429569, 0, 提醒方式, remindMode, , 0, admin, 2020-03-24 11:53:40, admin, 2020-03-24 12:03:22
<==        Row: 1250687930947620866, null, 定时任务状态, quartz_status, , 0, admin, 2020-04-16 15:30:14, , null
<==        Row: 1280401766745718786, 0, 租户状态, tenant_status, 租户状态, 0, admin, 2020-07-07 15:22:25, null, null
<==        Row: 1356445645198135298, 0, 开关, is_open, , 0, admin, 2021-02-02 11:33:38, admin, 2021-02-02 15:28:12
<==        Row: 236e8a4baff0db8c62c00dd95632834f, 0, 同步工作流引擎, activiti_sync, 同步工作流引擎, 0, admin, 2019-05-15 15:27:33, null, null
<==        Row: 2e02df51611a4b9632828ab7e5338f00, 0, 权限策略, perms_type, 权限策略, 0, admin, 2019-04-26 18:26:55, null, null
<==        Row: 2f0320997ade5dd147c90130f7218c3e, 0, 推送类别, msg_type, , 0, admin, 2019-03-17 21:21:32, admin, 2019-03-26 19:57:45
<==        Row: 3486f32803bb953e7155dab3513dc68b, 0, 删除状态, del_flag, null, 0, admin, 2019-01-18 21:46:26, admin, 2019-03-30 11:17:11
<==        Row: 3d9a351be3436fbefb1307d4cfb49bf2, 1, 性别, sex, null, 0, null, 2019-01-04 14:56:32, admin, 2019-03-30 11:28:27
<==        Row: 4274efc2292239b6f000b153f50823ff, 0, 全局权限策略, global_perms_type, 全局权限策略, 0, admin, 2019-05-10 17:54:05, null, null
<==        Row: 4c03fca6bf1f0299c381213961566349, 0, Online图表展示模板, online_graph_display_template, Online图表展示模板, 0, admin, 2019-04-12 17:28:50, null, null
<==        Row: 4c753b5293304e7a445fd2741b46529d, 1, 字典状态, dict_item_status, null, 0, admin, 2020-06-18 23:18:42, admin, 2019-03-30 19:33:52
<==        Row: 4d7fec1a7799a436d26d02325eff295e, 0, 优先级, priority, 优先级, 0, admin, 2019-03-16 17:03:34, admin, 2019-04-16 17:39:23
<==        Row: 4e4602b3e3686f0911384e188dc7efb4, 0, 条件规则, rule_conditions, , 0, admin, 2019-04-01 10:15:03, admin, 2019-04-01 10:30:47
<==        Row: 4f69be5f507accea8d5df5f11346181a, 0, 发送消息类型, msgType, null, 0, admin, 2019-04-11 14:27:09, null, null
<==        Row: 68168534ff5065a152bfab275c2136f8, 0, 有效无效状态, valid_status, 有效无效状态, 0, admin, 2020-09-26 19:21:14, admin, 2019-04-26 19:21:23
<==        Row: 6b78e3f59faec1a4750acff08030a79b, 0, 用户类型, user_type, null, 0, null, 2019-01-04 14:59:01, admin, 2019-03-18 23:28:18
<==        Row: 72cce0989df68887546746d8f09811aa, 0, Online表单类型, cgform_table_type, , 0, admin, 2019-01-27 10:13:02, admin, 2019-03-30 11:37:36
<==        Row: 78bda155fe380b1b3f175f1e88c284c6, 0, 流程状态, bpm_status, 流程状态, 0, admin, 2019-05-09 16:31:52, null, null
<==        Row: 83bfb33147013cc81640d5fd9eda030c, 1, 日志类型, log_type, null, 0, admin, 2019-03-18 23:22:19, null, null
<==        Row: 845da5006c97754728bf48b6a10f79cc, 0, 状态, status, null, 0, admin, 2019-03-18 21:45:25, admin, 2019-03-18 21:58:25
<==        Row: 880a895c98afeca9d9ac39f29e67c13e, 0, 操作类型, operate_type, 操作类型, 0, admin, 2019-07-22 10:54:29, null, null
<==        Row: 8dfe32e2d29ea9430a988b3b558bf233, 0, 发布状态, send_status, 发布状态, 0, admin, 2019-04-16 17:40:42, null, null
<==        Row: a7adbcd86c37f7dbc9b66945c82ef9e6, 0, 1是0否, yn, , 0, admin, 2019-05-22 19:29:29, null, null
<==        Row: a9d9942bd0eccb6e89de92d130ec4c4a, 0, 消息发送状态, msgSendStatus, null, 0, admin, 2019-04-12 18:18:17, null, null
<==        Row: ac2f7c0c5c5775fcea7e2387bcb22f01, 1, 菜单类型, menu_type, null, 0, admin, 2020-12-18 23:24:32, admin, 2019-04-01 15:27:06
<==        Row: ad7c65ba97c20a6805d5dcdf13cdaf36, 0, onlineT类型, ceshi_online, null, 0, admin, 2019-03-22 16:31:49, admin, 2019-03-22 16:34:16
<==        Row: bd1b8bc28e65d6feefefb6f3c79f42fd, 0, Online图表数据类型, online_graph_data_type, Online图表数据类型, 0, admin, 2019-04-12 17:24:24, admin, 2019-04-12 17:24:57
<==        Row: c36169beb12de8a71c8683ee7c28a503, 0, 部门状态, depart_status, null, 0, admin, 2019-03-18 21:59:51, null, null
<==        Row: c5a14c75172783d72cbee6ee7f5df5d1, 0, Online图表类型, online_graph_type, Online图表类型, 0, admin, 2019-04-12 17:04:06, null, null
<==        Row: d6e1152968b02d69ff358c75b48a6ee1, 0, 流程类型, bpm_process_type, null, 0, admin, 2021-02-22 19:26:54, admin, 2019-03-30 18:14:44
<==        Row: fc6cd58fde2e8481db10d3a1e68ce70c, 1, 用户状态, user_status, null, 0, admin, 2019-03-18 21:57:25, admin, 2019-03-18 23:11:58
<==        Row: 2008794656772255745, 0, 密级, security, 密级（ietm项目用）, 0, admin, 2026-01-07 14:55:42, null, null
<==        Row: 2009149820169641986, 0, 标准版本, standard_type, 标准版本, 0, admin, 2026-01-08 14:27:00, admin, 2026-07-13 19:39:51
<==        Row: 2009158440265474049, 0, 装备类型, equipment_type, , 0, admin, 2026-01-08 15:01:15, admin, 2026-01-08 15:20:23
<==        Row: 9e203d99a790493aa44a964b28d13c7f, 0, 机构评级, agency_rating, 机构评级字典, 0, admin, 2026-04-27 22:23:33, admin, 2026-04-27 22:23:33
<==        Row: 52db14900acf4ef386ed34c0e2030afc, 1, 项目状态, project_status, 项目状态字典, 0, admin, 2026-04-27 22:24:16, null, null
<==        Row: 1750000000011, 0, DM状态, dm_status, IETM数据模块状态, 0, null, 2026-07-22 13:57:03, null, null
<==        Row: 1750000000012, 0, 工作流状态, workflow_status, IETM工作流状态, 0, null, 2026-07-22 13:57:09, null, null
<==        Row: 1750000000013, 0, 语言代码, language, ISO 639-1语言代码, 0, null, 2026-07-22 13:57:16, null, null
<==        Row: 1750000000014, 0, 国家代码, country, ISO 3166-1国家代码, 0, null, 2026-07-22 13:57:22, null, null
<==        Row: 1750000000015, 0, 技术名称, tech_name, IETM技术名称（DMC第9段）, 0, null, 2026-07-22 13:57:28, null, null
<==        Row: 1750000000016, 0, 信息名称, info_name, IETM信息名称（DMC第10段）, 0, null, 2026-07-22 13:57:38, null, null
<==        Row: 1750000000017, 0, 变体代码, variant_code, IETM变体代码（DMC第11段A）, 0, null, 2026-07-22 13:57:45, null, null
<==        Row: 1750000000018, 0, 拆卸代码, disassy_code, IETM拆卸代码（DMC第11段B）, 0, null, 2026-07-22 13:57:49, null, null
<==        Row: 1750000000019, 0, 发布类型, issue_type, IETM发布类型（DMC第11段C）, 0, null, 2026-07-22 13:57:55, null, null
<==        Row: 1750000000010, 0, DM类型, dm_type, IETM数据模块类型分类, 0, null, 2026-07-22 13:58:22, null, null
<==        Row: 1815001, 0, DM签出状态, dm_checkout_status, 数据模块签出状态：未签出/已签出, 0, admin, 2026-07-22 15:22:50, null, null
<==        Row: 1815002, 0, DM技术名称类型, dm_tech_name_type, 数据模块技术名称分类, 0, admin, 2026-07-22 15:22:50, null, null
<==        Row: 1815003, 0, DM信息名称类型, dm_info_name_type, 数据模块信息名称分类, 0, admin, 2026-07-22 15:22:50, null, null
<==        Row: 1815004, 0, DM责任伙伴公司, dm_rpc_type, 责任伙伴公司编号, 0, admin, 2026-07-22 15:22:50, null, null
<==        Row: 1815005, 0, DM更新控制状态, dm_update_control, 数据模块更新控制状态, 0, admin, 2026-07-22 15:22:51, null, null
<==        Row: 1815006, 0, DM应用范围, dm_applicability, 数据模块适用范围, 0, admin, 2026-07-22 15:22:51, null, null
<==        Row: 1815007, 0, DM发布模式, dm_publish_mode, 数据模块发布模式, 0, admin, 2026-07-22 15:22:51, null, null
<==        Row: 1815008, 0, DM校验级别, dm_validate_level, 数据模块校验级别, 0, admin, 2026-07-22 15:22:51, null, null
<==        Row: 1815009, 0, DM复制类型, dm_copy_type, 数据模块复制类型, 0, admin, 2026-07-22 15:22:51, null, null
<==        Row: 1815010, 0, DM版本操作类型, dm_version_action, 数据模块版本操作记录, 0, admin, 2026-07-22 15:22:51, null, null
<==        Row: 1815011, 0, DM文件类型, dm_file_type, 数据模块资源文件类型, 0, admin, 2026-07-22 15:22:51, null, null
<==        Row: 1815012, 0, DM工作流步骤, dm_workflow_step, 数据模块工作流步骤, 0, admin, 2026-07-22 15:22:51, null, null
<==        Row: 1815013, 0, DM引用状态, dm_reference_status, 数据模块引用关系状态, 0, admin, 2026-07-22 15:22:51, null, null
<==        Row: dm_location_code_001, 0, DM位置码, dm_location_code, IETM位置码（A/B/C/D/T）S1000D标准, 0, admin, 2026-07-23 09:10:21, null, null
<==        Row: dm_version_type_001, 0, DM版本类型, dm_version_type, 版本类型（草稿/已发布）, 0, admin, 2026-07-23 09:10:53, null, null
<==        Row: dm_version_action_type_001, 0, DM版本操作类型, dm_version_action_type, 版本操作（inwork/issue）, 0, admin, 2026-07-23 09:11:40, null, null
<==        Row: dm_ref_type_001, 0, DM引用类型, dm_ref_type, DM引用关系类型（dmRef/dmlRef/pmRef）, 0, admin, 2026-07-23 09:11:55, null, null
<==        Row: 7FAAEB0E8EBE406CBCC3A1FD68AE1F36, 0, DM密级, dm_security, 数据模块密级（S1000D标准）, 0, admin, 2026-07-25 00:11:14, null, null
<==      Total: 75
Closing non transactional SqlSession [org.apache.ibatis.session.defaults.DefaultSqlSession@6738a7ff]
Creating a new SqlSession
SqlSession [org.apache.ibatis.session.defaults.DefaultSqlSession@58e34d31] was not registered for synchronization because synchronization is not active
original SQL: SELECT  id,dict_id,item_text,item_value,description,sort_order,status,create_by,create_time,update_by,update_time  FROM sys_dict_item 
 
 WHERE (status = ?) ORDER BY sort_order ASC
SQL to parse, SQL: SELECT  id,dict_id,item_text,item_value,description,sort_order,status,create_by,create_time,update_by,update_time  FROM sys_dict_item 
 
 WHERE (status = ?) ORDER BY sort_order ASC
parse the finished SQL: SELECT id, dict_id, item_text, item_value, description, sort_order, status, create_by, create_time, update_by, update_time FROM sys_dict_item WHERE (status = ?) ORDER BY sort_order ASC
JDBC Connection [dm.jdbc.driver.DmdbConnection@2d3edb0b] will not be managed by Spring
==>  Preparing: SELECT id, dict_id, item_text, item_value, description, sort_order, status, create_by, create_time, update_by, update_time FROM sys_dict_item WHERE (status = ?) ORDER BY sort_order ASC
==> Parameters: 1(Integer)
<==    Columns: id, dict_id, item_text, item_value, description, sort_order, status, create_by, create_time, update_by, update_time
<==        Row: f37f90c496ec9841c4c326b065e00bb2, 83bfb33147013cc81640d5fd9eda030c, 登录日志, 1, null, null, 1, admin, 2019-03-18 23:22:37, null, null
<==        Row: f2a7920421f3335afdf6ad2b342f6b5d, 845da5006c97754728bf48b6a10f79cc, 冻结, 2, null, null, 1, admin, 2019-03-18 21:46:02, null, null
<==        Row: b2a8b4bb2c8e66c2c4b1bb086337f393, 3486f32803bb953e7155dab3513dc68b, 正常, 0, null, null, 1, admin, 2022-10-18 21:46:48, admin, 2019-03-28 22:22:20
<==        Row: aa0d8a8042a18715a17f0a888d360aa4, ac2f7c0c5c5775fcea7e2387bcb22f01, 一级菜单, 0, null, null, 1, admin, 2019-03-18 23:24:52, null, null
<==        Row: 86f19c7e0a73a0bae451021ac05b99dd, ac2f7c0c5c5775fcea7e2387bcb22f01, 子菜单, 1, null, null, 1, admin, 2019-03-18 23:25:27, null, null
<==        Row: 81fb2bb0e838dc68b43f96cc309f8257, fc6cd58fde2e8481db10d3a1e68ce70c, 冻结, 2, null, null, 1, admin, 2019-03-18 23:30:37, null, null
<==        Row: 7ccf7b80c70ee002eceb3116854b75cb, ac2f7c0c5c5775fcea7e2387bcb22f01, 按钮权限, 2, null, null, 1, admin, 2019-03-18 23:25:40, null, null
<==        Row: 78ea6cadac457967a4b1c4eb7aaa418c, fc6cd58fde2e8481db10d3a1e68ce70c, 正常, 1, null, null, 1, admin, 2019-03-18 23:30:28, null, null
<==        Row: 7688469db4a3eba61e6e35578dc7c2e5, c36169beb12de8a71c8683ee7c28a503, 启用, 1, null, null, 1, admin, 2019-03-18 23:29:28, null, null
<==        Row: 75b260d7db45a39fc7f21badeabdb0ed, c36169beb12de8a71c8683ee7c28a503, 不启用, 0, null, null, 1, admin, 2019-03-18 23:29:41, admin, 2019-03-18 23:29:54
<==        Row: 700e9f030654f3f90e9ba76ab0713551, 6b78e3f59faec1a4750acff08030a79b, 333, 333, null, null, 1, admin, 2019-02-21 19:59:47, null, null
<==        Row: 5b65a88f076b32e8e69d19bbaadb52d5, 2f0320997ade5dd147c90130f7218c3e, 全体用户, ALL, null, null, 1, admin, 2020-10-17 21:22:43, admin, 2019-03-28 22:17:09
<==        Row: 4f05fb5376f4c61502c5105f52e4dd2b, 83bfb33147013cc81640d5fd9eda030c, 操作日志, 2, null, null, 1, admin, 2019-03-18 23:22:49, null, null
<==        Row: 43d2295b8610adce9510ff196a49c6e9, 845da5006c97754728bf48b6a10f79cc, 正常, 1, null, null, 1, admin, 2019-03-18 21:45:51, null, null
<==        Row: 0c9532916f5cd722017b46bc4d953e41, 2f0320997ade5dd147c90130f7218c3e, 指定用户, USER, null, null, 1, admin, 2019-03-17 21:22:19, admin, 2019-03-17 21:22:28
<==        Row: 05a2e732ce7b00aa52141ecc3e330b4e, 3486f32803bb953e7155dab3513dc68b, 已删除, 1, null, null, 1, admin, 2025-10-18 21:46:56, admin, 2019-03-28 22:23:20
<==        Row: 8c618902365ca681ebbbe1e28f11a548, 4c753b5293304e7a445fd2741b46529d, 启用, 1, , 0, 1, admin, 2020-07-18 23:19:27, admin, 2019-05-17 14:51:18
<==        Row: 1750000001801, 1750000000018, 拆卸到0级, 0, 完全拆卸, 1, 1, null, 2026-07-22 13:57:50, null, null
<==        Row: 1ce390c52453891f93514c1bd2795d44, ad7c65ba97c20a6805d5dcdf13cdaf36, 000, 00, null, 1, 1, admin, 2019-03-22 16:34:34, null, null
<==        Row: df168368dcef46cade2aadd80100d8aa, 3d9a351be3436fbefb1307d4cfb49bf2, 男, 1, null, 1, 1, null, 2027-08-04 14:56:49, admin, 2019-03-23 22:44:44
<==        Row: 1174509601047994369, 1174509082208395266, 员级, 1, , 1, 1, admin, 2019-09-19 10:24:45, admin, 2019-09-23 11:46:39
<==        Row: 41d7aaa40c9b61756ffb1f28da5ead8e, 0b5d19e1fce4b2e6647e6b4a17760c14, 通知公告, 1, null, 1, 1, admin, 2019-04-22 18:01:57, null, null
<==        Row: 1280401815068295170, 1280401766745718786, 正常, 1, , 1, 1, admin, 2020-07-07 15:22:36, null, null
<==        Row: 66c952ae2c3701a993e7db58f3baf55e, 4e4602b3e3686f0911384e188dc7efb4, 大于, >, 大于, 1, 1, admin, 2019-04-01 10:45:46, admin, 2019-04-01 17:48:29
<==        Row: 1199517914017832962, 1199517671259906049, 重要, 2, , 1, 1, admin, 2019-11-27 10:38:51, null, null
<==        Row: 1815008001, 1815008, 基础校验, basic, DMC格式校验, 1, 1, null, 2026-07-22 15:22:51, null, null
<==        Row: 1356445705549975553, 1356445645198135298, 是, Y, , 1, 1, admin, 2021-02-02 11:33:52, null, null
<==        Row: 9a96c4a4e4c5c9b4e4d0cbf6eb3243cc, 4c753b5293304e7a445fd2741b46529d, 不启用, 0, null, 1, 1, admin, 2019-03-18 23:19:53, null, null
<==        Row: 147c48ff4b51545032a9119d13f3222a, d6e1152968b02d69ff358c75b48a6ee1, 测试流程, test, null, 1, 1, admin, 2019-03-22 19:27:05, null, null
<==        Row: 1750000001301, 1750000000013, zh, zh, 简体中文, 1, 1, null, 2026-07-22 13:57:16, admin, 2026-08-07 20:13:27
<==        Row: 1815013001, 1815013, 有效, valid, 引用有效, 1, 1, null, 2026-07-22 15:22:52, null, null
<==        Row: 1250688147579228161, 1250687930947620866, 正常, 0, , 1, 1, admin, 2020-04-16 15:31:05, , null
<==        Row: 1199518186144276482, 1199518099888414722, 日常记录, 1, , 1, 1, admin, 2019-11-27 10:39:56, null, null
<==        Row: b9fbe2a3602d4a27b45c100ac5328484, 78bda155fe380b1b3f175f1e88c284c6, 待提交, 1, 待提交, 1, 1, admin, 2019-05-09 16:32:35, null, null
<==        Row: 337ea1e401bda7233f6258c284ce4f50, bd1b8bc28e65d6feefefb6f3c79f42fd, JSON, json, null, 1, 1, admin, 2019-04-12 17:26:33, null, null
<==        Row: 2009158497136041986, 2009158440265474049, 通用, 0, , 1, 1, admin, 2026-01-08 15:01:29, admin, 2026-01-09 14:51:56
<==        Row: dm_ft_xml, dm_file_type_001, XML文件, xml, S1000D XML数据模块, 1, 1, admin, 2026-07-23 09:13:02, null, null
<==        Row: dm_co_in, dm_checkout_status_001, 签入, 0, DM已签入，可供他人签出, 1, 1, admin, 2026-07-23 09:12:06, null, null
<==        Row: 1815009001, 1815009, 基本复制, basic, 仅复制基本属性, 1, 1, null, 2026-07-22 15:22:51, null, null
<==        Row: 1815010001, 1815010, 创建, create, 创建新DM, 1, 1, null, 2026-07-22 15:22:51, null, null
<==        Row: dm_ver_0, dm_version_type_001, 草稿版本, 0, In-Work版本，未正式发布, 1, 1, admin, 2026-07-23 09:12:06, null, null
<==        Row: 83250269359855501ec4e9c0b7e21596, 4274efc2292239b6f000b153f50823ff, 可见/可访问(授权后可见/可访问), 1, , 1, 1, admin, 2019-05-10 17:54:51, null, null
<==        Row: 1750000001001, 1750000000010, 描述性DM, description, 描述性数据模块, 1, 1, null, 2026-07-22 13:58:22, admin, 2026-08-01 23:00:56
<==        Row: 1199525468672405505, 1199525215290306561, 未开始, 0, , 1, 1, admin, 2019-11-27 11:08:52, null, null
<==        Row: 1750000001701, 1750000000017, A型, A, A型变体, 1, 1, null, 2026-07-22 13:57:45, null, null
<==        Row: 1199525506429530114, 1199525215290306561, 已完成, 2, , 1, 1, admin, 2019-11-27 11:09:02, admin, 2019-11-27 11:10:02
<==        Row: 1199517884758368257, 1199517671259906049, 一般, 1, , 1, 1, admin, 2019-11-27 10:38:44, null, null
<==        Row: 69cacf64e244100289ddd4aa9fa3b915, a9d9942bd0eccb6e89de92d130ec4c4a, 未发送, 0, null, 1, 1, admin, 2019-04-12 18:19:23, null, null
<==        Row: 1750000001601, 1750000000016, 描述, 00, 描述信息, 1, 1, null, 2026-07-22 13:57:38, null, null
<==        Row: dm_pub_draft, dm_publish_mode_001, 草稿发布, draft, 发布为草稿模式, 1, 1, admin, 2026-07-23 09:19:47, null, null
<==        Row: dm_copy_attr, dm_copy_type_001, 仅复制属性, 0, 创建新DM，仅复制元数据, 1, 1, admin, 2026-07-23 09:21:33, null, null
<==        Row: 222705e11ef0264d4214affff1fb4ff9, 4f69be5f507accea8d5df5f11346181a, 文本, 1, , 1, 1, admin, 2023-02-28 10:50:36, admin, 2022-07-04 16:29:21
<==        Row: 538fca35afe004972c5f3947c039e766, 2e02df51611a4b9632828ab7e5338f00, 显示, 1, 显示, 1, 1, admin, 2025-03-26 18:27:13, admin, 2019-04-26 18:39:07
<==        Row: 096c2e758d823def3855f6376bc736fb, bd1b8bc28e65d6feefefb6f3c79f42fd, SQL, sql, null, 1, 1, admin, 2019-04-12 17:26:26, null, null
<==        Row: 51222413e5906cdaf160bb5c86fb827c, a7adbcd86c37f7dbc9b66945c82ef9e6, 是, 1, , 1, 1, admin, 2019-05-22 19:29:45, null, null
<==        Row: 1815002001, 1815002, 系统描述, 01, 系统级描述性文档, 1, 1, null, 2026-07-22 15:22:50, null, null
<==        Row: 2009149856358096897, 2009149820169641986, GJB6600, GJB6600, , 1, 1, admin, 2026-01-08 14:27:09, admin, 2026-07-16 10:02:57
<==        Row: 1815005001, 1815005, 可更新, 0, 允许更新修改, 1, 1, null, 2026-07-22 15:22:51, null, null
<==        Row: 1174511197735665665, 1174511106530525185, 公司, 1, 公司, 1, 1, admin, 2019-09-19 10:31:05, null, null
<==        Row: dm_ref_st_valid, dm_reference_status_001, 有效, 1, 引用关系有效, 1, 1, admin, 2026-07-23 09:13:13, null, null
<==        Row: 1242300814383435777, 1242298510024429569, 邮件提醒, 1, , 1, 1, admin, 2020-03-24 12:02:49, admin, 2020-03-30 18:21:26
<==        Row: c5700a71ad08994d18ad1dacc37a71a9, a7adbcd86c37f7dbc9b66945c82ef9e6, 否, 0, , 1, 1, admin, 2019-05-22 19:29:55, null, null
<==        Row: 1280401847607705602, 1280401766745718786, 冻结, 0, , 1, 1, admin, 2020-07-07 15:22:44, null, null
<==        Row: 7050c1522702bac3be40e3b7d2e1dfd8, c5a14c75172783d72cbee6ee7f5df5d1, 柱状图, bar, null, 1, 1, admin, 2019-04-12 17:05:17, null, null
<==        Row: dm_upd_0, dm_update_control_001, 无更新控制, 0, 无特殊更新控制, 1, 1, admin, 2026-07-23 09:12:06, null, null
<==        Row: 1232913424813486081, 1232913193820581889, 官方示例, demo, , 1, 1, admin, 2020-02-27 14:20:42, admin, 2020-02-27 14:21:37
<==        Row: 1356445754212290561, 1356445645198135298, 否, N, , 1, 1, admin, 2021-02-02 11:34:04, null, null
<==        Row: 1209733775114702850, 1209733563293962241, MySQL5.5, 1, , 1, 1, admin, 2019-12-25 15:13:02, null, null
<==        Row: 1815007001, 1815007, 草稿模式, draft, 草稿编辑阶段, 1, 1, null, 2026-07-22 15:22:51, null, null
<==        Row: f0162f4cc572c9273f3e26b2b4d8c082, ad7c65ba97c20a6805d5dcdf13cdaf36, booostrap, 1, null, 1, 1, admin, 2021-08-22 16:32:04, admin, 2019-03-22 16:33:57
<==        Row: 6c682d78ddf1715baf79a1d52d2aa8c2, 72cce0989df68887546746d8f09811aa, 单表, 1, null, 1, 1, admin, 2019-03-27 10:13:29, null, null
<==        Row: 1750000001901, 1750000000019, 正式发布, N, 正式发布版本, 1, 1, null, 2026-07-22 13:57:55, null, null
<==        Row: 1750000001101, 1750000000011, 草稿, draft, 草稿状态, 1, 1, null, 2026-07-22 13:57:03, null, null
<==        Row: 1199520817285701634, 1199520177767587841, 列表, 1, , 1, 1, admin, 2019-11-27 10:50:24, null, null
<==        Row: 1815011001, 1815011, XML文件, xml, XML格式文档, 1, 1, null, 2026-07-22 15:22:51, null, null
<==        Row: 6d4e26e78e1a09699182e08516c49fc4, 4d7fec1a7799a436d26d02325eff295e, 高, H, 高, 1, 1, admin, 2019-04-16 17:04:24, null, null
<==        Row: 1750000001401, 1750000000014, CN, CN, 中华人民共和国, 1, 1, null, 2026-07-22 13:57:22, admin, 2026-07-25 14:16:06
<==        Row: 1178295639554928641, 1178295274528845826, 可见(未授权不可见), 1, , 1, 1, admin, 2019-09-29 21:09:06, admin, 2019-09-29 21:09:24
<==        Row: 1199518214858481666, 1199518099888414722, 本周工作, 2, , 1, 1, admin, 2019-11-27 10:40:03, null, null
<==        Row: 1815003001, 1815003, 概述, 001, 概述性内容, 1, 1, null, 2026-07-22 15:22:50, null, null
<==        Row: 1815006001, 1815006, 全部适用, all, 适用于所有型号, 1, 1, null, 2026-07-22 15:22:51, null, null
<==        Row: 1174509082208395266, 1174511106530525185, 岗位, 3, 岗位, 1, 1, admin, 2019-09-19 10:31:16, , null
<==        Row: ba27737829c6e0e582e334832703d75e, 236e8a4baff0db8c62c00dd95632834f, 同步, 1, 同步, 1, 1, admin, 2019-05-15 15:28:15, null, null
<==        Row: 6937c5dde8f92e9a00d4e2ded9198694, ad7c65ba97c20a6805d5dcdf13cdaf36, easyui, 3, null, 1, 1, admin, 2019-03-22 16:32:15, null, null
<==        Row: dm_type_desc, dm_type_001, 描述性DM, descriptive, 描述静态信息（部件、系统介绍）, 1, 1, admin, 2026-07-23 09:12:06, null, null
<==        Row: 1250688201064992770, 1250687930947620866, 停止, -1, , 1, 1, admin, 2020-04-16 15:31:18, , null
<==        Row: b029a41a851465332ee4ee69dcf0a4c2, 0b5d19e1fce4b2e6647e6b4a17760c14, 系统消息, 2, null, 1, 1, admin, 2019-02-22 18:02:08, admin, 2019-04-22 18:02:13
<==        Row: dm_info_desc, dm_info_name_type_001, 描述, description, 描述性信息, 1, 1, admin, 2026-07-23 09:12:06, null, null
<==        Row: 66EF34864A884E9295B1B353DC1CA0D4, 7FAAEB0E8EBE406CBCC3A1FD68AE1F36, 非密, unclassified, Unclassified, 1, 1, admin, 2026-07-25 00:11:24, null, null
<==        Row: b5f3bd5f66bb9a83fecd89228c0d93d1, 68168534ff5065a152bfab275c2136f8, 无效, 0, 无效, 1, 1, admin, 2019-04-26 19:21:49, null, null
<==        Row: 1750000001501, 1750000000015, 安装, 00, 安装相关技术, 1, 1, null, 2026-07-22 13:57:28, null, null
<==        Row: 1174511244036587521, 1174511106530525185, 部门, 2, 部门, 1, 1, admin, 2019-09-19 10:31:16, null, null
<==        Row: 1815004001, 1815004, AVIC-中航工业, AVIC, 中国航空工业集团, 1, 1, null, 2026-07-22 15:22:50, null, null
<==        Row: 034021b8a8404472b13cec49608ceb5d, 52db14900acf4ef386ed34c0e2030afc, 无效, 0, , 1, 1, admin, 2026-04-27 22:25:13, admin, 2026-07-15 10:27:51
<==        Row: 2008794721943351298, 2008794656772255745, 公开, 1, , 1, 1, admin, 2026-01-07 14:55:58, admin, 2026-01-07 14:56:28
<==        Row: dm_ref_dm, dm_ref_type_001, DM引用, dmRef, 数据模块之间的引用, 1, 1, admin, 2026-07-23 09:22:32, null, null
<==        Row: 333e6b2196e01ef9a5f76d74e86a6e33, 8dfe32e2d29ea9430a988b3b558bf233, 未发布, 0, 未发布, 1, 1, admin, 2019-04-16 17:41:12, null, null
<==        Row: 1199518235943247874, 1199518099888414722, 下周计划, 3, , 1, 1, admin, 2019-11-27 10:40:08, null, null
<==        Row: dm_va_inwork, dm_version_action_type_001, In-Work（草稿）, inwork, 创建草稿版本, 1, 1, admin, 2026-07-23 09:21:51, null, null
<==        Row: 1815012001, 1815012, 起草, draft, 起草阶段, 1, 1, null, 2026-07-22 15:22:51, null, null
<==        Row: 1199525490575060993, 1199525215290306561, 进行中, 1, , 1, 1, admin, 2019-11-27 11:08:58, null, null
<==        Row: c53da022b9912e0aed691bbec3c78473, 880a895c98afeca9d9ac39f29e67c13e, 查询, 1, , 1, 1, admin, 2019-07-22 10:54:51, null, null
<==        Row: 1199517941339529217, 1199517671259906049, 紧急, 3, , 1, 1, admin, 2019-11-27 10:38:58, null, null
<==        Row: dm_wf_draft, dm_workflow_step_001, 起草, draft, 起草阶段, 1, 1, admin, 2026-07-23 09:13:06, null, null
<==        Row: dm_status_0, dm_status_001, 已删除, 0, DM已标记删除, 1, 1, admin, 2026-07-23 09:12:06, null, null
<==        Row: fcec03570f68a175e1964808dc3f1c91, 4c03fca6bf1f0299c381213961566349, Tab风格, tab, null, 1, 1, admin, 2019-04-12 17:43:31, null, null
<==        Row: dm_val_none, dm_validate_level_001, 不校验, 0, 跳过XML校验, 1, 1, admin, 2026-07-23 09:12:37, null, null
<==        Row: dm_tech_sys, dm_tech_name_type_001, 系统, system, 系统级技术名称, 1, 1, admin, 2026-07-23 09:12:06, null, null
<==        Row: 1750000001201, 1750000000012, 未提交, 0, 未提交工作流, 1, 1, null, 2026-07-22 13:57:09, null, null
<==        Row: dm_loc_A, dm_location_code_001, A, A, , 1, 1, admin, 2026-07-23 09:12:06, admin, 2026-07-25 14:14:27
<==        Row: 1815001001, 1815001, 未签出, 0, 数据模块未被签出，可被任何人签出, 1, 1, null, 2026-07-22 15:22:50, null, null
<==        Row: 1199520835035996161, 1199520177767587841, 链接, 2, , 1, 1, admin, 2019-11-27 10:50:28, null, null
<==        Row: dm_rpc_001, dm_rpc_type_001, AVIC（中航工业）, AVIC1, 中国航空工业集团, 1, 1, admin, 2026-07-23 09:12:06, null, null
<==        Row: e6329e3a66a003819e2eb830b0ca2ea0, 4e4602b3e3686f0911384e188dc7efb4, 小于, <, 小于, 2, 1, admin, 2019-04-01 16:44:15, admin, 2019-04-01 17:48:34
<==        Row: e94eb7af89f1dbfa0d823580a7a6e66a, 236e8a4baff0db8c62c00dd95632834f, 不同步, 0, 不同步, 2, 1, admin, 2019-05-15 15:28:28, null, null
<==        Row: 1232913493717512194, 1232913193820581889, 流程表单, bpm, , 2, 1, admin, 2020-02-27 14:20:58, admin, 2020-02-27 14:22:20
<==        Row: 1174509667297026049, 1174509082208395266, 助级, 2, , 2, 1, admin, 2019-09-19 10:25:01, admin, 2019-09-23 11:46:47
<==        Row: 1815010002, 1815010, 编辑, edit, 编辑DM属性, 2, 1, null, 2026-07-22 15:22:51, null, null
<==        Row: 71b924faa93805c5c1579f12e001c809, d6e1152968b02d69ff358c75b48a6ee1, OA办公, oa, null, 2, 1, admin, 2021-03-22 19:27:17, admin, 2019-03-22 23:24:36
<==        Row: f16c5706f3ae05c57a53850c64ce7c45, a9d9942bd0eccb6e89de92d130ec4c4a, 发送成功, 1, null, 2, 1, admin, 2019-04-12 18:19:43, null, null
<==        Row: 1815009002, 1815009, 完整复制, full, 复制全部内容+资源, 2, 1, null, 2026-07-22 15:22:51, null, null
<==        Row: 1750000001802, 1750000000018, 拆卸到1级, 1, 拆卸到1级, 2, 1, null, 2026-07-22 13:57:50, null, null
<==        Row: 84dfc178dd61b95a72900fcdd624c471, 78bda155fe380b1b3f175f1e88c284c6, 处理中, 2, 处理中, 2, 1, admin, 2019-05-09 16:33:01, null, null
<==        Row: 1815011002, 1815011, PDF文档, pdf, PDF格式文档, 2, 1, null, 2026-07-22 15:22:51, null, null
<==        Row: 1815007002, 1815007, 审核模式, review, 送审审核阶段, 2, 1, null, 2026-07-22 15:22:51, null, null
<==        Row: 1178295553450061826, 1178295274528845826, 可编辑(未授权禁用), 2, , 2, 1, admin, 2019-09-29 21:08:46, admin, 2019-09-29 21:09:18
<==        Row: 1815005002, 1815005, 锁定, 1, 已锁定禁止修改, 2, 1, null, 2026-07-22 15:22:51, null, null
<==        Row: 1750000001502, 1750000000015, 拆卸, 01, 拆卸相关技术, 2, 1, null, 2026-07-22 13:57:28, null, null
<==        Row: 1815004002, 1815004, COMAC-中国商飞, COMAC, 中国商用飞机有限公司, 2, 1, null, 2026-07-22 15:22:50, null, null
<==        Row: dm_ver_1, dm_version_type_001, 已发布版本, 1, Issue版本，已正式发布, 2, 1, admin, 2026-07-23 09:12:06, null, null
<==        Row: cbfcc5b88fc3a90975df23ffc8cbe29c, c5a14c75172783d72cbee6ee7f5df5d1, 曲线图, line, null, 2, 1, admin, 2019-05-12 17:05:30, admin, 2019-04-12 17:06:06
<==        Row: 1815003002, 1815003, 准备, 002, 准备工作内容, 2, 1, null, 2026-07-22 15:22:50, null, null
<==        Row: 58b73b344305c99b9d8db0fc056bbc0a, 72cce0989df68887546746d8f09811aa, 主表, 2, null, 2, 1, admin, 2019-03-27 10:13:36, null, null
<==        Row: 2008794750670139394, 2008794656772255745, 内部, 2, , 2, 1, admin, 2026-01-07 14:56:05, admin, 2026-01-07 14:56:25
<==        Row: 734C6F3E7AAB4BA8887C09F0527900D1, 7FAAEB0E8EBE406CBCC3A1FD68AE1F36, 机密, confidential, Confidential, 2, 1, admin, 2026-07-25 00:11:24, null, null
<==        Row: dm_wf_review, dm_workflow_step_001, 审核, review, 审核阶段, 2, 1, admin, 2026-07-23 09:13:06, null, null
<==        Row: dm_upd_1, dm_update_control_001, 更新控制, 1, 需要更新控制, 2, 1, admin, 2026-07-23 09:12:06, null, null
<==        Row: dm_rpc_002, dm_rpc_type_001, COMAC（商飞）, COMAC, 中国商用飞机有限责任公司, 2, 1, admin, 2026-07-23 09:12:06, null, null
<==        Row: 1815002002, 1815002, 操作程序, 02, 操作类程序文档, 2, 1, null, 2026-07-22 15:22:50, null, null
<==        Row: 1815001002, 1815001, 已签出, 1, 数据模块已被签出，锁定状态, 2, 1, null, 2026-07-22 15:22:50, null, null
<==        Row: 8ff48e657a7c5090d4f2a59b37d1b878, 4d7fec1a7799a436d26d02325eff295e, 中, M, 中, 2, 1, admin, 2019-04-16 17:04:40, null, null
<==        Row: 1815008002, 1815008, 标准校验, standard, 字段完整性校验, 2, 1, null, 2026-07-22 15:22:51, null, null
<==        Row: 8cdf08045056671efd10677b8456c999, 4274efc2292239b6f000b153f50823ff, 可编辑(未授权时禁用), 2, , 2, 1, admin, 2019-05-10 17:55:38, null, null
<==        Row: 948923658baa330319e59b2213cda97c, 880a895c98afeca9d9ac39f29e67c13e, 添加, 2, , 2, 1, admin, 2019-07-22 10:54:59, admin, 2019-07-22 10:55:36
<==        Row: 1750000001002, 1750000000010, 过程性DM, procedure, 过程性数据模块, 2, 1, null, 2026-07-22 13:58:22, admin, 2026-08-01 23:01:10
<==        Row: dm_info_oper, dm_info_name_type_001, 操作, operation, 操作性信息, 2, 1, admin, 2026-07-23 09:12:06, null, null
<==        Row: 1750000001902, 1750000000019, 临时发布, T, 临时发布版本, 2, 1, null, 2026-07-22 13:57:55, null, null
<==        Row: 308c8aadf0c37ecdde188b97ca9833f5, 8dfe32e2d29ea9430a988b3b558bf233, 已发布, 1, 已发布, 2, 1, admin, 2019-04-16 17:41:24, null, null
<==        Row: dm_ref_dml, dm_ref_type_001, DML引用, dmlRef, 数据模块列表引用, 2, 1, admin, 2026-07-23 09:22:32, null, null
<==        Row: 1334440962954936321, 1209733563293962241, MYSQL5.7+, 4, , 2, 1, admin, 2020-12-03 18:16:02, admin, 2021-07-15 13:44:29
<==        Row: 1750000001702, 1750000000017, B型, B, B型变体, 2, 1, null, 2026-07-22 13:57:45, null, null
<==        Row: 1543fe7e5e26fb97cdafe4981bedc0c8, 4c03fca6bf1f0299c381213961566349, 单排布局, single, null, 2, 1, admin, 2022-07-12 17:43:39, admin, 2019-04-12 17:43:57
<==        Row: 6a7a9e1403a7943aba69e54ebeff9762, 4f69be5f507accea8d5df5f11346181a, 富文本, 2, , 2, 1, admin, 2031-02-28 10:50:44, admin, 2022-07-04 16:29:30
<==        Row: 1750000001602, 1750000000016, 操作, 01, 操作信息, 2, 1, null, 2026-07-22 13:57:38, null, null
<==        Row: 2009158867908321281, 2009158440265474049, 航空, 1, , 2, 1, admin, 2026-01-08 15:02:57, admin, 2026-01-09 14:52:00
<==        Row: 1030a2652608f5eac3b49d70458b8532, 2e02df51611a4b9632828ab7e5338f00, 禁用, 2, 禁用, 2, 1, admin, 2021-03-26 18:27:28, admin, 2019-04-26 18:39:11
<==        Row: dm_pub_official, dm_publish_mode_001, 正式发布, official, 正式发布, 2, 1, admin, 2026-07-23 09:19:47, null, null
<==        Row: 1750000001202, 1750000000012, 流转中, 1, 流程流转中, 2, 1, null, 2026-07-22 13:57:09, null, null
<==        Row: dm_ft_pdf, dm_file_type_001, PDF文件, pdf, PDF格式DM, 2, 1, admin, 2026-07-23 09:13:02, null, null
<==        Row: 2080832479622590466, language_iso_code, English, en, null, 2, 1, admin, 2026-07-25 09:48:18, null, null
<==        Row: 1750000001402, 1750000000014, US, US, United States, 2, 1, null, 2026-07-22 13:57:22, admin, 2026-07-25 14:16:12
<==        Row: 1750000001302, 1750000000013, en, en, English, 2, 1, null, 2026-07-22 13:57:16, admin, 2026-08-07 20:13:41
<==        Row: dm_va_issue, dm_version_action_type_001, Issue（发布）, issue, 创建发布版本, 2, 1, admin, 2026-07-23 09:21:51, null, null
<==        Row: dm_copy_ver, dm_copy_type_001, 创建版本链, 1, 创建版本关联的新DM, 2, 1, admin, 2026-07-23 09:21:33, null, null
<==        Row: dm_ref_st_invalid, dm_reference_status_001, 无效, 0, 引用关系已失效, 2, 1, admin, 2026-07-23 09:13:13, null, null
<==        Row: 1815013002, 1815013, 断链, broken, 引用断链, 2, 1, null, 2026-07-22 15:22:52, null, null
<==        Row: 2009150391974912001, 2009149820169641986, S1000D3.0, S1000D3.0, , 2, 1, admin, 2026-01-08 14:29:16, admin, 2026-07-16 09:58:02
<==        Row: 1242300779390357505, 1242298510024429569, 短信提醒, 2, , 2, 1, admin, 2020-03-24 12:02:41, admin, 2020-03-30 18:21:33
<==        Row: 1750000001102, 1750000000011, 编辑中, editing, 正在编辑, 2, 1, null, 2026-07-22 13:57:03, null, null
<==        Row: dm_val_basic, dm_validate_level_001, 基础校验, 1, 基础XML格式校验, 2, 1, admin, 2026-07-23 09:12:37, null, null
<==        Row: cfe88c07c69443b99e6a1da0d915b36f, 52db14900acf4ef386ed34c0e2030afc, 有效, 1, , 2, 1, admin, 2026-04-27 22:25:13, admin, 2026-07-15 10:28:01
<==        Row: 5d84a8634c8fdfe96275385075b105c9, 3d9a351be3436fbefb1307d4cfb49bf2, 女, 2, null, 2, 1, null, 2019-01-04 14:56:56, null, 2019-01-04 17:38:12
<==        Row: dm_loc_B, dm_location_code_001, B, B, , 2, 1, admin, 2026-07-23 09:12:06, admin, 2026-07-25 14:14:31
<==        Row: dm_tech_assy, dm_tech_name_type_001, 组件, assembly, 组件级技术名称, 2, 1, admin, 2026-07-23 09:12:06, null, null
<==        Row: 1815006002, 1815006, 部分适用, partial, 适用于部分型号, 2, 1, null, 2026-07-22 15:22:51, null, null
<==        Row: dm_co_out, dm_checkout_status_001, 签出, 1, DM已被签出，正在编辑中, 2, 1, admin, 2026-07-23 09:12:06, null, null
<==        Row: dm_status_1, dm_status_001, 正常, 1, DM正常状态, 2, 1, admin, 2026-07-23 09:12:06, null, null
<==        Row: 2d51376643f220afdeb6d216a8ac2c01, 68168534ff5065a152bfab275c2136f8, 有效, 1, 有效, 2, 1, admin, 2019-04-26 19:22:01, null, null
<==        Row: dm_type_proc, dm_type_001, 过程性DM, procedural, 描述操作过程（维护、检查程序）, 2, 1, admin, 2026-07-23 09:12:06, null, null
<==        Row: 1815012002, 1815012, 审核, review, 审核阶段, 2, 1, null, 2026-07-22 15:22:51, null, null
<==        Row: 2009150431040659458, 2009149820169641986, S1000D4.0, S1000D4.0, , 3, 1, admin, 2026-01-08 14:29:26, admin, 2026-07-16 09:58:07
<==        Row: 23a5bb76004ed0e39414e928c4cde155, 4e4602b3e3686f0911384e188dc7efb4, 不等于, !=, 不等于, 3, 1, admin, 2019-04-01 16:46:15, admin, 2019-04-01 17:48:40
<==        Row: dm_loc_C, dm_location_code_001, C, C, , 3, 1, admin, 2026-07-23 09:12:06, admin, 2026-07-25 14:14:39
<==        Row: 1815013003, 1815013, 过期, outdated, 引用过期, 3, 1, null, 2026-07-22 15:22:52, null, null
<==        Row: dm_rpc_003, dm_rpc_type_001, Boeing, BOE01, 波音公司, 3, 1, admin, 2026-07-23 09:12:06, null, null
<==        Row: 1815012003, 1815012, 批准, approve, 批准阶段, 3, 1, null, 2026-07-22 15:22:51, null, null
<==        Row: 0ca4beba9efc4f9dd54af0911a946d5c, 72cce0989df68887546746d8f09811aa, 附表, 3, null, 3, 1, admin, 2019-03-27 10:13:43, null, null
<==        Row: 1815011003, 1815011, 图片, image, 图片文件（jpg/png/gif等）, 3, 1, null, 2026-07-22 15:22:51, null, null
<==        Row: f753aff60ff3931c0ecb4812d8b5e643, 4c03fca6bf1f0299c381213961566349, 双排布局, double, null, 3, 1, admin, 2019-04-12 17:43:51, null, null
<==        Row: 1815010003, 1815010, 签入, checkin, 签入新版本, 3, 1, null, 2026-07-22 15:22:51, null, null
<==        Row: 1815009003, 1815009, 新版本, newVersion, 创建新版本副本, 3, 1, null, 2026-07-22 15:22:51, null, null
<==        Row: 1750000001103, 1750000000011, 审核中, reviewing, 正在审核, 3, 1, null, 2026-07-22 13:57:03, null, null
<==        Row: 1209733839933476865, 1209733563293962241, Oracle, 2, , 3, 1, admin, 2019-12-25 15:13:18, admin, 2021-07-15 13:44:08
<==        Row: 1815008003, 1815008, 严格校验, strict, XML Schema校验, 3, 1, null, 2026-07-22 15:22:51, null, null
<==        Row: 1815007003, 1815007, 正式发布, official, 正式发布版本, 3, 1, null, 2026-07-22 15:22:51, null, null
<==        Row: 1815006003, 1815006, 特定条件, specific, 特定条件下适用, 3, 1, null, 2026-07-22 15:22:51, null, null
<==        Row: 1815005003, 1815005, 待审核, 2, 等待审核中, 3, 1, null, 2026-07-22 15:22:51, null, null
<==        Row: 0072d115e07c875d76c9b022e2179128, 4d7fec1a7799a436d26d02325eff295e, 低, L, 低, 3, 1, admin, 2019-04-16 17:04:59, null, null
<==        Row: 1750000001503, 1750000000015, 检查, 02, 检查相关技术, 3, 1, null, 2026-07-22 13:57:28, null, null
<==        Row: 1815004003, 1815004, CASC-中国航天, CASC, 中国航天科技集团, 3, 1, null, 2026-07-22 15:22:50, null, null
<==        Row: 1815003003, 1815003, 程序, 003, 具体程序步骤, 3, 1, null, 2026-07-22 15:22:50, null, null
<==        Row: a2be752dd4ec980afaec1efd1fb589af, 8dfe32e2d29ea9430a988b3b558bf233, 已撤销, 2, 已撤销, 3, 1, admin, 2019-04-16 17:41:39, null, null
<==        Row: 1815002003, 1815002, 维护程序, 03, 维护类程序文档, 3, 1, null, 2026-07-22 15:22:50, null, null
<==        Row: 1750000001003, 1750000000010, 故障性DM, faultIsolation, 故障性数据模块, 3, 1, null, 2026-07-22 13:58:22, admin, 2026-08-01 23:01:30
<==        Row: 1750000001903, 1750000000019, 紧急发布, E, 紧急发布版本, 3, 1, null, 2026-07-22 13:57:55, null, null
<==        Row: 848d4da35ebd93782029c57b103e5b36, c5a14c75172783d72cbee6ee7f5df5d1, 饼图, pie, null, 3, 1, admin, 2019-04-12 17:05:49, null, null
<==        Row: 1750000001803, 1750000000018, 拆卸到2级, 2, 拆卸到2级, 3, 1, null, 2026-07-22 13:57:50, null, null
<==        Row: 1750000001703, 1750000000017, C型, C, C型变体, 3, 1, null, 2026-07-22 13:57:45, null, null
<==        Row: 1305827309355302914, bd1b8bc28e65d6feefefb6f3c79f42fd, API, api, , 3, 1, admin, 2020-09-15 19:14:26, admin, 2020-09-15 19:14:41
<==        Row: 1750000001603, 1750000000016, 规范, 02, 规范信息, 3, 1, null, 2026-07-22 13:57:38, null, null
<==        Row: 5d833f69296f691843ccdd0c91212b6b, 880a895c98afeca9d9ac39f29e67c13e, 修改, 3, , 3, 1, admin, 2019-07-22 10:55:07, admin, 2019-07-22 10:55:41
<==        Row: 2008794914789060609, 2008794656772255745, 秘密, 3, , 3, 1, admin, 2026-01-07 14:56:44, null, null
<==        Row: 3736FD3883374BB69E5DABE51B5002EC, 7FAAEB0E8EBE406CBCC3A1FD68AE1F36, 秘密, secret, Secret, 3, 1, admin, 2026-07-25 00:11:24, null, null
<==        Row: dm_ref_pm, dm_ref_type_001, PM引用, pmRef, 出版模块引用, 3, 1, admin, 2026-07-23 09:22:32, null, null
<==        Row: dm_pub_temp, dm_publish_mode_001, 临时发布, temporary, 临时发布（测试用）, 3, 1, admin, 2026-07-23 09:19:47, null, null
<==        Row: 1750000001203, 1750000000012, 已通过, 2, 审批通过, 3, 1, null, 2026-07-22 13:57:09, null, null
<==        Row: dm_ref_st_pending, dm_reference_status_001, 待确认, 2, 引用关系待确认, 3, 1, admin, 2026-07-23 09:13:13, null, null
<==        Row: 50223341bfb5ba30bf6319789d8d17fe, d6e1152968b02d69ff358c75b48a6ee1, 业务办理, business, null, 3, 1, admin, 2023-04-22 19:28:05, admin, 2019-03-22 23:24:39
<==        Row: dm_ft_img, dm_file_type_001, 图片文件, image, 图片资源（PNG/JPG/SVG）, 3, 1, admin, 2026-07-23 09:13:02, null, null
<==        Row: dm_val_std, dm_validate_level_001, 标准校验, 2, 严格按S1000D标准校验, 3, 1, admin, 2026-07-23 09:12:37, null, null
<==        Row: 3fbc03d6c994ae06d083751248037c0e, 78bda155fe380b1b3f175f1e88c284c6, 已完成, 3, 已完成, 3, 1, admin, 2019-05-09 16:33:25, null, null
<==        Row: dm_info_maint, dm_info_name_type_001, 维护, maintenance, 维护性信息, 3, 1, admin, 2026-07-23 09:12:06, null, null
<==        Row: 33bc9d9f753cf7dc40e70461e50fdc54, a9d9942bd0eccb6e89de92d130ec4c4a, 发送失败, 2, null, 3, 1, admin, 2019-04-12 18:20:02, null, null
<==        Row: dm_tech_part, dm_tech_name_type_001, 零件, part, 零件级技术名称, 3, 1, admin, 2026-07-23 09:12:06, null, null
<==        Row: 1174509713568587777, 1174509082208395266, 中级, 3, , 3, 1, admin, 2019-09-19 10:25:12, admin, 2019-09-23 11:46:56
<==        Row: dm_wf_approve, dm_workflow_step_001, 批准, approve, 批准阶段, 3, 1, admin, 2026-07-23 09:13:06, null, null
<==        Row: dm_status_2, dm_status_001, 草稿, 2, DM草稿状态, 3, 1, admin, 2026-07-23 09:12:06, null, null
<==        Row: 2009158905313124354, 2009158440265474049, 舰船, 2, , 3, 1, admin, 2026-01-08 15:03:06, admin, 2026-01-09 14:52:03
<==        Row: dm_type_fault, dm_type_001, 故障性DM, fault, 故障隔离与排除程序, 3, 1, admin, 2026-07-23 09:12:06, null, null
<==        Row: 2009150500481556482, 2009149820169641986, S1000D4.2, S1000D4.2, , 4, 1, admin, 2026-01-08 14:29:42, admin, 2026-07-16 09:58:18
<==        Row: 2009150469556953089, 2009149820169641986, S1000D4.1, S1000D4.1, , 4, 1, admin, 2026-01-08 14:29:35, admin, 2026-07-16 09:58:13
<==        Row: 1232913605382467585, 1232913193820581889, 测试表单, temp, , 4, 1, admin, 2020-02-27 14:21:25, admin, 2020-02-27 14:22:16
<==        Row: dm_loc_D, dm_location_code_001, D, D, , 4, 1, admin, 2026-07-23 09:12:06, admin, 2026-07-25 14:14:43
<==        Row: dm_rpc_004, dm_rpc_type_001, Airbus, AIR01, 空客公司, 4, 1, admin, 2026-07-23 09:12:06, null, null
<==        Row: 2008794996636708866, 2008794656772255745, 机密, 4, , 4, 1, admin, 2026-01-07 14:57:03, null, null
<==        Row: 1815012004, 1815012, 发布, publish, 发布阶段, 4, 1, null, 2026-07-22 15:22:51, null, null
<==        Row: 1db531bcff19649fa82a644c8a939dc4, 4c03fca6bf1f0299c381213961566349, 组合布局, combination, , 4, 1, admin, 2019-05-11 16:07:08, null, null
<==        Row: fe50b23ae5e68434def76f67cef35d2d, 78bda155fe380b1b3f175f1e88c284c6, 已作废, 4, 已作废, 4, 1, admin, 2021-09-09 16:33:43, admin, 2019-05-09 16:34:40
<==        Row: 1815011004, 1815011, 视频, video, 视频文件（mp4/avi等）, 4, 1, null, 2026-07-22 15:22:51, null, null
<==        Row: f80a8f6838215753b05e1a5ba3346d22, 880a895c98afeca9d9ac39f29e67c13e, 删除, 4, , 4, 1, admin, 2019-07-22 10:55:14, admin, 2019-07-22 10:55:30
<==        Row: 1815010004, 1815010, 发布, publish, 发布DM, 4, 1, null, 2026-07-22 15:22:51, null, null
<==        Row: 1209733903020003330, 1209733563293962241, SQLServer, 3, , 4, 1, admin, 2019-12-25 15:13:33, admin, 2021-07-15 13:44:11
<==        Row: 1815008004, 1815008, 完整校验, full, 业务逻辑+引用完整性校验, 4, 1, null, 2026-07-22 15:22:51, null, null
<==        Row: d217592908ea3e00ff986ce97f24fb98, c5a14c75172783d72cbee6ee7f5df5d1, 数据列表, table, null, 4, 1, admin, 2019-04-12 17:05:56, null, null
<==        Row: 1815004004, 1815004, OEM-原厂商, OEM, 原始设备制造商, 4, 1, null, 2026-07-22 15:22:50, null, null
<==        Row: 1815003004, 1815003, 清单, 004, 清单类内容, 4, 1, null, 2026-07-22 15:22:50, null, null
<==        Row: 1815002004, 1815002, 故障隔离, 04, 故障诊断与隔离, 4, 1, null, 2026-07-22 15:22:50, null, null
<==        Row: 1750000001004, 1750000000010, 乘员DM, crew, 乘员数据模块, 4, 1, null, 2026-07-22 13:58:22, null, null
<==        Row: 1750000001804, 1750000000018, 拆卸到3级, 3, 拆卸到3级, 4, 1, null, 2026-07-22 13:57:50, null, null
<==        Row: 1750000001704, 1750000000017, D型, D, D型变体, 4, 1, null, 2026-07-22 13:57:45, null, null
<==        Row: dm_wf_publish, dm_workflow_step_001, 发布, publish, 发布阶段, 4, 1, admin, 2026-07-23 09:13:06, null, null
<==        Row: 1750000001604, 1750000000016, 图示, 03, 图示信息, 4, 1, null, 2026-07-22 13:57:38, null, null
<==        Row: 1750000001504, 1750000000015, 测试, 03, 测试相关技术, 4, 1, null, 2026-07-22 13:57:28, null, null
<==        Row: 489FB57746744E3FB93E3E90D581B4A3, 7FAAEB0E8EBE406CBCC3A1FD68AE1F36, 绝密, top_secret, Top Secret, 4, 1, admin, 2026-07-25 00:11:24, null, null
<==        Row: 1242300887343353857, 1242298510024429569, 系统消息, 4, , 4, 1, admin, 2020-03-24 12:03:07, admin, 2020-03-30 18:21:43
<==        Row: 1750000001204, 1750000000012, 已拒绝, 3, 审批拒绝, 4, 1, null, 2026-07-22 13:57:09, null, null
<==        Row: 1174509788361416705, 1174509082208395266, 副高级, 4, , 4, 1, admin, 2019-09-19 10:25:30, admin, 2019-09-23 11:47:06
<==        Row: 41fa1e9571505d643aea87aeb83d4d76, 4e4602b3e3686f0911384e188dc7efb4, 等于, =, 等于, 4, 1, admin, 2019-04-01 16:45:24, admin, 2019-04-01 17:49:00
<==        Row: 1750000001104, 1750000000011, 已发布, published, 已发布状态, 4, 1, null, 2026-07-22 13:57:03, null, null
<==        Row: dm_ft_zip, dm_file_type_001, ZIP压缩包, zip, ZIP格式资源包, 4, 1, admin, 2026-07-23 09:13:02, null, null
<==        Row: dm_val_full, dm_validate_level_001, 完整校验, 3, 完整校验（包括业务规则）, 4, 1, admin, 2026-07-23 09:12:37, null, null
<==        Row: dm_status_3, dm_status_001, 审核中, 3, DM正在审核, 4, 1, admin, 2026-07-23 09:12:06, null, null
<==        Row: 2009158953551814657, 2009158440265474049, 战术导弹, 3, , 4, 1, admin, 2026-01-08 15:03:18, admin, 2026-01-09 14:52:08
<==        Row: dm_type_front, dm_type_001, 前事性DM, frontmatter, 封面、前言、目录等, 4, 1, admin, 2026-07-23 09:12:06, null, null
<==        Row: dm_loc_T, dm_location_code_001, T, T, , 5, 1, admin, 2026-07-23 09:12:06, admin, 2026-07-25 14:14:49
<==        Row: 2008795045311606785, 2008794656772255745, 绝密, 5, , 5, 1, admin, 2026-01-07 14:57:15, null, null
<==        Row: 1815011005, 1815011, 音频, audio, 音频文件（mp3/wav等）, 5, 1, null, 2026-07-22 15:22:51, null, null
<==        Row: 1815010005, 1815010, 回滚, rollback, 版本回滚, 5, 1, null, 2026-07-22 15:22:51, null, null
<==        Row: 1815004005, 1815004, SUB-分包商, SUB, 分包供应商, 5, 1, null, 2026-07-22 15:22:50, null, null
<==        Row: bcec04526b04307e24a005d6dcd27fd6, 880a895c98afeca9d9ac39f29e67c13e, 导入, 5, , 5, 1, admin, 2019-07-22 12:06:41, null, null
<==        Row: 1815003005, 1815003, 图例, 005, 图例说明, 5, 1, null, 2026-07-22 15:22:50, null, null
<==        Row: 1815002005, 1815002, 拆装程序, 05, 拆卸与安装程序, 5, 1, null, 2026-07-22 15:22:50, null, null
<==        Row: 1414837074500976641, 1209733563293962241, postgresql, 6, , 5, 1, admin, 2021-07-13 14:40:20, admin, 2021-07-15 13:44:15
<==        Row: 1750000001005, 1750000000010, 规划性DM, maintPlanning, 规划性数据模块, 5, 1, null, 2026-07-22 13:58:22, null, null
<==        Row: 84778d7e928bc843ad4756db1322301f, 4e4602b3e3686f0911384e188dc7efb4, 大于等于, >=, 大于等于, 5, 1, admin, 2019-04-01 10:46:02, admin, 2019-04-01 17:49:05
<==        Row: 1750000001805, 1750000000018, 拆卸到4级, 4, 拆卸到4级, 5, 1, null, 2026-07-22 13:57:50, null, null
<==        Row: 1750000001705, 1750000000017, E型, E, E型变体, 5, 1, null, 2026-07-22 13:57:45, null, null
<==        Row: 1750000001605, 1750000000016, 数据, 04, 数据信息, 5, 1, null, 2026-07-22 13:57:38, null, null
<==        Row: 1174509835803189250, 1174509082208395266, 正高级, 5, , 5, 1, admin, 2019-09-19 10:25:41, admin, 2019-09-23 11:47:12
<==        Row: 1750000001505, 1750000000015, 维修, 04, 维修相关技术, 5, 1, null, 2026-07-22 13:57:28, null, null
<==        Row: 1750000001105, 1750000000011, 已归档, archived, 已归档状态, 5, 1, null, 2026-07-22 13:57:03, null, null
<==        Row: 2076625175196975105, 2009149820169641986, S1000D4.3, S1000D4.3, , 5, 1, admin, 2026-07-13 19:09:58, admin, 2026-07-16 09:58:24
<==        Row: 2009158995578740738, 2009158440265474049, 地面车辆, 4, , 5, 1, admin, 2026-01-08 15:03:28, admin, 2026-01-09 14:52:11
<==        Row: dm_status_4, dm_status_001, 已发布, 4, DM已正式发布, 5, 1, admin, 2026-07-23 09:12:06, null, null
<==        Row: 1232914232372195330, 1232913193820581889, 导入表单, bdfl_include, , 5, 1, admin, 2020-02-27 14:23:54, null, null
<==        Row: 25847e9cb661a7c711f9998452dc09e6, 4e4602b3e3686f0911384e188dc7efb4, 小于等于, <=, 小于等于, 6, 1, admin, 2019-04-01 16:44:34, admin, 2019-04-01 17:49:10
<==        Row: 1815011006, 1815011, 压缩包, zip, ZIP/RAR压缩包, 6, 1, null, 2026-07-22 15:22:51, null, null
<==        Row: 1815003006, 1815003, 备注, 006, 备注信息, 6, 1, null, 2026-07-22 15:22:50, null, null
<==        Row: a1e7d1ca507cff4a480c8caba7c1339e, 880a895c98afeca9d9ac39f29e67c13e, 导出, 6, , 6, 1, admin, 2019-07-22 12:06:50, null, null
<==        Row: 1815002006, 1815002, 测试程序, 06, 测试与检验程序, 6, 1, null, 2026-07-22 15:22:50, null, null
<==        Row: 1415547541091504129, 1209733563293962241, marialDB, 5, , 6, 1, admin, 2021-07-15 13:43:28, admin, 2021-07-15 13:44:23
<==        Row: 1750000001006, 1750000000010, 工艺性DM, process, 工艺性数据模块, 6, 1, null, 2026-07-22 13:58:22, null, null
<==        Row: 1750000001606, 1750000000016, 工具, 05, 工具信息, 6, 1, null, 2026-07-22 13:57:38, null, null
<==        Row: 1750000001506, 1750000000015, 调整, 05, 调整相关技术, 6, 1, null, 2026-07-22 13:57:28, null, null
<==        Row: 2009159040323575809, 2009158440265474049, 军械, 5, , 6, 1, admin, 2026-01-08 15:03:38, admin, 2026-01-09 14:52:15
<==        Row: dm_status_5, dm_status_001, 已归档, 5, DM已归档, 6, 1, admin, 2026-07-23 09:12:06, null, null
<==        Row: 1815011007, 1815011, 其他, other, 其他类型文件, 7, 1, null, 2026-07-22 15:22:51, null, null
<==        Row: 1815003007, 1815003, 参考, 007, 参考资料, 7, 1, null, 2026-07-22 15:22:50, null, null
<==        Row: 1815002007, 1815002, 检查程序, 07, 检查类程序文档, 7, 1, null, 2026-07-22 15:22:50, null, null
<==        Row: 1418049969003089922, 1209733563293962241, 达梦, 7, , 7, 1, admin, 2021-07-22 11:27:13, admin, 2021-07-22 11:27:30
<==        Row: 6d404fd2d82311fbc87722cd302a28bc, 4e4602b3e3686f0911384e188dc7efb4, 模糊, LIKE, 模糊, 7, 1, admin, 2019-04-01 16:46:02, admin, 2019-04-01 17:49:20
<==        Row: 1750000001607, 1750000000016, 耗材, 06, 耗材信息, 7, 1, null, 2026-07-22 13:57:38, null, null
<==        Row: 1750000001507, 1750000000015, 润滑, 06, 润滑相关技术, 7, 1, null, 2026-07-22 13:57:28, null, null
<==        Row: 1750000001007, 1750000000010, 故障报告DM, faultReporting, 故障报告数据模块, 7, 1, null, 2026-08-05 18:03:27, null, null
<==        Row: C666D8CA975441DDA5055935B1D12A38, 1750000000010, 前言类, frontmatter, Front Matter, 7, 1, admin, 2026-07-25 00:11:43, null, null
<==        Row: 1234371809495760898, 4e4602b3e3686f0911384e188dc7efb4, 右模糊, RIGHT_LIKE, 右模糊, 7, 1, admin, 2020-03-02 14:55:47, null, null
<==        Row: 2009159092395859970, 2009158440265474049, 保障与训练, 6, , 7, 1, admin, 2026-01-08 15:03:51, admin, 2026-01-09 14:52:21
<==        Row: 1234371726545010689, 4e4602b3e3686f0911384e188dc7efb4, 左模糊, LEFT_LIKE, 左模糊, 7, 1, admin, 2020-03-02 14:55:27, null, null
<==        Row: 1815003008, 1815003, 附录, 008, 附录内容, 8, 1, null, 2026-07-22 15:22:50, null, null
<==        Row: adcf2a1fe93bb99a84833043f475fe0b, 4e4602b3e3686f0911384e188dc7efb4, 包含, IN, 包含, 8, 1, admin, 2019-04-01 16:45:47, admin, 2019-04-01 17:49:24
<==        Row: 1815002008, 1815002, 修理程序, 08, 修理类程序文档, 8, 1, null, 2026-07-22 15:22:50, null, null
<==        Row: 1418050017053036545, 1209733563293962241, 人大金仓, 8, , 8, 1, admin, 2021-07-22 11:27:25, null, null
<==        Row: 1750000001608, 1750000000016, 附件, 07, 附件信息, 8, 1, null, 2026-07-22 13:57:38, null, null
<==        Row: 1750000001508, 1750000000015, 清洁, 07, 清洁相关技术, 8, 1, null, 2026-07-22 13:57:28, null, null
<==        Row: 1750000001008, 1750000000010, 图解零件目录DM, illustratedPartsCatalog, 图解零件目录数据模块, 8, 1, null, 2026-08-05 18:03:31, null, null
<==        Row: 2009159141330804738, 2009158440265474049, 通信, 7, , 8, 1, admin, 2026-01-08 15:04:02, admin, 2026-01-09 14:52:26
<==        Row: 1418050075555188737, 1209733563293962241, 神通, 9, , 9, 1, admin, 2021-07-22 11:27:39, null, null
<==        Row: 5584c21993bde231bbde2b966f2633ac, 4e4602b3e3686f0911384e188dc7efb4, 自定义SQL表达式, USE_SQL_RULES, 自定义SQL表达式, 9, 1, admin, 2019-04-01 10:45:24, admin, 2019-04-01 17:49:27
<==        Row: 1418050110669901826, 1209733563293962241, SQLite, 10, , 10, 1, admin, 2021-07-22 11:27:47, null, null
<==        Row: 1418050149475602434, 1209733563293962241, DB2, 11, , 11, 1, admin, 2021-07-22 11:27:56, null, null
<==        Row: 1418050209823248385, 1209733563293962241, Hsqldb, 12, , 12, 1, admin, 2021-07-22 11:28:11, admin, 2021-07-22 11:28:27
<==        Row: 1418050323111399425, 1209733563293962241, Derby, 13, , 13, 1, admin, 2021-07-22 11:28:38, null, null
<==        Row: 1418117316707590146, 1209733563293962241, H2, 14, , 14, 1, admin, 2021-07-22 15:54:50, null, null
<==        Row: 1418491604048449537, 1209733563293962241, 其他数据库, 15, , 15, 1, admin, 2021-07-23 16:42:07, null, null
<==      Total: 324
Closing non transactional SqlSession [org.apache.ibatis.session.defaults.DefaultSqlSession@58e34d31]
Creating a new SqlSession
SqlSession [org.apache.ibatis.session.defaults.DefaultSqlSession@1455c8a1] was not registered for synchronization because synchronization is not active
JDBC Connection [dm.jdbc.driver.DmdbConnection@2d3edb0b] will not be managed by Spring
==>  Preparing: insert into sys_log (id, log_type, log_content, method, operate_type, request_url, request_type, request_param, ip, userid, username, cost_time, create_time,create_by) values( ?, ?, ?, ?, ?, ?, ?, ?, ?, ?, ?, ?, ?, ? )
==> Parameters: 2085973775446155265(String), 1(Integer), 用户名: admin,登录成功！(String), null, null, null, null, null, 0:0:0:0:0:0:0:1(String), admin(String), 管理员(String), null, 2026-08-08 14:17:58.241(Timestamp), null
<==    Updates: 1
Closing non transactional SqlSession [org.apache.ibatis.session.defaults.DefaultSqlSession@1455c8a1]
Creating a new SqlSession
SqlSession [org.apache.ibatis.session.defaults.DefaultSqlSession@133f3ee3] was not registered for synchronization because synchronization is not active
original SQL: select * from  sys_user  where username = ? and del_flag = 0
SQL to parse, SQL: select * from  sys_user  where username = ? and del_flag = 0
parse the finished SQL: SELECT * FROM sys_user WHERE username = ? AND del_flag = 0
JDBC Connection [dm.jdbc.driver.DmdbConnection@2d3edb0b] will not be managed by Spring
==>  Preparing: SELECT * FROM sys_user WHERE username = ? AND del_flag = 0
==> Parameters: admin(String)
<==    Columns: ID, USERNAME, REALNAME, PASSWORD, SALT, AVATAR, BIRTHDAY, SEX, EMAIL, PHONE, ORG_CODE, STATUS, DEL_FLAG, THIRD_ID, THIRD_TYPE, ACTIVITI_SYNC, WORK_NO, POST, TELEPHONE, CREATE_BY, CREATE_TIME, UPDATE_BY, UPDATE_TIME, USER_IDENTITY, DEPART_IDS, REL_TENANT_IDS, CLIENT_ID
<==        Row: e9ca23d68d884d4ebb19d07889727dae, admin, 管理员, cb362cfeefbf3d8d, RCGTeGiH, https://static.jeecg.com/temp/国炬软件logo_1606575029126.png, 2018-12-05 00:00:00, 1, jeecg@163.com, 18611111111, A01, 1, 0, null, null, 1, 00001, 总经理, null, null, 2019-06-21 00:00:00, admin, 2022-10-17 00:00:00, 2, <<BLOB>>, null, null
<==      Total: 1
Closing non transactional SqlSession [org.apache.ibatis.session.defaults.DefaultSqlSession@133f3ee3]
2026-08-08 14:17:58.328 [http-nio-9999-exec-8] [34mINFO [0;39m [36mo.j.c.desensitization.aspect.SensitiveDataAspect:76[0;39m - 加密操作，Aspect程序耗时：2ms
Creating a new SqlSession
SqlSession [org.apache.ibatis.session.defaults.DefaultSqlSession@1700a85c] was not registered for synchronization because synchronization is not active
original SQL: SELECT * FROM (
			   SELECT p.*
			   FROM  sys_permission p
			   WHERE (exists(
						select a.id from sys_role_permission a
						join sys_role b on a.role_id = b.id
						join sys_user_role c on c.role_id = b.id
						join sys_user d on d.id = c.user_id
						where p.id = a.permission_id AND d.username = ?
					)
					or (p.url like '%:code' and p.url like '/online%' and p.hidden = 1)
					or (p.url like '%:id' and p.url like '/online%' and p.hidden = 1)
					or p.url = '/online')
			   and p.del_flag = 0
			
			   UNION
			   SELECT p.*
			   FROM  sys_permission p
			   WHERE exists(
					select a.id from sys_depart_role_permission a
					join sys_depart_role b on a.role_id = b.id
					join sys_depart_role_user c on c.drole_id = b.id
					join sys_user d on d.id = c.user_id
					where p.id = a.permission_id AND d.username = ?
			   )
			   and p.del_flag = 0
			
		   ) h order by h.sort_no ASC
SQL to parse, SQL: SELECT * FROM (
			   SELECT p.*
			   FROM  sys_permission p
			   WHERE (exists(
						select a.id from sys_role_permission a
						join sys_role b on a.role_id = b.id
						join sys_user_role c on c.role_id = b.id
						join sys_user d on d.id = c.user_id
						where p.id = a.permission_id AND d.username = ?
					)
					or (p.url like '%:code' and p.url like '/online%' and p.hidden = 1)
					or (p.url like '%:id' and p.url like '/online%' and p.hidden = 1)
					or p.url = '/online')
			   and p.del_flag = 0
			
			   UNION
			   SELECT p.*
			   FROM  sys_permission p
			   WHERE exists(
					select a.id from sys_depart_role_permission a
					join sys_depart_role b on a.role_id = b.id
					join sys_depart_role_user c on c.drole_id = b.id
					join sys_user d on d.id = c.user_id
					where p.id = a.permission_id AND d.username = ?
			   )
			   and p.del_flag = 0
			
		   ) h order by h.sort_no ASC
parse the finished SQL: SELECT * FROM (SELECT p.* FROM sys_permission p WHERE (EXISTS (SELECT a.id FROM sys_role_permission a JOIN sys_role b ON a.role_id = b.id JOIN sys_user_role c ON c.role_id = b.id JOIN sys_user d ON d.id = c.user_id WHERE p.id = a.permission_id AND d.username = ?) OR (p.url LIKE '%:code' AND p.url LIKE '/online%' AND p.hidden = 1) OR (p.url LIKE '%:id' AND p.url LIKE '/online%' AND p.hidden = 1) OR p.url = '/online') AND p.del_flag = 0 UNION SELECT p.* FROM sys_permission p WHERE EXISTS (SELECT a.id FROM sys_depart_role_permission a JOIN sys_depart_role b ON a.role_id = b.id JOIN sys_depart_role_user c ON c.drole_id = b.id JOIN sys_user d ON d.id = c.user_id WHERE p.id = a.permission_id AND d.username = ?) AND p.del_flag = 0) h ORDER BY h.sort_no ASC
JDBC Connection [dm.jdbc.driver.DmdbConnection@2d3edb0b] will not be managed by Spring
==>  Preparing: SELECT * FROM (SELECT p.* FROM sys_permission p WHERE (EXISTS (SELECT a.id FROM sys_role_permission a JOIN sys_role b ON a.role_id = b.id JOIN sys_user_role c ON c.role_id = b.id JOIN sys_user d ON d.id = c.user_id WHERE p.id = a.permission_id AND d.username = ?) OR (p.url LIKE '%:code' AND p.url LIKE '/online%' AND p.hidden = 1) OR (p.url LIKE '%:id' AND p.url LIKE '/online%' AND p.hidden = 1) OR p.url = '/online') AND p.del_flag = 0 UNION SELECT p.* FROM sys_permission p WHERE EXISTS (SELECT a.id FROM sys_depart_role_permission a JOIN sys_depart_role b ON a.role_id = b.id JOIN sys_depart_role_user c ON c.drole_id = b.id JOIN sys_user d ON d.id = c.user_id WHERE p.id = a.permission_id AND d.username = ?) AND p.del_flag = 0) h ORDER BY h.sort_no ASC
==> Parameters: admin(String), admin(String)
<==    Columns: ID, PARENT_ID, NAME, URL, COMPONENT, COMPONENT_NAME, REDIRECT, MENU_TYPE, PERMS, PERMS_TYPE, SORT_NO, ALWAYS_SHOW, ICON, IS_ROUTE, IS_LEAF, KEEP_ALIVE, HIDDEN, HIDE_TAB, DESCRIPTION, CREATE_BY, CREATE_TIME, UPDATE_BY, UPDATE_TIME, DEL_FLAG, RULE_FLAG, STATUS, INTERNAL_OR_EXTERNAL
<==        Row: 9502685863ab87f0ad1134142788a385, , 首页, /dashboard/analysis, dashboard/Analysis, null, null, 0, null, null, 0.0, 0, home, 1, 1, 0, 0, 0, null, null, 2018-12-25 20:34:38, admin, 2026-02-06 16:31:17, 0, 0, null, 0
<==        Row: 1260928341675982849, 3f915b2769fc80648e92d04e84ca059d, 添加按钮, null, null, null, null, 2, user:add, 1, 1.0, 0, null, 1, 1, 0, 0, null, null, admin, 2020-05-14 00:00:00, null, null, 0, 0, 1, 0
<==        Row: 2008069295683989506, 2008068007130886145, Word转DM, /302, 111, null, null, 1, null, 1, 1.0, 0, null, 1, 1, 0, 0, 0, null, admin, 2026-01-05 14:53:23, admin, 2026-01-08 20:59:19, 0, 0, 1, 0
<==        Row: 2008069592011567106, 2008069453259796481, 翻译, /305, 1111, null, null, 1, null, 1, 1.0, 0, null, 1, 1, 0, 0, 0, null, admin, 2026-01-05 14:54:34, admin, 2026-01-08 20:59:47, 0, 0, 1, 0
<==        Row: 2008070600762650625, 2008068063753990145, 数据模块导入, /402, 11, null, null, 1, null, 1, 1.0, 0, null, 1, 1, 0, 0, 0, null, admin, 2026-01-05 14:58:34, admin, 2026-01-08 21:00:31, 0, 0, 1, 0
<==        Row: 9cb91b8851db0cf7b19d7ecc2a8193dd, 1939e035e803a99ceecb6f5563570fb2, 我的任务表单, /modules/bpm/task/form/FormModule, modules/bpm/task/form/FormModule, null, null, 1, null, null, 1.0, 0, null, 1, 1, null, 0, null, null, admin, 2019-03-08 00:00:00, admin, 2019-03-08 00:00:00, 0, 0, null, null
<==        Row: 2008068408546750465, 2008067776595161090, 手册标准管理, /standard, ietm/standardmanagement/IetmStandardList, null, null, 1, null, 1, 1.0, 0, null, 1, 1, 0, 0, 0, null, admin, 2026-01-05 14:49:51, admin, 2026-01-08 20:25:41, 0, 0, 1, 0
<==        Row: 1260929666434318338, 3f915b2769fc80648e92d04e84ca059d, 用户编辑, null, null, null, null, 2, user:edit, 1, 1.0, 0, null, 1, 1, 0, 0, null, null, admin, 2020-05-14 00:00:00, null, null, 0, 0, 1, 0
<==        Row: 2008071144147316737, 2008068136860708865, 出版物管理, /602, 2, null, null, 1, null, 1, 1.0, 0, null, 1, 1, 0, 0, 0, null, admin, 2026-01-05 15:00:44, admin, 2026-01-08 21:01:23, 0, 0, 1, 0
<==        Row: 1a0811914300741f4e11838ff37a1d3a, 3f915b2769fc80648e92d04e84ca059d, 手机号禁用, null, null, null, null, 2, user:form:phone, 2, 1.0, 0, null, 0, 1, null, 0, null, null, admin, 2019-05-11 00:00:00, admin, 2019-05-11 00:00:00, 0, 0, 1, null
<==        Row: f2849d3814fc97993bfc519ae6bbf049, e41b69c57a941a3bbcce45032fe57605, AUTO复制表单, /online/copyform/:code, modules/online/cgform/OnlCgformCopyList, null, null, 1, null, 1, 1.0, 0, null, 1, 1, 0, 1, null, null, admin, 2019-08-29 00:00:00, null, null, 0, 0, 1, null
<==        Row: 2008070818400890882, 2008070671243735041, 导出数据模块, /405, 11, null, null, 1, null, 1, 1.0, 0, null, 1, 1, 0, 0, 0, null, admin, 2026-01-05 14:59:26, admin, 2026-01-08 21:00:49, 0, 0, 1, 0
<==        Row: 3f915b2769fc80648e92d04e84ca059d, d7d6e2e4e2934f2c9385a623fd98c6f3, 用户管理, /isystem/user, system/UserList, null, null, 1, null, null, 1.1, 0, null, 1, 0, 1, 0, 0, null, null, 2018-12-25 00:00:00, admin, 2022-10-14 00:00:00, 0, 0, null, 0
<==        Row: 190c2b43bec6a5f7a4194a85db67d96a, d7d6e2e4e2934f2c9385a623fd98c6f3, 角色管理, /isystem/roleUserList, system/RoleUserList, null, null, 1, null, null, 1.2, 0, null, 1, 1, 0, 0, null, null, admin, 2019-04-17 00:00:00, admin, 2019-12-25 00:00:00, 0, 0, null, 0
<==        Row: 1170592628746878978, d7d6e2e4e2934f2c9385a623fd98c6f3, 菜单管理, /isystem/newPermissionList, system/NewPermissionList, null, null, 1, null, 1, 1.3, 0, null, 1, 1, 0, 0, 0, null, admin, 2019-09-08 00:00:00, admin, 2022-10-14 00:00:00, 0, 0, 1, 0
<==        Row: 1280350452934307841, d7d6e2e4e2934f2c9385a623fd98c6f3, 租户管理, /isys/tenant, system/TenantList, null, null, 1, null, 1, 1.31, 0, null, 1, 1, 0, 0, null, null, admin, 2020-07-07 00:00:00, admin, 2021-08-16 00:00:00, 0, 0, 1, 0
<==        Row: 45c966826eeff4c99b8f8ebfe74511fc, d7d6e2e4e2934f2c9385a623fd98c6f3, 部门管理, /isystem/depart, system/DepartList, null, null, 1, null, null, 1.4, 0, null, 1, 1, 0, 0, null, null, admin, 2019-01-29 00:00:00, admin, 2019-12-25 00:00:00, 0, 0, null, 0
<==        Row: 2008069705744314370, 2008069453259796481, 设计视图设置, /306, 222, null, null, 1, null, 1, 2.0, 0, null, 1, 1, 0, 0, 0, null, admin, 2026-01-05 14:55:01, admin, 2026-01-08 20:59:57, 0, 0, 1, 0
<==        Row: 2008070905084571650, 2008070671243735041, 导出出版物模块, /406, 111, null, null, 1, null, 1, 2.0, 0, null, 1, 1, 0, 0, 0, null, admin, 2026-01-05 14:59:47, admin, 2026-01-08 21:00:57, 0, 0, 1, 0
<==        Row: 2008069375518371841, 2008068007130886145, DM离线编辑, /303, 1111, null, null, 1, null, 1, 2.0, 0, null, 1, 1, 0, 0, 0, null, admin, 2026-01-05 14:53:42, admin, 2026-01-08 20:59:28, 0, 0, 1, 0
<==        Row: 5c2f42277948043026b7a14692456828, d7d6e2e4e2934f2c9385a623fd98c6f3, 我的部门, /isystem/departUserList, system/DepartUserList, null, null, 1, null, null, 2.0, 0, null, 1, 1, 0, 0, null, null, admin, 2019-04-17 00:00:00, admin, 2019-12-25 00:00:00, 0, 0, null, 0
<==        Row: 2008068895991984130, 2008067884074201090, 项目信息码管理, /projectinformationcode, ietm/projectinformationcode/IetmProjectInformationCodeList, null, null, 1, null, 1, 2.0, 0, null, 1, 1, 0, 0, 0, null, admin, 2026-01-05 14:51:48, admin, 2026-01-12 10:30:54, 0, 0, 1, 0
<==        Row: 2008071223008620545, 2008068136860708865, 线性出版, /603, 1, null, null, 1, null, 1, 2.0, 0, , 1, 1, 0, 0, 0, null, admin, 2026-01-05 15:01:02, admin, 2026-01-08 21:01:31, 0, 0, 1, 0
<==        Row: 2008070671243735041, 2008068063753990145, 数据导出, /403, 22, null, null, 1, null, 1, 2.0, 0, null, 1, 0, 0, 0, 0, null, admin, 2026-01-05 14:58:51, admin, 2026-01-08 21:00:39, 0, 0, 1, 0
<==        Row: 2008068495435952129, 2008067776595161090, 手册预设模板管理, /standardtemplate, ietm/standardtemplatemanagement/StandardTemplateManagement, null, null, 1, null, 1, 2.0, 0, null, 1, 1, 0, 0, 0, null, admin, 2026-01-05 14:50:12, admin, 2026-01-12 11:32:20, 0, 0, 1, 0
<==        Row: 2008068972047298561, 2008067884074201090, 项目构型管理, /projectconfiguration, ietm/projectconfigurationmanagement/IetmProjectConfigurationManagementList, null, null, 1, null, 1, 3.0, 0, null, 1, 1, 0, 0, 0, null, admin, 2026-01-05 14:52:06, admin, 2026-02-10 11:38:25, 0, 0, 1, 0
<==        Row: 2008069453259796481, 2008068007130886145, 手册编辑设置, /304, 1111, null, null, 1, null, 1, 3.0, 0, null, 1, 0, 0, 0, 0, null, admin, 2026-01-05 14:54:00, admin, 2026-01-08 20:59:37, 0, 0, 1, 0
<==        Row: 2008071067370582018, 2008068063753990145, 数据交换记录, /408, 2, null, null, 1, null, 1, 3.0, 0, null, 1, 1, 0, 0, 0, null, admin, 2026-01-05 15:00:25, admin, 2026-01-08 21:01:11, 0, 0, 1, 0
<==        Row: 2008070986810585090, 2008070671243735041, 导出实体, /407, 111, null, null, 1, null, 1, 3.0, 0, , 1, 1, 0, 0, 0, null, admin, 2026-01-05 15:00:06, admin, 2026-01-08 21:01:03, 0, 0, 1, 0
<==        Row: 2008068602587836418, 2008067776595161090, 手册项目管理, /project, ietm/projectmanagement/IetmProjectList, null, null, 1, null, 1, 3.0, 0, null, 1, 1, 0, 0, 0, null, admin, 2026-01-05 14:50:38, admin, 2026-01-12 09:55:33, 0, 0, 1, 0
<==        Row: 2016742841506177025, 2008068007130886145, Edit, /IetmXmlEditor, ietm/ietmeditor/IetmXmlEditorPage, null, null, 1, null, 1, 4.0, 0, null, 1, 1, 0, 0, 0, null, admin, 2026-01-29 13:18:57, admin, 2026-01-29 14:25:28, 0, 0, 1, 0
<==        Row: 2008069040804524034, 2008067884074201090, 项目实体管理, /icnmanage, ietm/icnmanage/IetmIcnManageList, null, null, 1, null, 1, 4.0, 0, null, 1, 1, 0, 0, 0, null, admin, 2026-01-05 14:52:22, admin, 2026-02-06 11:27:24, 0, 0, 1, 0
<==        Row: 2008068672783708161, 2008067776595161090, 手册授权管理, /1005, ietm/ietmroleauth/IetmRoleauthList, null, null, 1, null, 1, 4.0, 0, null, 1, 1, 0, 0, 0, null, admin, 2026-01-05 14:50:54, admin, 2026-07-15 21:19:16, 0, 0, 1, 0
<==        Row: f1cb187abf927c88b89470d08615f5ac, d7d6e2e4e2934f2c9385a623fd98c6f3, 数据字典, /isystem/dict, system/DictList, null, null, 1, null, null, 5.0, 0, null, 1, 1, 0, 0, null, null, null, 2018-12-28 00:00:00, admin, 2020-02-23 00:00:00, 0, 0, null, 0
<==        Row: 2008069135360913409, 2008067884074201090, 项目数据模块管理, /ietmdatamodulemanagement, ietm/ietmdatamodulemanagement/IetmDataModuleList, null, null, 1, null, 1, 5.0, 0, null, 1, 1, 0, 0, 0, null, admin, 2026-01-05 14:52:45, admin, 2026-07-22 15:56:21, 0, 0, 1, 0
<==        Row: 1229674163694841857, e41b69c57a941a3bbcce45032fe57605, AUTO在线表单ERP, /online/cgformErpList/:code, modules/online/cgform/auto/erp/OnlCgformErpList, null, null, 1, null, 1, 5.0, 0, null, 1, 1, 0, 1, null, null, admin, 2020-02-18 00:00:00, admin, 2020-02-18 00:00:00, 0, 0, 1, 0
<==        Row: 1304032910990495745, e41b69c57a941a3bbcce45032fe57605, AUTO在线表单TAB, /online/cgformTabList/:code, modules/online/cgform/auto/tab/OnlCgformTabList, null, null, 1, null, 1, 8.0, 0, null, 1, 1, 0, 1, null, null, admin, 2020-09-10 00:00:00, admin, 2020-09-10 00:00:00, 0, 0, 1, 0
<==        Row: 22d6a3d39a59dd7ea9a30acfa6bfb0a5, e41b69c57a941a3bbcce45032fe57605, AUTO动态表单, /online/df/:table/:id, modules/online/cgform/auto/OnlineDynamicForm, null, null, 1, null, null, 9.0, 0, null, 0, 1, null, 1, null, null, admin, 2019-04-22 00:00:00, admin, 2019-04-30 00:00:00, 0, 0, null, null
<==        Row: fba41089766888023411a978d13c0aa4, e41b69c57a941a3bbcce45032fe57605, AUTO树表单列表, /online/cgformTreeList/:code, modules/online/cgform/auto/OnlCgformTreeList, null, null, 1, null, 1, 9.0, 0, null, 1, 1, null, 1, null, null, admin, 2019-05-21 00:00:00, admin, 2019-06-11 00:00:00, 0, 0, 1, null
<==        Row: 54097c6a3cf50fad0793a34beff1efdf, e41b69c57a941a3bbcce45032fe57605, AUTO在线表单, /online/cgformList/:code, modules/online/cgform/auto/OnlCgformAutoList, null, null, 1, null, null, 9.0, 0, null, 1, 1, null, 1, null, null, admin, 2019-03-19 00:00:00, admin, 2019-04-30 00:00:00, 0, 0, null, null
<==        Row: 9fe26464838de2ea5e90f2367e35efa0, e41b69c57a941a3bbcce45032fe57605, AUTO在线报表, /online/cgreport/:code, modules/online/cgreport/auto/OnlCgreportAutoList, onlineAutoList, null, 1, null, null, 9.0, 0, null, 1, 1, null, 1, null, null, admin, 2019-03-12 00:00:00, admin, 2019-04-30 00:00:00, 0, 0, null, null
<==        Row: 2008067776595161090, , 手册管理, /101, layouts/RouteView, null, null, 0, null, 1, 10.0, 0, copy, 1, 0, 0, 0, 0, null, admin, 2026-01-05 14:47:21, admin, 2026-01-05 15:29:10, 0, 0, 1, 0
<==        Row: 2008067884074201090, , 项目管理, /102, layouts/RouteView, null, null, 0, null, 1, 11.0, 0, audit, 1, 0, 0, 0, 0, null, admin, 2026-01-05 14:47:46, admin, 2026-01-05 15:26:04, 0, 0, 1, 0
<==        Row: 2008068007130886145, , 手册编辑, /301, layouts/RouteView, null, null, 0, null, 1, 12.0, 0, form, 1, 0, 0, 0, 0, null, admin, 2026-01-05 14:48:16, admin, 2026-01-08 20:59:10, 0, 0, 1, 0
<==        Row: 2008068063753990145, , 数据交换, /401, layouts/RouteView, null, null, 0, null, 1, 13.0, 0, interation, 1, 0, 0, 0, 0, null, admin, 2026-01-05 14:48:29, admin, 2026-01-08 21:00:07, 0, 0, 1, 0
<==        Row: 2008068136860708865, , 数据发布, /601, layouts/RouteView, null, null, 0, null, 1, 14.0, 0, global, 1, 0, 0, 0, 0, null, admin, 2026-01-05 14:48:47, admin, 2026-07-15 15:46:20, 0, 0, 1, 0
<==        Row: EFEDCB8751084A2DBB2471040E731073, , 浏览或编辑DM内容, /ietm/dm-content-editor/:id, ietm/ietmdatamodulemanagement/editor/DmContentEditor, DmContentEditor, null, 0, null, 1, 99.0, 0, null, 1, 1, 0, 1, 0, null, admin, 2026-08-01 17:28:57, admin, 2026-08-01 18:04:38, 0, 0, 1, 0
<==        Row: e41b69c57a941a3bbcce45032fe57605, , 在线开发, /online, layouts/RouteView, null, null, 0, null, null, 110.0, 0, cloud, 1, 0, 0, 0, 0, null, admin, 2019-03-08 00:00:00, admin, 2026-01-05 15:03:59, 0, 0, null, 0
<==        Row: d7d6e2e4e2934f2c9385a623fd98c6f3, , 系统管理, /isystem, layouts/RouteView, null, null, 0, null, null, 111.0, 0, setting, 1, 0, 0, 0, 0, null, null, 2018-12-25 00:00:00, admin, 2026-01-05 15:04:05, 0, 0, null, 0
<==        Row: 1235823781053313025, e41b69c57a941a3bbcce45032fe57605, AUTO在线内嵌子表, /online/cgformInnerTableList/:code, modules/online/cgform/auto/innerTable/OnlCgformInnerTableList, null, null, 1, null, 1, 999.0, 0, null, 1, 1, 0, 1, null, null, admin, 2020-03-06 00:00:00, admin, 2020-03-06 00:00:00, 0, 0, 1, 0
<==      Total: 50
Closing non transactional SqlSession [org.apache.ibatis.session.defaults.DefaultSqlSession@1700a85c]
Creating a new SqlSession
SqlSession [org.apache.ibatis.session.defaults.DefaultSqlSession@520234d8] was not registered for synchronization because synchronization is not active
original SQL: select role_code from sys_role where id in (select role_id from sys_user_role where user_id = (select id from sys_user where username=?))
SQL to parse, SQL: select role_code from sys_role where id in (select role_id from sys_user_role where user_id = (select id from sys_user where username=?))
parse the finished SQL: SELECT role_code FROM sys_role WHERE id IN (SELECT role_id FROM sys_user_role WHERE user_id = (SELECT id FROM sys_user WHERE username = ?))
JDBC Connection [dm.jdbc.driver.DmdbConnection@2d3edb0b] will not be managed by Spring
==>  Preparing: SELECT role_code FROM sys_role WHERE id IN (SELECT role_id FROM sys_user_role WHERE user_id = (SELECT id FROM sys_user WHERE username = ?))
==> Parameters: admin(String)
<==    Columns: role_code
<==        Row: vue3
<==        Row: admin
<==      Total: 2
Closing non transactional SqlSession [org.apache.ibatis.session.defaults.DefaultSqlSession@520234d8]
Creating a new SqlSession
SqlSession [org.apache.ibatis.session.defaults.DefaultSqlSession@9386c17] was not registered for synchronization because synchronization is not active
original SQL: SELECT  id,parent_id,name,perms,perms_type,icon,component,component_name,url,redirect,sort_no,menu_type,is_leaf AS leaf,is_route AS route,keep_alive,description,create_by,del_flag,rule_flag,hidden,hide_tab,create_time,update_by,update_time,status,always_show,internal_or_external  FROM sys_permission 
 
 WHERE (del_flag = ? AND menu_type = ?)
SQL to parse, SQL: SELECT  id,parent_id,name,perms,perms_type,icon,component,component_name,url,redirect,sort_no,menu_type,is_leaf AS leaf,is_route AS route,keep_alive,description,create_by,del_flag,rule_flag,hidden,hide_tab,create_time,update_by,update_time,status,always_show,internal_or_external  FROM sys_permission 
 
 WHERE (del_flag = ? AND menu_type = ?)
parse the finished SQL: SELECT id, parent_id, name, perms, perms_type, icon, component, component_name, url, redirect, sort_no, menu_type, is_leaf AS leaf, is_route AS route, keep_alive, description, create_by, del_flag, rule_flag, hidden, hide_tab, create_time, update_by, update_time, status, always_show, internal_or_external FROM sys_permission WHERE (del_flag = ? AND menu_type = ?)
JDBC Connection [dm.jdbc.driver.DmdbConnection@2d3edb0b] will not be managed by Spring
==>  Preparing: SELECT id, parent_id, name, perms, perms_type, icon, component, component_name, url, redirect, sort_no, menu_type, is_leaf AS leaf, is_route AS route, keep_alive, description, create_by, del_flag, rule_flag, hidden, hide_tab, create_time, update_by, update_time, status, always_show, internal_or_external FROM sys_permission WHERE (del_flag = ? AND menu_type = ?)
==> Parameters: 0(Integer), 2(Integer)
<==    Columns: id, parent_id, name, perms, perms_type, icon, component, component_name, url, redirect, sort_no, menu_type, leaf, route, keep_alive, description, create_by, del_flag, rule_flag, hidden, hide_tab, create_time, update_by, update_time, status, always_show, internal_or_external
<==        Row: 1400726868091015170, 4148ec82b6acd69f470bea75fe41c357, demo添加功能, demo:add, 1, null, null, null, null, null, null, 2, 1, 1, 0, null, admin, 0, 0, 0, null, 2021-06-04 16:11:24, null, null, 1, 0, 0
<==        Row: 0ac2ad938963b6c6d1af25477d5b8b51, 8d4683aacaa997ab86b966b464360338, 代码生成按钮, online:goGenerateCode, 1, null, null, null, null, null, 1.0, 2, 1, 1, null, null, admin, 0, 0, 0, null, 2019-06-11 00:00:00, null, null, 1, 0, null
<==        Row: 1260928341675982849, 3f915b2769fc80648e92d04e84ca059d, 添加按钮, user:add, 1, null, null, null, null, null, 1.0, 2, 1, 1, 0, null, admin, 0, 0, 0, null, 2020-05-14 00:00:00, null, null, 1, 0, 0
<==        Row: 1260929666434318338, 3f915b2769fc80648e92d04e84ca059d, 用户编辑, user:edit, 1, null, null, null, null, null, 1.0, 2, 1, 1, 0, null, admin, 0, 0, 0, null, 2020-05-14 00:00:00, null, null, 1, 0, 0
<==        Row: 1260931366557696001, 3f915b2769fc80648e92d04e84ca059d, 表单性别可见, user:sex, 1, null, null, null, null, null, 1.0, 2, 1, 1, 0, null, admin, 0, 0, 0, null, 2020-05-14 00:00:00, admin, 2020-05-14 00:00:00, 1, 0, 0
<==        Row: 1260933542969458689, 3f915b2769fc80648e92d04e84ca059d, 禁用生日字段, user:form:birthday, 2, null, null, null, null, null, 1.0, 2, 1, 1, 0, null, admin, 0, 0, 0, null, 2020-05-14 00:00:00, null, null, 1, 0, 0
<==        Row: 1a0811914300741f4e11838ff37a1d3a, 3f915b2769fc80648e92d04e84ca059d, 手机号禁用, user:form:phone, 2, null, null, null, null, null, 1.0, 2, 1, 0, null, null, admin, 0, 0, 0, null, 2019-05-11 00:00:00, admin, 2019-05-11 00:00:00, 1, 0, null
<==      Total: 7
Closing non transactional SqlSession [org.apache.ibatis.session.defaults.DefaultSqlSession@9386c17]
2026-08-08 14:18:05.058 [http-nio-9999-exec-1] [34mINFO [0;39m [36morg.jeecg.modules.message.websocket.WebSocket:43[0;39m - 【系统 WebSocket】有新的连接，总数为:1
Creating a new SqlSession
SqlSession [org.apache.ibatis.session.defaults.DefaultSqlSession@ac06fb] was not registered for synchronization because synchronization is not active
original SQL: SELECT  id,titile,msg_content,start_time,end_time,sender,priority,msg_category,msg_type,send_status,send_time,cancel_time,del_flag,create_by,create_time,update_by,update_time,user_ids,bus_type,bus_id,open_type,open_page,msg_abstract,dt_task_id  FROM sys_announcement 
 
 WHERE (msg_type = ? AND del_flag = ? AND send_status = ? AND end_time >= ? AND id NOT IN (select annt_id from sys_announcement_send where user_id='e9ca23d68d884d4ebb19d07889727dae'))
SQL to parse, SQL: SELECT  id,titile,msg_content,start_time,end_time,sender,priority,msg_category,msg_type,send_status,send_time,cancel_time,del_flag,create_by,create_time,update_by,update_time,user_ids,bus_type,bus_id,open_type,open_page,msg_abstract,dt_task_id  FROM sys_announcement 
 
 WHERE (msg_type = ? AND del_flag = ? AND send_status = ? AND end_time >= ? AND id NOT IN (select annt_id from sys_announcement_send where user_id='e9ca23d68d884d4ebb19d07889727dae'))
parse the finished SQL: SELECT id, titile, msg_content, start_time, end_time, sender, priority, msg_category, msg_type, send_status, send_time, cancel_time, del_flag, create_by, create_time, update_by, update_time, user_ids, bus_type, bus_id, open_type, open_page, msg_abstract, dt_task_id FROM sys_announcement WHERE (msg_type = ? AND del_flag = ? AND send_status = ? AND end_time >= ? AND id NOT IN (SELECT annt_id FROM sys_announcement_send WHERE user_id = 'e9ca23d68d884d4ebb19d07889727dae'))
JDBC Connection [dm.jdbc.driver.DmdbConnection@2d3edb0b] will not be managed by Spring
==>  Preparing: SELECT id, titile, msg_content, start_time, end_time, sender, priority, msg_category, msg_type, send_status, send_time, cancel_time, del_flag, create_by, create_time, update_by, update_time, user_ids, bus_type, bus_id, open_type, open_page, msg_abstract, dt_task_id FROM sys_announcement WHERE (msg_type = ? AND del_flag = ? AND send_status = ? AND end_time >= ? AND id NOT IN (SELECT annt_id FROM sys_announcement_send WHERE user_id = 'e9ca23d68d884d4ebb19d07889727dae'))
==> Parameters: ALL(String), 0(String), 1(String), 2019-06-21 00:00:00.0(Timestamp)
<==      Total: 0
Closing non transactional SqlSession [org.apache.ibatis.session.defaults.DefaultSqlSession@ac06fb]
Creating a new SqlSession
SqlSession [org.apache.ibatis.session.defaults.DefaultSqlSession@5ad263b1] was not registered for synchronization because synchronization is not active
original SQL: select * from sys_announcement 
	   where send_status = '1' 
	   and del_flag = '0' 
	   and msg_category = ? 
	   and id IN ( select annt_id from sys_announcement_send where user_id = ? and read_flag = '0')
	   order by create_time DESC
SQL to parse, SQL: select * from sys_announcement 
	   where send_status = '1' 
	   and del_flag = '0' 
	   and msg_category = ? 
	   and id IN ( select annt_id from sys_announcement_send where user_id = ? and read_flag = '0')
	   order by create_time DESC
parse the finished SQL: SELECT * FROM sys_announcement WHERE send_status = '1' AND del_flag = '0' AND msg_category = ? AND id IN (SELECT annt_id FROM sys_announcement_send WHERE user_id = ? AND read_flag = '0') ORDER BY create_time DESC
JDBC Connection [dm.jdbc.driver.DmdbConnection@2d3edb0b] will not be managed by Spring
==>  Preparing: SELECT COUNT(*) AS total FROM sys_announcement WHERE send_status = '1' AND del_flag = '0' AND msg_category = ? AND id IN (SELECT annt_id FROM sys_announcement_send WHERE user_id = ? AND read_flag = '0')
==> Parameters: 1(String), e9ca23d68d884d4ebb19d07889727dae(String)
<==    Columns: total
<==        Row: 0
<==      Total: 1
Closing non transactional SqlSession [org.apache.ibatis.session.defaults.DefaultSqlSession@5ad263b1]
Creating a new SqlSession
SqlSession [org.apache.ibatis.session.defaults.DefaultSqlSession@7833c451] was not registered for synchronization because synchronization is not active
original SQL: select * from sys_announcement 
	   where send_status = '1' 
	   and del_flag = '0' 
	   and msg_category = ? 
	   and id IN ( select annt_id from sys_announcement_send where user_id = ? and read_flag = '0')
	   order by create_time DESC
SQL to parse, SQL: select * from sys_announcement 
	   where send_status = '1' 
	   and del_flag = '0' 
	   and msg_category = ? 
	   and id IN ( select annt_id from sys_announcement_send where user_id = ? and read_flag = '0')
	   order by create_time DESC
parse the finished SQL: SELECT * FROM sys_announcement WHERE send_status = '1' AND del_flag = '0' AND msg_category = ? AND id IN (SELECT annt_id FROM sys_announcement_send WHERE user_id = ? AND read_flag = '0') ORDER BY create_time DESC
JDBC Connection [dm.jdbc.driver.DmdbConnection@2d3edb0b] will not be managed by Spring
==>  Preparing: SELECT COUNT(*) AS total FROM sys_announcement WHERE send_status = '1' AND del_flag = '0' AND msg_category = ? AND id IN (SELECT annt_id FROM sys_announcement_send WHERE user_id = ? AND read_flag = '0')
==> Parameters: 2(String), e9ca23d68d884d4ebb19d07889727dae(String)
<==    Columns: total
<==        Row: 0
<==      Total: 1
Closing non transactional SqlSession [org.apache.ibatis.session.defaults.DefaultSqlSession@7833c451]
2026-08-08 14:18:05.557 [http-nio-9999-exec-6] [34mINFO [0;39m [36morg.jeecg.common.system.query.QueryGenerator:241[0;39m - 排序规则>>列:null,排序方式:null
Creating a new SqlSession
SqlSession [org.apache.ibatis.session.defaults.DefaultSqlSession@ca3b109] was not registered for synchronization because synchronization is not active
original SQL: SELECT  id,create_by,create_time,update_by,update_time,sys_org_code,name,description,code_rule,business_rule_temp,organization,equipment_code,update_ip,version,status,security,ietm_standard,cage_code,position_code,default_business_rule,language_code,country_code  FROM ietm_project
SQL to parse, SQL: SELECT  id,create_by,create_time,update_by,update_time,sys_org_code,name,description,code_rule,business_rule_temp,organization,equipment_code,update_ip,version,status,security,ietm_standard,cage_code,position_code,default_business_rule,language_code,country_code  FROM ietm_project
parse the finished SQL: SELECT id, create_by, create_time, update_by, update_time, sys_org_code, name, description, code_rule, business_rule_temp, organization, equipment_code, update_ip, version, status, security, ietm_standard, cage_code, position_code, default_business_rule, language_code, country_code FROM ietm_project
JDBC Connection [dm.jdbc.driver.DmdbConnection@2d3edb0b] will not be managed by Spring
==>  Preparing: SELECT id, create_by, create_time, update_by, update_time, sys_org_code, name, description, code_rule, business_rule_temp, organization, equipment_code, update_ip, version, status, security, ietm_standard, cage_code, position_code, default_business_rule, language_code, country_code FROM ietm_project
==> Parameters: 
<==    Columns: id, create_by, create_time, update_by, update_time, sys_org_code, name, description, code_rule, business_rule_temp, organization, equipment_code, update_ip, version, status, security, ietm_standard, cage_code, position_code, default_business_rule, language_code, country_code
<==        Row: 2016415088223285250, admin, 2026-01-28 15:36:34.000000, admin, 2026-08-07 20:14:16.425000, A01, 项目33, 333, A-00-0-0-00-00-A, 333, null, ZBBM33, null, null, 1, 1, GJB6600, 方法, D, -//S1000D-AAA-D00-00-00-00AA-022A-D//en-US, ZH, CN
<==        Row: 2077227771595018242, admin, 2026-07-15 11:04:28.000000, admin, 2026-08-02 14:50:13.647000, A01, 123, 项目123, A-00-0-0-00-00-A, null, null, 123456, null, null, 1, 1, S1000D4.1, CAGE1, D, -//S1000D-AAA-D00-00-00-00AA-022A-D//en-US, zh, CN
<==        Row: 2078348945532030978, admin, 2026-07-18 13:19:37.000000, admin, 2026-08-02 14:50:03.869000, A01, 项目1, null, A-00-0-0-00-00-A, null, null, ZB1, null, null, 1, 1, S1000D4.0, 11111, D, -//S1000D-AAA-D00-00-00-00AA-022A-D//en-US, zh, CN
<==        Row: 2079020053407092737, admin, 2026-07-20 09:46:21.717000, null, null, A01, TEST01, null, A-00-0-0-00-00-A, null, null, ZBBM01, null, null, 1, 1, GJB6600, ZFJGM, D, -//S1000D-AAA-D00-00-00-00AA-022A-D//en-US, zh, CN
<==        Row: 2080890571529826306, admin, 2026-07-25 13:39:07.000000, admin, 2026-07-25 14:23:49.207000, A01, 项目25, null, A-00-0-0-00-00-A, null, null, ZB25, null, null, 1, 1, GJB6600, ORIGG, A, -//S1000D-AAA-D00-00-00-00AA-022A-D//en-US, ZH, CN
<==      Total: 5
Closing non transactional SqlSession [org.apache.ibatis.session.defaults.DefaultSqlSession@ca3b109]
2026-08-08 14:18:05.741 [http-nio-9999-exec-4] [34mINFO [0;39m [36morg.jeecg.common.system.query.QueryGenerator:241[0;39m - 排序规则>>列:null,排序方式:null
Creating a new SqlSession
SqlSession [org.apache.ibatis.session.defaults.DefaultSqlSession@267a910a] was not registered for synchronization because synchronization is not active
original SQL: SELECT  id,create_by,create_time,update_by,update_time,sys_org_code,name,description,code_rule,business_rule_temp,organization,equipment_code,update_ip,version,status,security,ietm_standard,cage_code,position_code,default_business_rule,language_code,country_code  FROM ietm_project
SQL to parse, SQL: SELECT  id,create_by,create_time,update_by,update_time,sys_org_code,name,description,code_rule,business_rule_temp,organization,equipment_code,update_ip,version,status,security,ietm_standard,cage_code,position_code,default_business_rule,language_code,country_code  FROM ietm_project
parse the finished SQL: SELECT id, create_by, create_time, update_by, update_time, sys_org_code, name, description, code_rule, business_rule_temp, organization, equipment_code, update_ip, version, status, security, ietm_standard, cage_code, position_code, default_business_rule, language_code, country_code FROM ietm_project
JDBC Connection [dm.jdbc.driver.DmdbConnection@2d3edb0b] will not be managed by Spring
==>  Preparing: SELECT id, create_by, create_time, update_by, update_time, sys_org_code, name, description, code_rule, business_rule_temp, organization, equipment_code, update_ip, version, status, security, ietm_standard, cage_code, position_code, default_business_rule, language_code, country_code FROM ietm_project
==> Parameters: 
<==    Columns: id, create_by, create_time, update_by, update_time, sys_org_code, name, description, code_rule, business_rule_temp, organization, equipment_code, update_ip, version, status, security, ietm_standard, cage_code, position_code, default_business_rule, language_code, country_code
<==        Row: 2016415088223285250, admin, 2026-01-28 15:36:34.000000, admin, 2026-08-07 20:14:16.425000, A01, 项目33, 333, A-00-0-0-00-00-A, 333, null, ZBBM33, null, null, 1, 1, GJB6600, 方法, D, -//S1000D-AAA-D00-00-00-00AA-022A-D//en-US, ZH, CN
<==        Row: 2077227771595018242, admin, 2026-07-15 11:04:28.000000, admin, 2026-08-02 14:50:13.647000, A01, 123, 项目123, A-00-0-0-00-00-A, null, null, 123456, null, null, 1, 1, S1000D4.1, CAGE1, D, -//S1000D-AAA-D00-00-00-00AA-022A-D//en-US, zh, CN
<==        Row: 2078348945532030978, admin, 2026-07-18 13:19:37.000000, admin, 2026-08-02 14:50:03.869000, A01, 项目1, null, A-00-0-0-00-00-A, null, null, ZB1, null, null, 1, 1, S1000D4.0, 11111, D, -//S1000D-AAA-D00-00-00-00AA-022A-D//en-US, zh, CN
<==        Row: 2079020053407092737, admin, 2026-07-20 09:46:21.717000, null, null, A01, TEST01, null, A-00-0-0-00-00-A, null, null, ZBBM01, null, null, 1, 1, GJB6600, ZFJGM, D, -//S1000D-AAA-D00-00-00-00AA-022A-D//en-US, zh, CN
<==        Row: 2080890571529826306, admin, 2026-07-25 13:39:07.000000, admin, 2026-07-25 14:23:49.207000, A01, 项目25, null, A-00-0-0-00-00-A, null, null, ZB25, null, null, 1, 1, GJB6600, ORIGG, A, -//S1000D-AAA-D00-00-00-00AA-022A-D//en-US, ZH, CN
<==      Total: 5
Closing non transactional SqlSession [org.apache.ibatis.session.defaults.DefaultSqlSession@267a910a]
Creating a new SqlSession
SqlSession [org.apache.ibatis.session.defaults.DefaultSqlSession@a9be1a5] was not registered for synchronization because synchronization is not active
original SQL: SELECT * FROM (
			   SELECT p.*
			   FROM  sys_permission p
			   WHERE (exists(
						select a.id from sys_role_permission a
						join sys_role b on a.role_id = b.id
						join sys_user_role c on c.role_id = b.id
						join sys_user d on d.id = c.user_id
						where p.id = a.permission_id AND d.username = ?
					)
					or (p.url like '%:code' and p.url like '/online%' and p.hidden = 1)
					or (p.url like '%:id' and p.url like '/online%' and p.hidden = 1)
					or p.url = '/online')
			   and p.del_flag = 0
			
			   UNION
			   SELECT p.*
			   FROM  sys_permission p
			   WHERE exists(
					select a.id from sys_depart_role_permission a
					join sys_depart_role b on a.role_id = b.id
					join sys_depart_role_user c on c.drole_id = b.id
					join sys_user d on d.id = c.user_id
					where p.id = a.permission_id AND d.username = ?
			   )
			   and p.del_flag = 0
			
		   ) h order by h.sort_no ASC
SQL to parse, SQL: SELECT * FROM (
			   SELECT p.*
			   FROM  sys_permission p
			   WHERE (exists(
						select a.id from sys_role_permission a
						join sys_role b on a.role_id = b.id
						join sys_user_role c on c.role_id = b.id
						join sys_user d on d.id = c.user_id
						where p.id = a.permission_id AND d.username = ?
					)
					or (p.url like '%:code' and p.url like '/online%' and p.hidden = 1)
					or (p.url like '%:id' and p.url like '/online%' and p.hidden = 1)
					or p.url = '/online')
			   and p.del_flag = 0
			
			   UNION
			   SELECT p.*
			   FROM  sys_permission p
			   WHERE exists(
					select a.id from sys_depart_role_permission a
					join sys_depart_role b on a.role_id = b.id
					join sys_depart_role_user c on c.drole_id = b.id
					join sys_user d on d.id = c.user_id
					where p.id = a.permission_id AND d.username = ?
			   )
			   and p.del_flag = 0
			
		   ) h order by h.sort_no ASC
parse the finished SQL: SELECT * FROM (SELECT p.* FROM sys_permission p WHERE (EXISTS (SELECT a.id FROM sys_role_permission a JOIN sys_role b ON a.role_id = b.id JOIN sys_user_role c ON c.role_id = b.id JOIN sys_user d ON d.id = c.user_id WHERE p.id = a.permission_id AND d.username = ?) OR (p.url LIKE '%:code' AND p.url LIKE '/online%' AND p.hidden = 1) OR (p.url LIKE '%:id' AND p.url LIKE '/online%' AND p.hidden = 1) OR p.url = '/online') AND p.del_flag = 0 UNION SELECT p.* FROM sys_permission p WHERE EXISTS (SELECT a.id FROM sys_depart_role_permission a JOIN sys_depart_role b ON a.role_id = b.id JOIN sys_depart_role_user c ON c.drole_id = b.id JOIN sys_user d ON d.id = c.user_id WHERE p.id = a.permission_id AND d.username = ?) AND p.del_flag = 0) h ORDER BY h.sort_no ASC
JDBC Connection [dm.jdbc.driver.DmdbConnection@2d3edb0b] will not be managed by Spring
==>  Preparing: SELECT * FROM (SELECT p.* FROM sys_permission p WHERE (EXISTS (SELECT a.id FROM sys_role_permission a JOIN sys_role b ON a.role_id = b.id JOIN sys_user_role c ON c.role_id = b.id JOIN sys_user d ON d.id = c.user_id WHERE p.id = a.permission_id AND d.username = ?) OR (p.url LIKE '%:code' AND p.url LIKE '/online%' AND p.hidden = 1) OR (p.url LIKE '%:id' AND p.url LIKE '/online%' AND p.hidden = 1) OR p.url = '/online') AND p.del_flag = 0 UNION SELECT p.* FROM sys_permission p WHERE EXISTS (SELECT a.id FROM sys_depart_role_permission a JOIN sys_depart_role b ON a.role_id = b.id JOIN sys_depart_role_user c ON c.drole_id = b.id JOIN sys_user d ON d.id = c.user_id WHERE p.id = a.permission_id AND d.username = ?) AND p.del_flag = 0) h ORDER BY h.sort_no ASC
==> Parameters: admin(String), admin(String)
<==    Columns: ID, PARENT_ID, NAME, URL, COMPONENT, COMPONENT_NAME, REDIRECT, MENU_TYPE, PERMS, PERMS_TYPE, SORT_NO, ALWAYS_SHOW, ICON, IS_ROUTE, IS_LEAF, KEEP_ALIVE, HIDDEN, HIDE_TAB, DESCRIPTION, CREATE_BY, CREATE_TIME, UPDATE_BY, UPDATE_TIME, DEL_FLAG, RULE_FLAG, STATUS, INTERNAL_OR_EXTERNAL
<==        Row: 9502685863ab87f0ad1134142788a385, , 首页, /dashboard/analysis, dashboard/Analysis, null, null, 0, null, null, 0.0, 0, home, 1, 1, 0, 0, 0, null, null, 2018-12-25 20:34:38, admin, 2026-02-06 16:31:17, 0, 0, null, 0
<==        Row: 1260928341675982849, 3f915b2769fc80648e92d04e84ca059d, 添加按钮, null, null, null, null, 2, user:add, 1, 1.0, 0, null, 1, 1, 0, 0, null, null, admin, 2020-05-14 00:00:00, null, null, 0, 0, 1, 0
<==        Row: 2008069295683989506, 2008068007130886145, Word转DM, /302, 111, null, null, 1, null, 1, 1.0, 0, null, 1, 1, 0, 0, 0, null, admin, 2026-01-05 14:53:23, admin, 2026-01-08 20:59:19, 0, 0, 1, 0
<==        Row: 2008069592011567106, 2008069453259796481, 翻译, /305, 1111, null, null, 1, null, 1, 1.0, 0, null, 1, 1, 0, 0, 0, null, admin, 2026-01-05 14:54:34, admin, 2026-01-08 20:59:47, 0, 0, 1, 0
<==        Row: 2008070600762650625, 2008068063753990145, 数据模块导入, /402, 11, null, null, 1, null, 1, 1.0, 0, null, 1, 1, 0, 0, 0, null, admin, 2026-01-05 14:58:34, admin, 2026-01-08 21:00:31, 0, 0, 1, 0
<==        Row: 9cb91b8851db0cf7b19d7ecc2a8193dd, 1939e035e803a99ceecb6f5563570fb2, 我的任务表单, /modules/bpm/task/form/FormModule, modules/bpm/task/form/FormModule, null, null, 1, null, null, 1.0, 0, null, 1, 1, null, 0, null, null, admin, 2019-03-08 00:00:00, admin, 2019-03-08 00:00:00, 0, 0, null, null
<==        Row: 2008068408546750465, 2008067776595161090, 手册标准管理, /standard, ietm/standardmanagement/IetmStandardList, null, null, 1, null, 1, 1.0, 0, null, 1, 1, 0, 0, 0, null, admin, 2026-01-05 14:49:51, admin, 2026-01-08 20:25:41, 0, 0, 1, 0
<==        Row: 1260929666434318338, 3f915b2769fc80648e92d04e84ca059d, 用户编辑, null, null, null, null, 2, user:edit, 1, 1.0, 0, null, 1, 1, 0, 0, null, null, admin, 2020-05-14 00:00:00, null, null, 0, 0, 1, 0
<==        Row: 2008071144147316737, 2008068136860708865, 出版物管理, /602, 2, null, null, 1, null, 1, 1.0, 0, null, 1, 1, 0, 0, 0, null, admin, 2026-01-05 15:00:44, admin, 2026-01-08 21:01:23, 0, 0, 1, 0
<==        Row: 1a0811914300741f4e11838ff37a1d3a, 3f915b2769fc80648e92d04e84ca059d, 手机号禁用, null, null, null, null, 2, user:form:phone, 2, 1.0, 0, null, 0, 1, null, 0, null, null, admin, 2019-05-11 00:00:00, admin, 2019-05-11 00:00:00, 0, 0, 1, null
<==        Row: f2849d3814fc97993bfc519ae6bbf049, e41b69c57a941a3bbcce45032fe57605, AUTO复制表单, /online/copyform/:code, modules/online/cgform/OnlCgformCopyList, null, null, 1, null, 1, 1.0, 0, null, 1, 1, 0, 1, null, null, admin, 2019-08-29 00:00:00, null, null, 0, 0, 1, null
<==        Row: 2008070818400890882, 2008070671243735041, 导出数据模块, /405, 11, null, null, 1, null, 1, 1.0, 0, null, 1, 1, 0, 0, 0, null, admin, 2026-01-05 14:59:26, admin, 2026-01-08 21:00:49, 0, 0, 1, 0
<==        Row: 3f915b2769fc80648e92d04e84ca059d, d7d6e2e4e2934f2c9385a623fd98c6f3, 用户管理, /isystem/user, system/UserList, null, null, 1, null, null, 1.1, 0, null, 1, 0, 1, 0, 0, null, null, 2018-12-25 00:00:00, admin, 2022-10-14 00:00:00, 0, 0, null, 0
<==        Row: 190c2b43bec6a5f7a4194a85db67d96a, d7d6e2e4e2934f2c9385a623fd98c6f3, 角色管理, /isystem/roleUserList, system/RoleUserList, null, null, 1, null, null, 1.2, 0, null, 1, 1, 0, 0, null, null, admin, 2019-04-17 00:00:00, admin, 2019-12-25 00:00:00, 0, 0, null, 0
<==        Row: 1170592628746878978, d7d6e2e4e2934f2c9385a623fd98c6f3, 菜单管理, /isystem/newPermissionList, system/NewPermissionList, null, null, 1, null, 1, 1.3, 0, null, 1, 1, 0, 0, 0, null, admin, 2019-09-08 00:00:00, admin, 2022-10-14 00:00:00, 0, 0, 1, 0
<==        Row: 1280350452934307841, d7d6e2e4e2934f2c9385a623fd98c6f3, 租户管理, /isys/tenant, system/TenantList, null, null, 1, null, 1, 1.31, 0, null, 1, 1, 0, 0, null, null, admin, 2020-07-07 00:00:00, admin, 2021-08-16 00:00:00, 0, 0, 1, 0
<==        Row: 45c966826eeff4c99b8f8ebfe74511fc, d7d6e2e4e2934f2c9385a623fd98c6f3, 部门管理, /isystem/depart, system/DepartList, null, null, 1, null, null, 1.4, 0, null, 1, 1, 0, 0, null, null, admin, 2019-01-29 00:00:00, admin, 2019-12-25 00:00:00, 0, 0, null, 0
<==        Row: 2008069705744314370, 2008069453259796481, 设计视图设置, /306, 222, null, null, 1, null, 1, 2.0, 0, null, 1, 1, 0, 0, 0, null, admin, 2026-01-05 14:55:01, admin, 2026-01-08 20:59:57, 0, 0, 1, 0
<==        Row: 2008070905084571650, 2008070671243735041, 导出出版物模块, /406, 111, null, null, 1, null, 1, 2.0, 0, null, 1, 1, 0, 0, 0, null, admin, 2026-01-05 14:59:47, admin, 2026-01-08 21:00:57, 0, 0, 1, 0
<==        Row: 2008069375518371841, 2008068007130886145, DM离线编辑, /303, 1111, null, null, 1, null, 1, 2.0, 0, null, 1, 1, 0, 0, 0, null, admin, 2026-01-05 14:53:42, admin, 2026-01-08 20:59:28, 0, 0, 1, 0
<==        Row: 5c2f42277948043026b7a14692456828, d7d6e2e4e2934f2c9385a623fd98c6f3, 我的部门, /isystem/departUserList, system/DepartUserList, null, null, 1, null, null, 2.0, 0, null, 1, 1, 0, 0, null, null, admin, 2019-04-17 00:00:00, admin, 2019-12-25 00:00:00, 0, 0, null, 0
<==        Row: 2008068895991984130, 2008067884074201090, 项目信息码管理, /projectinformationcode, ietm/projectinformationcode/IetmProjectInformationCodeList, null, null, 1, null, 1, 2.0, 0, null, 1, 1, 0, 0, 0, null, admin, 2026-01-05 14:51:48, admin, 2026-01-12 10:30:54, 0, 0, 1, 0
<==        Row: 2008071223008620545, 2008068136860708865, 线性出版, /603, 1, null, null, 1, null, 1, 2.0, 0, , 1, 1, 0, 0, 0, null, admin, 2026-01-05 15:01:02, admin, 2026-01-08 21:01:31, 0, 0, 1, 0
<==        Row: 2008070671243735041, 2008068063753990145, 数据导出, /403, 22, null, null, 1, null, 1, 2.0, 0, null, 1, 0, 0, 0, 0, null, admin, 2026-01-05 14:58:51, admin, 2026-01-08 21:00:39, 0, 0, 1, 0
<==        Row: 2008068495435952129, 2008067776595161090, 手册预设模板管理, /standardtemplate, ietm/standardtemplatemanagement/StandardTemplateManagement, null, null, 1, null, 1, 2.0, 0, null, 1, 1, 0, 0, 0, null, admin, 2026-01-05 14:50:12, admin, 2026-01-12 11:32:20, 0, 0, 1, 0
<==        Row: 2008068972047298561, 2008067884074201090, 项目构型管理, /projectconfiguration, ietm/projectconfigurationmanagement/IetmProjectConfigurationManagementList, null, null, 1, null, 1, 3.0, 0, null, 1, 1, 0, 0, 0, null, admin, 2026-01-05 14:52:06, admin, 2026-02-10 11:38:25, 0, 0, 1, 0
<==        Row: 2008069453259796481, 2008068007130886145, 手册编辑设置, /304, 1111, null, null, 1, null, 1, 3.0, 0, null, 1, 0, 0, 0, 0, null, admin, 2026-01-05 14:54:00, admin, 2026-01-08 20:59:37, 0, 0, 1, 0
<==        Row: 2008071067370582018, 2008068063753990145, 数据交换记录, /408, 2, null, null, 1, null, 1, 3.0, 0, null, 1, 1, 0, 0, 0, null, admin, 2026-01-05 15:00:25, admin, 2026-01-08 21:01:11, 0, 0, 1, 0
<==        Row: 2008070986810585090, 2008070671243735041, 导出实体, /407, 111, null, null, 1, null, 1, 3.0, 0, , 1, 1, 0, 0, 0, null, admin, 2026-01-05 15:00:06, admin, 2026-01-08 21:01:03, 0, 0, 1, 0
<==        Row: 2008068602587836418, 2008067776595161090, 手册项目管理, /project, ietm/projectmanagement/IetmProjectList, null, null, 1, null, 1, 3.0, 0, null, 1, 1, 0, 0, 0, null, admin, 2026-01-05 14:50:38, admin, 2026-01-12 09:55:33, 0, 0, 1, 0
<==        Row: 2016742841506177025, 2008068007130886145, Edit, /IetmXmlEditor, ietm/ietmeditor/IetmXmlEditorPage, null, null, 1, null, 1, 4.0, 0, null, 1, 1, 0, 0, 0, null, admin, 2026-01-29 13:18:57, admin, 2026-01-29 14:25:28, 0, 0, 1, 0
<==        Row: 2008069040804524034, 2008067884074201090, 项目实体管理, /icnmanage, ietm/icnmanage/IetmIcnManageList, null, null, 1, null, 1, 4.0, 0, null, 1, 1, 0, 0, 0, null, admin, 2026-01-05 14:52:22, admin, 2026-02-06 11:27:24, 0, 0, 1, 0
<==        Row: 2008068672783708161, 2008067776595161090, 手册授权管理, /1005, ietm/ietmroleauth/IetmRoleauthList, null, null, 1, null, 1, 4.0, 0, null, 1, 1, 0, 0, 0, null, admin, 2026-01-05 14:50:54, admin, 2026-07-15 21:19:16, 0, 0, 1, 0
<==        Row: f1cb187abf927c88b89470d08615f5ac, d7d6e2e4e2934f2c9385a623fd98c6f3, 数据字典, /isystem/dict, system/DictList, null, null, 1, null, null, 5.0, 0, null, 1, 1, 0, 0, null, null, null, 2018-12-28 00:00:00, admin, 2020-02-23 00:00:00, 0, 0, null, 0
<==        Row: 2008069135360913409, 2008067884074201090, 项目数据模块管理, /ietmdatamodulemanagement, ietm/ietmdatamodulemanagement/IetmDataModuleList, null, null, 1, null, 1, 5.0, 0, null, 1, 1, 0, 0, 0, null, admin, 2026-01-05 14:52:45, admin, 2026-07-22 15:56:21, 0, 0, 1, 0
<==        Row: 1229674163694841857, e41b69c57a941a3bbcce45032fe57605, AUTO在线表单ERP, /online/cgformErpList/:code, modules/online/cgform/auto/erp/OnlCgformErpList, null, null, 1, null, 1, 5.0, 0, null, 1, 1, 0, 1, null, null, admin, 2020-02-18 00:00:00, admin, 2020-02-18 00:00:00, 0, 0, 1, 0
<==        Row: 1304032910990495745, e41b69c57a941a3bbcce45032fe57605, AUTO在线表单TAB, /online/cgformTabList/:code, modules/online/cgform/auto/tab/OnlCgformTabList, null, null, 1, null, 1, 8.0, 0, null, 1, 1, 0, 1, null, null, admin, 2020-09-10 00:00:00, admin, 2020-09-10 00:00:00, 0, 0, 1, 0
<==        Row: 22d6a3d39a59dd7ea9a30acfa6bfb0a5, e41b69c57a941a3bbcce45032fe57605, AUTO动态表单, /online/df/:table/:id, modules/online/cgform/auto/OnlineDynamicForm, null, null, 1, null, null, 9.0, 0, null, 0, 1, null, 1, null, null, admin, 2019-04-22 00:00:00, admin, 2019-04-30 00:00:00, 0, 0, null, null
<==        Row: fba41089766888023411a978d13c0aa4, e41b69c57a941a3bbcce45032fe57605, AUTO树表单列表, /online/cgformTreeList/:code, modules/online/cgform/auto/OnlCgformTreeList, null, null, 1, null, 1, 9.0, 0, null, 1, 1, null, 1, null, null, admin, 2019-05-21 00:00:00, admin, 2019-06-11 00:00:00, 0, 0, 1, null
<==        Row: 54097c6a3cf50fad0793a34beff1efdf, e41b69c57a941a3bbcce45032fe57605, AUTO在线表单, /online/cgformList/:code, modules/online/cgform/auto/OnlCgformAutoList, null, null, 1, null, null, 9.0, 0, null, 1, 1, null, 1, null, null, admin, 2019-03-19 00:00:00, admin, 2019-04-30 00:00:00, 0, 0, null, null
<==        Row: 9fe26464838de2ea5e90f2367e35efa0, e41b69c57a941a3bbcce45032fe57605, AUTO在线报表, /online/cgreport/:code, modules/online/cgreport/auto/OnlCgreportAutoList, onlineAutoList, null, 1, null, null, 9.0, 0, null, 1, 1, null, 1, null, null, admin, 2019-03-12 00:00:00, admin, 2019-04-30 00:00:00, 0, 0, null, null
<==        Row: 2008067776595161090, , 手册管理, /101, layouts/RouteView, null, null, 0, null, 1, 10.0, 0, copy, 1, 0, 0, 0, 0, null, admin, 2026-01-05 14:47:21, admin, 2026-01-05 15:29:10, 0, 0, 1, 0
<==        Row: 2008067884074201090, , 项目管理, /102, layouts/RouteView, null, null, 0, null, 1, 11.0, 0, audit, 1, 0, 0, 0, 0, null, admin, 2026-01-05 14:47:46, admin, 2026-01-05 15:26:04, 0, 0, 1, 0
<==        Row: 2008068007130886145, , 手册编辑, /301, layouts/RouteView, null, null, 0, null, 1, 12.0, 0, form, 1, 0, 0, 0, 0, null, admin, 2026-01-05 14:48:16, admin, 2026-01-08 20:59:10, 0, 0, 1, 0
<==        Row: 2008068063753990145, , 数据交换, /401, layouts/RouteView, null, null, 0, null, 1, 13.0, 0, interation, 1, 0, 0, 0, 0, null, admin, 2026-01-05 14:48:29, admin, 2026-01-08 21:00:07, 0, 0, 1, 0
<==        Row: 2008068136860708865, , 数据发布, /601, layouts/RouteView, null, null, 0, null, 1, 14.0, 0, global, 1, 0, 0, 0, 0, null, admin, 2026-01-05 14:48:47, admin, 2026-07-15 15:46:20, 0, 0, 1, 0
<==        Row: EFEDCB8751084A2DBB2471040E731073, , 浏览或编辑DM内容, /ietm/dm-content-editor/:id, ietm/ietmdatamodulemanagement/editor/DmContentEditor, DmContentEditor, null, 0, null, 1, 99.0, 0, null, 1, 1, 0, 1, 0, null, admin, 2026-08-01 17:28:57, admin, 2026-08-01 18:04:38, 0, 0, 1, 0
<==        Row: e41b69c57a941a3bbcce45032fe57605, , 在线开发, /online, layouts/RouteView, null, null, 0, null, null, 110.0, 0, cloud, 1, 0, 0, 0, 0, null, admin, 2019-03-08 00:00:00, admin, 2026-01-05 15:03:59, 0, 0, null, 0
<==        Row: d7d6e2e4e2934f2c9385a623fd98c6f3, , 系统管理, /isystem, layouts/RouteView, null, null, 0, null, null, 111.0, 0, setting, 1, 0, 0, 0, 0, null, null, 2018-12-25 00:00:00, admin, 2026-01-05 15:04:05, 0, 0, null, 0
<==        Row: 1235823781053313025, e41b69c57a941a3bbcce45032fe57605, AUTO在线内嵌子表, /online/cgformInnerTableList/:code, modules/online/cgform/auto/innerTable/OnlCgformInnerTableList, null, null, 1, null, 1, 999.0, 0, null, 1, 1, 0, 1, null, null, admin, 2020-03-06 00:00:00, admin, 2020-03-06 00:00:00, 0, 0, 1, 0
<==      Total: 50
Closing non transactional SqlSession [org.apache.ibatis.session.defaults.DefaultSqlSession@a9be1a5]
Creating a new SqlSession
SqlSession [org.apache.ibatis.session.defaults.DefaultSqlSession@5be20065] was not registered for synchronization because synchronization is not active
original SQL: select role_code from sys_role where id in (select role_id from sys_user_role where user_id = (select id from sys_user where username=?))
SQL to parse, SQL: select role_code from sys_role where id in (select role_id from sys_user_role where user_id = (select id from sys_user where username=?))
parse the finished SQL: SELECT role_code FROM sys_role WHERE id IN (SELECT role_id FROM sys_user_role WHERE user_id = (SELECT id FROM sys_user WHERE username = ?))
JDBC Connection [dm.jdbc.driver.DmdbConnection@2d3edb0b] will not be managed by Spring
==>  Preparing: SELECT role_code FROM sys_role WHERE id IN (SELECT role_id FROM sys_user_role WHERE user_id = (SELECT id FROM sys_user WHERE username = ?))
==> Parameters: admin(String)
<==    Columns: role_code
<==        Row: vue3
<==        Row: admin
<==      Total: 2
Closing non transactional SqlSession [org.apache.ibatis.session.defaults.DefaultSqlSession@5be20065]
Creating a new SqlSession
SqlSession [org.apache.ibatis.session.defaults.DefaultSqlSession@79be266d] was not registered for synchronization because synchronization is not active
original SQL: SELECT  id,parent_id,name,perms,perms_type,icon,component,component_name,url,redirect,sort_no,menu_type,is_leaf AS leaf,is_route AS route,keep_alive,description,create_by,del_flag,rule_flag,hidden,hide_tab,create_time,update_by,update_time,status,always_show,internal_or_external  FROM sys_permission 
 
 WHERE (del_flag = ? AND menu_type = ?)
SQL to parse, SQL: SELECT  id,parent_id,name,perms,perms_type,icon,component,component_name,url,redirect,sort_no,menu_type,is_leaf AS leaf,is_route AS route,keep_alive,description,create_by,del_flag,rule_flag,hidden,hide_tab,create_time,update_by,update_time,status,always_show,internal_or_external  FROM sys_permission 
 
 WHERE (del_flag = ? AND menu_type = ?)
parse the finished SQL: SELECT id, parent_id, name, perms, perms_type, icon, component, component_name, url, redirect, sort_no, menu_type, is_leaf AS leaf, is_route AS route, keep_alive, description, create_by, del_flag, rule_flag, hidden, hide_tab, create_time, update_by, update_time, status, always_show, internal_or_external FROM sys_permission WHERE (del_flag = ? AND menu_type = ?)
JDBC Connection [dm.jdbc.driver.DmdbConnection@2d3edb0b] will not be managed by Spring
==>  Preparing: SELECT id, parent_id, name, perms, perms_type, icon, component, component_name, url, redirect, sort_no, menu_type, is_leaf AS leaf, is_route AS route, keep_alive, description, create_by, del_flag, rule_flag, hidden, hide_tab, create_time, update_by, update_time, status, always_show, internal_or_external FROM sys_permission WHERE (del_flag = ? AND menu_type = ?)
==> Parameters: 0(Integer), 2(Integer)
<==    Columns: id, parent_id, name, perms, perms_type, icon, component, component_name, url, redirect, sort_no, menu_type, leaf, route, keep_alive, description, create_by, del_flag, rule_flag, hidden, hide_tab, create_time, update_by, update_time, status, always_show, internal_or_external
<==        Row: 1400726868091015170, 4148ec82b6acd69f470bea75fe41c357, demo添加功能, demo:add, 1, null, null, null, null, null, null, 2, 1, 1, 0, null, admin, 0, 0, 0, null, 2021-06-04 16:11:24, null, null, 1, 0, 0
<==        Row: 0ac2ad938963b6c6d1af25477d5b8b51, 8d4683aacaa997ab86b966b464360338, 代码生成按钮, online:goGenerateCode, 1, null, null, null, null, null, 1.0, 2, 1, 1, null, null, admin, 0, 0, 0, null, 2019-06-11 00:00:00, null, null, 1, 0, null
<==        Row: 1260928341675982849, 3f915b2769fc80648e92d04e84ca059d, 添加按钮, user:add, 1, null, null, null, null, null, 1.0, 2, 1, 1, 0, null, admin, 0, 0, 0, null, 2020-05-14 00:00:00, null, null, 1, 0, 0
<==        Row: 1260929666434318338, 3f915b2769fc80648e92d04e84ca059d, 用户编辑, user:edit, 1, null, null, null, null, null, 1.0, 2, 1, 1, 0, null, admin, 0, 0, 0, null, 2020-05-14 00:00:00, null, null, 1, 0, 0
<==        Row: 1260931366557696001, 3f915b2769fc80648e92d04e84ca059d, 表单性别可见, user:sex, 1, null, null, null, null, null, 1.0, 2, 1, 1, 0, null, admin, 0, 0, 0, null, 2020-05-14 00:00:00, admin, 2020-05-14 00:00:00, 1, 0, 0
<==        Row: 1260933542969458689, 3f915b2769fc80648e92d04e84ca059d, 禁用生日字段, user:form:birthday, 2, null, null, null, null, null, 1.0, 2, 1, 1, 0, null, admin, 0, 0, 0, null, 2020-05-14 00:00:00, null, null, 1, 0, 0
<==        Row: 1a0811914300741f4e11838ff37a1d3a, 3f915b2769fc80648e92d04e84ca059d, 手机号禁用, user:form:phone, 2, null, null, null, null, null, 1.0, 2, 1, 0, null, null, admin, 0, 0, 0, null, 2019-05-11 00:00:00, admin, 2019-05-11 00:00:00, 1, 0, null
<==      Total: 7
Closing non transactional SqlSession [org.apache.ibatis.session.defaults.DefaultSqlSession@79be266d]
Creating a new SqlSession
SqlSession [org.apache.ibatis.session.defaults.DefaultSqlSession@1b2221ec] was not registered for synchronization because synchronization is not active
original SQL: SELECT id,project_id,project_name,sns,info_code,info_code_variant,ietm_location_code,learn_code,learn_event_code,year_of_change,seq_no,language_iso_code,country_iso_code,originator,originator_name,rpc,rpc_name,issue_no,in_work,version_type,tech_name,info_name,tech_name_en,info_name_en,cm_node_id,cm_node_name,cm_node_path,is_latest,status,checkout_user,checkout_time,checkin_time,checkout_dm_id,publish_date,workflow_instance_id,workflow_status,workflow_step,workflow_handler,dm_content,dm_type,security,ref_count,refed_count,remark,reason,create_by,create_time,update_by,update_time,version,sys_org_code,info_code_part,dmc_code,issue_date,security_classification,language,attribute_05 FROM ietm_data_module WHERE id=? 
SQL to parse, SQL: SELECT id,project_id,project_name,sns,info_code,info_code_variant,ietm_location_code,learn_code,learn_event_code,year_of_change,seq_no,language_iso_code,country_iso_code,originator,originator_name,rpc,rpc_name,issue_no,in_work,version_type,tech_name,info_name,tech_name_en,info_name_en,cm_node_id,cm_node_name,cm_node_path,is_latest,status,checkout_user,checkout_time,checkin_time,checkout_dm_id,publish_date,workflow_instance_id,workflow_status,workflow_step,workflow_handler,dm_content,dm_type,security,ref_count,refed_count,remark,reason,create_by,create_time,update_by,update_time,version,sys_org_code,info_code_part,dmc_code,issue_date,security_classification,language,attribute_05 FROM ietm_data_module WHERE id=? 
parse the finished SQL: SELECT id, project_id, project_name, sns, info_code, info_code_variant, ietm_location_code, learn_code, learn_event_code, year_of_change, seq_no, language_iso_code, country_iso_code, originator, originator_name, rpc, rpc_name, issue_no, in_work, version_type, tech_name, info_name, tech_name_en, info_name_en, cm_node_id, cm_node_name, cm_node_path, is_latest, status, checkout_user, checkout_time, checkin_time, checkout_dm_id, publish_date, workflow_instance_id, workflow_status, workflow_step, workflow_handler, dm_content, dm_type, security, ref_count, refed_count, remark, reason, create_by, create_time, update_by, update_time, version, sys_org_code, info_code_part, dmc_code, issue_date, security_classification, language, attribute_05 FROM ietm_data_module WHERE id = ?
JDBC Connection [dm.jdbc.driver.DmdbConnection@2d3edb0b] will not be managed by Spring
==>  Preparing: SELECT id, project_id, project_name, sns, info_code, info_code_variant, ietm_location_code, learn_code, learn_event_code, year_of_change, seq_no, language_iso_code, country_iso_code, originator, originator_name, rpc, rpc_name, issue_no, in_work, version_type, tech_name, info_name, tech_name_en, info_name_en, cm_node_id, cm_node_name, cm_node_path, is_latest, status, checkout_user, checkout_time, checkin_time, checkout_dm_id, publish_date, workflow_instance_id, workflow_status, workflow_step, workflow_handler, dm_content, dm_type, security, ref_count, refed_count, remark, reason, create_by, create_time, update_by, update_time, version, sys_org_code, info_code_part, dmc_code, issue_date, security_classification, language, attribute_05 FROM ietm_data_module WHERE id = ?
==> Parameters: 2084954557183365121(String)
<==    Columns: id, project_id, project_name, sns, info_code, info_code_variant, ietm_location_code, learn_code, learn_event_code, year_of_change, seq_no, language_iso_code, country_iso_code, originator, originator_name, rpc, rpc_name, issue_no, in_work, version_type, tech_name, info_name, tech_name_en, info_name_en, cm_node_id, cm_node_name, cm_node_path, is_latest, status, checkout_user, checkout_time, checkin_time, checkout_dm_id, publish_date, workflow_instance_id, workflow_status, workflow_step, workflow_handler, dm_content, dm_type, security, ref_count, refed_count, remark, reason, create_by, create_time, update_by, update_time, version, sys_org_code, info_code_part, dmc_code, issue_date, security_classification, language, attribute_05
<==        Row: 2084954557183365121, 2078348945532030978, null, ZB1-A-02-00-00-00A, 007, A, A, null, null, , , ZH, CN, 30101, null, 60101, null, 001, 03, 0, 项目自定义, 符号清单, null, null, 2078360430056513538, null, , 1, 1, admin, 2026-08-05 18:47:57.628000, null, 2084945965503942657, null, null, 1, null, null, <<BLOB>>, description, 1, 0, 0, null, null, admin, 2026-08-05 18:47:57.628000, admin, 2026-08-08 09:22:55.092000, 24, A01, null, DMC-ZB1-A-02-00-00-00A-007A-A_001-03_ZH-CN, null, null, null, 管理员
<==      Total: 1
Closing non transactional SqlSession [org.apache.ibatis.session.defaults.DefaultSqlSession@1b2221ec]
Creating a new SqlSession
SqlSession [org.apache.ibatis.session.defaults.DefaultSqlSession@2efb7b5d] was not registered for synchronization because synchronization is not active
original SQL: SELECT id,create_by,create_time,update_by,update_time,sys_org_code,name,description,code_rule,business_rule_temp,organization,equipment_code,update_ip,version,status,security,ietm_standard,cage_code,position_code,default_business_rule,language_code,country_code FROM ietm_project WHERE id=? 
SQL to parse, SQL: SELECT id,create_by,create_time,update_by,update_time,sys_org_code,name,description,code_rule,business_rule_temp,organization,equipment_code,update_ip,version,status,security,ietm_standard,cage_code,position_code,default_business_rule,language_code,country_code FROM ietm_project WHERE id=? 
parse the finished SQL: SELECT id, create_by, create_time, update_by, update_time, sys_org_code, name, description, code_rule, business_rule_temp, organization, equipment_code, update_ip, version, status, security, ietm_standard, cage_code, position_code, default_business_rule, language_code, country_code FROM ietm_project WHERE id = ?
JDBC Connection [dm.jdbc.driver.DmdbConnection@2d3edb0b] will not be managed by Spring
==>  Preparing: SELECT id, create_by, create_time, update_by, update_time, sys_org_code, name, description, code_rule, business_rule_temp, organization, equipment_code, update_ip, version, status, security, ietm_standard, cage_code, position_code, default_business_rule, language_code, country_code FROM ietm_project WHERE id = ?
==> Parameters: 2078348945532030978(String)
<==    Columns: id, create_by, create_time, update_by, update_time, sys_org_code, name, description, code_rule, business_rule_temp, organization, equipment_code, update_ip, version, status, security, ietm_standard, cage_code, position_code, default_business_rule, language_code, country_code
<==        Row: 2078348945532030978, admin, 2026-07-18 13:19:37.000000, admin, 2026-08-02 14:50:03.869000, A01, 项目1, null, A-00-0-0-00-00-A, null, null, ZB1, null, null, 1, 1, S1000D4.0, 11111, D, -//S1000D-AAA-D00-00-00-00AA-022A-D//en-US, zh, CN
<==      Total: 1
Closing non transactional SqlSession [org.apache.ibatis.session.defaults.DefaultSqlSession@2efb7b5d]
Creating a new SqlSession
SqlSession [org.apache.ibatis.session.defaults.DefaultSqlSession@29224741] was not registered for synchronization because synchronization is not active
original SQL: SELECT  id,type_code,type_name,type_name_en,ietm_standard,xsd_file,content_root_elem,template_file,sort_no,status,create_by,create_time,update_by,update_time,sys_org_code  FROM ietm_dm_type 
 
 WHERE (type_code = ? AND ietm_standard = ? AND status = ?) limit 1
SQL to parse, SQL: SELECT  id,type_code,type_name,type_name_en,ietm_standard,xsd_file,content_root_elem,template_file,sort_no,status,create_by,create_time,update_by,update_time,sys_org_code  FROM ietm_dm_type 
 
 WHERE (type_code = ? AND ietm_standard = ? AND status = ?) limit 1
parse the finished SQL: SELECT id, type_code, type_name, type_name_en, ietm_standard, xsd_file, content_root_elem, template_file, sort_no, status, create_by, create_time, update_by, update_time, sys_org_code FROM ietm_dm_type WHERE (type_code = ? AND ietm_standard = ? AND status = ?) LIMIT 1
JDBC Connection [dm.jdbc.driver.DmdbConnection@2d3edb0b] will not be managed by Spring
==>  Preparing: SELECT id, type_code, type_name, type_name_en, ietm_standard, xsd_file, content_root_elem, template_file, sort_no, status, create_by, create_time, update_by, update_time, sys_org_code FROM ietm_dm_type WHERE (type_code = ? AND ietm_standard = ? AND status = ?) LIMIT 1
==> Parameters: description(String), S1000D4.0(String), 1(String)
<==    Columns: id, type_code, type_name, type_name_en, ietm_standard, xsd_file, content_root_elem, template_file, sort_no, status, create_by, create_time, update_by, update_time, sys_org_code
<==        Row: 1, description, 描述类, null, S1000D4.0, descript.xsd, description, descript.xml, 10, 1, null, 2026-08-01, null, null, null
<==      Total: 1
Closing non transactional SqlSession [org.apache.ibatis.session.defaults.DefaultSqlSession@29224741]
2026-08-08 14:18:10.851 [http-nio-9999-exec-5] [34mINFO [0;39m [36morg.jeecg.modules.message.websocket.WebSocket:43[0;39m - 【系统 WebSocket】有新的连接，总数为:1
Creating a new SqlSession
SqlSession [org.apache.ibatis.session.defaults.DefaultSqlSession@4884dbe4] was not registered for synchronization because synchronization is not active
original SQL: SELECT  id,titile,msg_content,start_time,end_time,sender,priority,msg_category,msg_type,send_status,send_time,cancel_time,del_flag,create_by,create_time,update_by,update_time,user_ids,bus_type,bus_id,open_type,open_page,msg_abstract,dt_task_id  FROM sys_announcement 
 
 WHERE (msg_type = ? AND del_flag = ? AND send_status = ? AND end_time >= ? AND id NOT IN (select annt_id from sys_announcement_send where user_id='e9ca23d68d884d4ebb19d07889727dae'))
SQL to parse, SQL: SELECT  id,titile,msg_content,start_time,end_time,sender,priority,msg_category,msg_type,send_status,send_time,cancel_time,del_flag,create_by,create_time,update_by,update_time,user_ids,bus_type,bus_id,open_type,open_page,msg_abstract,dt_task_id  FROM sys_announcement 
 
 WHERE (msg_type = ? AND del_flag = ? AND send_status = ? AND end_time >= ? AND id NOT IN (select annt_id from sys_announcement_send where user_id='e9ca23d68d884d4ebb19d07889727dae'))
parse the finished SQL: SELECT id, titile, msg_content, start_time, end_time, sender, priority, msg_category, msg_type, send_status, send_time, cancel_time, del_flag, create_by, create_time, update_by, update_time, user_ids, bus_type, bus_id, open_type, open_page, msg_abstract, dt_task_id FROM sys_announcement WHERE (msg_type = ? AND del_flag = ? AND send_status = ? AND end_time >= ? AND id NOT IN (SELECT annt_id FROM sys_announcement_send WHERE user_id = 'e9ca23d68d884d4ebb19d07889727dae'))
JDBC Connection [dm.jdbc.driver.DmdbConnection@2d3edb0b] will not be managed by Spring
==>  Preparing: SELECT id, titile, msg_content, start_time, end_time, sender, priority, msg_category, msg_type, send_status, send_time, cancel_time, del_flag, create_by, create_time, update_by, update_time, user_ids, bus_type, bus_id, open_type, open_page, msg_abstract, dt_task_id FROM sys_announcement WHERE (msg_type = ? AND del_flag = ? AND send_status = ? AND end_time >= ? AND id NOT IN (SELECT annt_id FROM sys_announcement_send WHERE user_id = 'e9ca23d68d884d4ebb19d07889727dae'))
==> Parameters: ALL(String), 0(String), 1(String), 2019-06-21 00:00:00.0(Timestamp)
<==      Total: 0
Closing non transactional SqlSession [org.apache.ibatis.session.defaults.DefaultSqlSession@4884dbe4]
Creating a new SqlSession
SqlSession [org.apache.ibatis.session.defaults.DefaultSqlSession@59be1004] was not registered for synchronization because synchronization is not active
original SQL: select * from sys_announcement 
	   where send_status = '1' 
	   and del_flag = '0' 
	   and msg_category = ? 
	   and id IN ( select annt_id from sys_announcement_send where user_id = ? and read_flag = '0')
	   order by create_time DESC
SQL to parse, SQL: select * from sys_announcement 
	   where send_status = '1' 
	   and del_flag = '0' 
	   and msg_category = ? 
	   and id IN ( select annt_id from sys_announcement_send where user_id = ? and read_flag = '0')
	   order by create_time DESC
parse the finished SQL: SELECT * FROM sys_announcement WHERE send_status = '1' AND del_flag = '0' AND msg_category = ? AND id IN (SELECT annt_id FROM sys_announcement_send WHERE user_id = ? AND read_flag = '0') ORDER BY create_time DESC
JDBC Connection [dm.jdbc.driver.DmdbConnection@2d3edb0b] will not be managed by Spring
==>  Preparing: SELECT COUNT(*) AS total FROM sys_announcement WHERE send_status = '1' AND del_flag = '0' AND msg_category = ? AND id IN (SELECT annt_id FROM sys_announcement_send WHERE user_id = ? AND read_flag = '0')
==> Parameters: 1(String), e9ca23d68d884d4ebb19d07889727dae(String)
<==    Columns: total
<==        Row: 0
<==      Total: 1
Closing non transactional SqlSession [org.apache.ibatis.session.defaults.DefaultSqlSession@59be1004]
Creating a new SqlSession
SqlSession [org.apache.ibatis.session.defaults.DefaultSqlSession@5cd6c856] was not registered for synchronization because synchronization is not active
original SQL: select * from sys_announcement 
	   where send_status = '1' 
	   and del_flag = '0' 
	   and msg_category = ? 
	   and id IN ( select annt_id from sys_announcement_send where user_id = ? and read_flag = '0')
	   order by create_time DESC
SQL to parse, SQL: select * from sys_announcement 
	   where send_status = '1' 
	   and del_flag = '0' 
	   and msg_category = ? 
	   and id IN ( select annt_id from sys_announcement_send where user_id = ? and read_flag = '0')
	   order by create_time DESC
parse the finished SQL: SELECT * FROM sys_announcement WHERE send_status = '1' AND del_flag = '0' AND msg_category = ? AND id IN (SELECT annt_id FROM sys_announcement_send WHERE user_id = ? AND read_flag = '0') ORDER BY create_time DESC
JDBC Connection [dm.jdbc.driver.DmdbConnection@2d3edb0b] will not be managed by Spring
==>  Preparing: SELECT COUNT(*) AS total FROM sys_announcement WHERE send_status = '1' AND del_flag = '0' AND msg_category = ? AND id IN (SELECT annt_id FROM sys_announcement_send WHERE user_id = ? AND read_flag = '0')
==> Parameters: 2(String), e9ca23d68d884d4ebb19d07889727dae(String)
<==    Columns: total
<==        Row: 0
<==      Total: 1
Closing non transactional SqlSession [org.apache.ibatis.session.defaults.DefaultSqlSession@5cd6c856]
Creating a new SqlSession
SqlSession [org.apache.ibatis.session.defaults.DefaultSqlSession@6498c9eb] was not registered for synchronization because synchronization is not active
original SQL: SELECT  id,trans_type,ietm_standard,en_name,cn_name,remark,create_by,create_time,update_by,update_time,sys_org_code  FROM ietm_translate 
 
 WHERE (trans_type = ? AND (ietm_standard IS NULL OR ietm_standard = ?))
SQL to parse, SQL: SELECT  id,trans_type,ietm_standard,en_name,cn_name,remark,create_by,create_time,update_by,update_time,sys_org_code  FROM ietm_translate 
 
 WHERE (trans_type = ? AND (ietm_standard IS NULL OR ietm_standard = ?))
parse the finished SQL: SELECT id, trans_type, ietm_standard, en_name, cn_name, remark, create_by, create_time, update_by, update_time, sys_org_code FROM ietm_translate WHERE (trans_type = ? AND (ietm_standard IS NULL OR ietm_standard = ?))
JDBC Connection [dm.jdbc.driver.DmdbConnection@2d3edb0b] will not be managed by Spring
==>  Preparing: SELECT id, trans_type, ietm_standard, en_name, cn_name, remark, create_by, create_time, update_by, update_time, sys_org_code FROM ietm_translate WHERE (trans_type = ? AND (ietm_standard IS NULL OR ietm_standard = ?))
==> Parameters: elem(String), S1000D4.0(String)
<==    Columns: id, trans_type, ietm_standard, en_name, cn_name, remark, create_by, create_time, update_by, update_time, sys_org_code
<==        Row: t1, elem, null, dmodule, 数据模块, null, null, 2026-08-01, null, null, null
<==        Row: t10, elem, null, dmRef, 数据模块引用, null, null, 2026-08-01, null, null, null
<==        Row: t2, elem, null, content, 内容, null, null, 2026-08-01, null, null, null
<==        Row: t3, elem, null, description, 描述, null, null, 2026-08-01, null, null, null
<==        Row: t4, elem, null, para, 段落, null, null, 2026-08-01, null, null, null
<==        Row: t5, elem, null, title, 标题, null, null, 2026-08-01, null, null, null
<==        Row: t6, elem, null, table, 表格, null, null, 2026-08-01, null, null, null
<==        Row: t7, elem, null, figure, 插图, null, null, 2026-08-01, null, null, null
<==        Row: t8, elem, null, procedure, 程序, null, null, 2026-08-01, null, null, null
<==        Row: t9, elem, null, proceduralStep, 程序步骤, null, null, 2026-08-01, null, null, null
<==      Total: 10
Closing non transactional SqlSession [org.apache.ibatis.session.defaults.DefaultSqlSession@6498c9eb]
Creating a new SqlSession
SqlSession [org.apache.ibatis.session.defaults.DefaultSqlSession@5250061e] was not registered for synchronization because synchronization is not active
original SQL: SELECT  id,trans_type,ietm_standard,en_name,cn_name,remark,create_by,create_time,update_by,update_time,sys_org_code  FROM ietm_translate 
 
 WHERE (trans_type = ? AND (ietm_standard IS NULL OR ietm_standard = ?))
SQL to parse, SQL: SELECT  id,trans_type,ietm_standard,en_name,cn_name,remark,create_by,create_time,update_by,update_time,sys_org_code  FROM ietm_translate 
 
 WHERE (trans_type = ? AND (ietm_standard IS NULL OR ietm_standard = ?))
parse the finished SQL: SELECT id, trans_type, ietm_standard, en_name, cn_name, remark, create_by, create_time, update_by, update_time, sys_org_code FROM ietm_translate WHERE (trans_type = ? AND (ietm_standard IS NULL OR ietm_standard = ?))
JDBC Connection [dm.jdbc.driver.DmdbConnection@2d3edb0b] will not be managed by Spring
==>  Preparing: SELECT id, trans_type, ietm_standard, en_name, cn_name, remark, create_by, create_time, update_by, update_time, sys_org_code FROM ietm_translate WHERE (trans_type = ? AND (ietm_standard IS NULL OR ietm_standard = ?))
==> Parameters: elem(String), S1000D4.0(String)
<==    Columns: id, trans_type, ietm_standard, en_name, cn_name, remark, create_by, create_time, update_by, update_time, sys_org_code
<==        Row: t1, elem, null, dmodule, 数据模块, null, null, 2026-08-01, null, null, null
<==        Row: t10, elem, null, dmRef, 数据模块引用, null, null, 2026-08-01, null, null, null
<==        Row: t2, elem, null, content, 内容, null, null, 2026-08-01, null, null, null
<==        Row: t3, elem, null, description, 描述, null, null, 2026-08-01, null, null, null
<==        Row: t4, elem, null, para, 段落, null, null, 2026-08-01, null, null, null
<==        Row: t5, elem, null, title, 标题, null, null, 2026-08-01, null, null, null
<==        Row: t6, elem, null, table, 表格, null, null, 2026-08-01, null, null, null
<==        Row: t7, elem, null, figure, 插图, null, null, 2026-08-01, null, null, null
<==        Row: t8, elem, null, procedure, 程序, null, null, 2026-08-01, null, null, null
<==        Row: t9, elem, null, proceduralStep, 程序步骤, null, null, 2026-08-01, null, null, null
<==      Total: 10
Closing non transactional SqlSession [org.apache.ibatis.session.defaults.DefaultSqlSession@5250061e]
Creating a new SqlSession
SqlSession [org.apache.ibatis.session.defaults.DefaultSqlSession@76f6f608] was not registered for synchronization because synchronization is not active
JDBC Connection [dm.jdbc.driver.DmdbConnection@2d3edb0b] will not be managed by Spring
==>  Preparing: insert into sys_log (id, log_type, log_content, method, operate_type, request_url, request_type, request_param, ip, userid, username, cost_time, create_time,create_by) values( ?, ?, ?, ?, ?, ?, ?, ?, ?, ?, ?, ?, ?, ? )
==> Parameters: 2085973829959524354(String), 2(Integer), DM内容编辑器-加载(String), org.jeecg.modules.ietm.ietmdatamodulemanagement.controller.IetmDmContentController.load()(String), 1(Integer), null, null,   id: 2084954557183365121(String), 0:0:0:0:0:0:0:1(String), admin(String), 管理员(String), 554(Long), 2026-08-08 14:18:11.243(Timestamp), null
<==    Updates: 1
Closing non transactional SqlSession [org.apache.ibatis.session.defaults.DefaultSqlSession@76f6f608]
Creating a new SqlSession
SqlSession [org.apache.ibatis.session.defaults.DefaultSqlSession@24f8fea1] was not registered for synchronization because synchronization is not active
original SQL: SELECT  id,username,realname,password,salt,avatar,birthday,sex,email,phone,org_code,status,del_flag,work_no,post,telephone,create_by,create_time,update_by,update_time,activiti_sync,user_identity,depart_ids,rel_tenant_ids,client_id  FROM sys_user 
 WHERE  del_flag=0

AND (username = ?)
SQL to parse, SQL: SELECT  id,username,realname,password,salt,avatar,birthday,sex,email,phone,org_code,status,del_flag,work_no,post,telephone,create_by,create_time,update_by,update_time,activiti_sync,user_identity,depart_ids,rel_tenant_ids,client_id  FROM sys_user 
 WHERE  del_flag=0

AND (username = ?)
parse the finished SQL: SELECT id, username, realname, password, salt, avatar, birthday, sex, email, phone, org_code, status, del_flag, work_no, post, telephone, create_by, create_time, update_by, update_time, activiti_sync, user_identity, depart_ids, rel_tenant_ids, client_id FROM sys_user WHERE del_flag = 0 AND (username = ?)
JDBC Connection [dm.jdbc.driver.DmdbConnection@2d3edb0b] will not be managed by Spring
==>  Preparing: SELECT id, username, realname, password, salt, avatar, birthday, sex, email, phone, org_code, status, del_flag, work_no, post, telephone, create_by, create_time, update_by, update_time, activiti_sync, user_identity, depart_ids, rel_tenant_ids, client_id FROM sys_user WHERE del_flag = 0 AND (username = ?)
==> Parameters: admin(String)
<==    Columns: id, username, realname, password, SALT, avatar, birthday, sex, email, phone, org_code, status, del_flag, work_no, post, telephone, create_by, create_time, update_by, update_time, activiti_sync, user_identity, depart_ids, rel_tenant_ids, client_id
<==        Row: e9ca23d68d884d4ebb19d07889727dae, admin, 管理员, cb362cfeefbf3d8d, RCGTeGiH, https://static.jeecg.com/temp/国炬软件logo_1606575029126.png, 2018-12-05 00:00:00, 1, jeecg@163.com, 18611111111, A01, 1, 0, 00001, 总经理, null, null, 2019-06-21 00:00:00, admin, 2022-10-17 00:00:00, 1, 2, <<BLOB>>, null, null
<==      Total: 1
Closing non transactional SqlSession [org.apache.ibatis.session.defaults.DefaultSqlSession@24f8fea1]
Creating a new SqlSession
SqlSession [org.apache.ibatis.session.defaults.DefaultSqlSession@3a917228] was not registered for synchronization because synchronization is not active
original SQL: select * from sys_depart where id IN ( select dep_id from sys_user_depart where user_id = ? )
SQL to parse, SQL: select * from sys_depart where id IN ( select dep_id from sys_user_depart where user_id = ? )
parse the finished SQL: SELECT * FROM sys_depart WHERE id IN (SELECT dep_id FROM sys_user_depart WHERE user_id = ?)
JDBC Connection [dm.jdbc.driver.DmdbConnection@2d3edb0b] will not be managed by Spring
==>  Preparing: SELECT * FROM sys_depart WHERE id IN (SELECT dep_id FROM sys_user_depart WHERE user_id = ?)
==> Parameters: e9ca23d68d884d4ebb19d07889727dae(String)
<==    Columns: ID, PARENT_ID, DEPART_NAME, DEPART_NAME_EN, DEPART_NAME_ABBR, DEPART_ORDER, DESCRIPTION, ORG_CATEGORY, ORG_TYPE, ORG_CODE, MOBILE, FAX, ADDRESS, MEMO, STATUS, DEL_FLAG, QYWX_IDENTIFIER, CREATE_BY, CREATE_TIME, UPDATE_BY, UPDATE_TIME
<==        Row: c6d7cb4deeac411cb3384b1b31278596, , 北京国炬软件, null, null, 0, null, 1, 1, A01, null, null, null, null, null, 0, null, admin, 2019-02-11 14:21:51, admin, 2020-05-02 18:21:27
<==      Total: 1
Closing non transactional SqlSession [org.apache.ibatis.session.defaults.DefaultSqlSession@3a917228]
Creating a new SqlSession
SqlSession [org.apache.ibatis.session.defaults.DefaultSqlSession@3214a659] was not registered for synchronization because synchronization is not active
JDBC Connection [dm.jdbc.driver.DmdbConnection@2d3edb0b] will not be managed by Spring
original SQL: UPDATE sys_user SET org_code = ? where username = ?
SQL to parse, SQL: UPDATE sys_user SET org_code = ? where username = ?
parse the finished SQL: UPDATE sys_user SET org_code = ? WHERE username = ?
==>  Preparing: UPDATE sys_user SET org_code = ? WHERE username = ?
==> Parameters: A01(String), admin(String)
<==    Updates: 1
Closing non transactional SqlSession [org.apache.ibatis.session.defaults.DefaultSqlSession@3214a659]
2026-08-08 14:18:13.038 [http-nio-9999-exec-9] [34mINFO [0;39m [36mo.j.c.modules.redis.writer.JeecgRedisCacheWriter:113[0;39m - redis remove key:sys:cache:encrypt:user::admin
Creating a new SqlSession
SqlSession [org.apache.ibatis.session.defaults.DefaultSqlSession@517a4b4c] was not registered for synchronization because synchronization is not active
original SQL: SELECT  id,type,dict_name,dict_code,description,del_flag,create_by,create_time,update_by,update_time  FROM sys_dict 
 WHERE del_flag=0
SQL to parse, SQL: SELECT  id,type,dict_name,dict_code,description,del_flag,create_by,create_time,update_by,update_time  FROM sys_dict 
 WHERE del_flag=0
parse the finished SQL: SELECT id, type, dict_name, dict_code, description, del_flag, create_by, create_time, update_by, update_time FROM sys_dict WHERE del_flag = 0
JDBC Connection [dm.jdbc.driver.DmdbConnection@2d3edb0b] will not be managed by Spring
==>  Preparing: SELECT id, type, dict_name, dict_code, description, del_flag, create_by, create_time, update_by, update_time FROM sys_dict WHERE del_flag = 0
==> Parameters: 
<==    Columns: id, TYPE, dict_name, dict_code, description, del_flag, create_by, create_time, update_by, update_time
<==        Row: 0b5d19e1fce4b2e6647e6b4a17760c14, 0, 通告类型, msg_category, 消息类型1:通知公告2:系统消息, 0, admin, 2019-04-22 18:01:35, null, null
<==        Row: 1174509082208395266, 0, 职务职级, position_rank, 职务表职级字典, 0, admin, 2019-09-19 10:22:41, null, null
<==        Row: 1174511106530525185, 0, 机构类型, org_category, 机构类型 1公司，2部门 3岗位, 0, admin, 2019-09-19 10:30:43, null, null
<==        Row: 1178295274528845826, null, 表单权限策略, form_perms_type, , 0, admin, 2019-09-29 21:07:39, admin, 2019-09-29 21:08:26
<==        Row: 1199517671259906049, 0, 紧急程度, urgent_level, 日程计划紧急程度, 0, admin, 2019-11-27 10:37:53, null, null
<==        Row: 1199518099888414722, 0, 日程计划类型, eoa_plan_type, , 0, admin, 2019-11-27 10:39:36, null, null
<==        Row: 1199520177767587841, 0, 分类栏目类型, eoa_cms_menu_type, , 0, admin, 2019-11-27 10:47:51, admin, 2019-11-27 10:49:35
<==        Row: 1199525215290306561, 0, 日程计划状态, eoa_plan_status, , 0, admin, 2019-11-27 11:07:52, admin, 2019-11-27 11:10:11
<==        Row: 1209733563293962241, 0, 数据库类型, database_type, , 0, admin, 2019-12-25 15:12:12, null, null
<==        Row: 1232913193820581889, 0, Online表单业务分类, ol_form_biz_type, , 0, admin, 2020-02-27 14:19:46, admin, 2020-02-27 14:20:23
<==        Row: 1242298510024429569, 0, 提醒方式, remindMode, , 0, admin, 2020-03-24 11:53:40, admin, 2020-03-24 12:03:22
<==        Row: 1250687930947620866, null, 定时任务状态, quartz_status, , 0, admin, 2020-04-16 15:30:14, , null
<==        Row: 1280401766745718786, 0, 租户状态, tenant_status, 租户状态, 0, admin, 2020-07-07 15:22:25, null, null
<==        Row: 1356445645198135298, 0, 开关, is_open, , 0, admin, 2021-02-02 11:33:38, admin, 2021-02-02 15:28:12
<==        Row: 236e8a4baff0db8c62c00dd95632834f, 0, 同步工作流引擎, activiti_sync, 同步工作流引擎, 0, admin, 2019-05-15 15:27:33, null, null
<==        Row: 2e02df51611a4b9632828ab7e5338f00, 0, 权限策略, perms_type, 权限策略, 0, admin, 2019-04-26 18:26:55, null, null
<==        Row: 2f0320997ade5dd147c90130f7218c3e, 0, 推送类别, msg_type, , 0, admin, 2019-03-17 21:21:32, admin, 2019-03-26 19:57:45
<==        Row: 3486f32803bb953e7155dab3513dc68b, 0, 删除状态, del_flag, null, 0, admin, 2019-01-18 21:46:26, admin, 2019-03-30 11:17:11
<==        Row: 3d9a351be3436fbefb1307d4cfb49bf2, 1, 性别, sex, null, 0, null, 2019-01-04 14:56:32, admin, 2019-03-30 11:28:27
<==        Row: 4274efc2292239b6f000b153f50823ff, 0, 全局权限策略, global_perms_type, 全局权限策略, 0, admin, 2019-05-10 17:54:05, null, null
<==        Row: 4c03fca6bf1f0299c381213961566349, 0, Online图表展示模板, online_graph_display_template, Online图表展示模板, 0, admin, 2019-04-12 17:28:50, null, null
<==        Row: 4c753b5293304e7a445fd2741b46529d, 1, 字典状态, dict_item_status, null, 0, admin, 2020-06-18 23:18:42, admin, 2019-03-30 19:33:52
<==        Row: 4d7fec1a7799a436d26d02325eff295e, 0, 优先级, priority, 优先级, 0, admin, 2019-03-16 17:03:34, admin, 2019-04-16 17:39:23
<==        Row: 4e4602b3e3686f0911384e188dc7efb4, 0, 条件规则, rule_conditions, , 0, admin, 2019-04-01 10:15:03, admin, 2019-04-01 10:30:47
<==        Row: 4f69be5f507accea8d5df5f11346181a, 0, 发送消息类型, msgType, null, 0, admin, 2019-04-11 14:27:09, null, null
<==        Row: 68168534ff5065a152bfab275c2136f8, 0, 有效无效状态, valid_status, 有效无效状态, 0, admin, 2020-09-26 19:21:14, admin, 2019-04-26 19:21:23
<==        Row: 6b78e3f59faec1a4750acff08030a79b, 0, 用户类型, user_type, null, 0, null, 2019-01-04 14:59:01, admin, 2019-03-18 23:28:18
<==        Row: 72cce0989df68887546746d8f09811aa, 0, Online表单类型, cgform_table_type, , 0, admin, 2019-01-27 10:13:02, admin, 2019-03-30 11:37:36
<==        Row: 78bda155fe380b1b3f175f1e88c284c6, 0, 流程状态, bpm_status, 流程状态, 0, admin, 2019-05-09 16:31:52, null, null
<==        Row: 83bfb33147013cc81640d5fd9eda030c, 1, 日志类型, log_type, null, 0, admin, 2019-03-18 23:22:19, null, null
<==        Row: 845da5006c97754728bf48b6a10f79cc, 0, 状态, status, null, 0, admin, 2019-03-18 21:45:25, admin, 2019-03-18 21:58:25
<==        Row: 880a895c98afeca9d9ac39f29e67c13e, 0, 操作类型, operate_type, 操作类型, 0, admin, 2019-07-22 10:54:29, null, null
<==        Row: 8dfe32e2d29ea9430a988b3b558bf233, 0, 发布状态, send_status, 发布状态, 0, admin, 2019-04-16 17:40:42, null, null
<==        Row: a7adbcd86c37f7dbc9b66945c82ef9e6, 0, 1是0否, yn, , 0, admin, 2019-05-22 19:29:29, null, null
<==        Row: a9d9942bd0eccb6e89de92d130ec4c4a, 0, 消息发送状态, msgSendStatus, null, 0, admin, 2019-04-12 18:18:17, null, null
<==        Row: ac2f7c0c5c5775fcea7e2387bcb22f01, 1, 菜单类型, menu_type, null, 0, admin, 2020-12-18 23:24:32, admin, 2019-04-01 15:27:06
<==        Row: ad7c65ba97c20a6805d5dcdf13cdaf36, 0, onlineT类型, ceshi_online, null, 0, admin, 2019-03-22 16:31:49, admin, 2019-03-22 16:34:16
<==        Row: bd1b8bc28e65d6feefefb6f3c79f42fd, 0, Online图表数据类型, online_graph_data_type, Online图表数据类型, 0, admin, 2019-04-12 17:24:24, admin, 2019-04-12 17:24:57
<==        Row: c36169beb12de8a71c8683ee7c28a503, 0, 部门状态, depart_status, null, 0, admin, 2019-03-18 21:59:51, null, null
<==        Row: c5a14c75172783d72cbee6ee7f5df5d1, 0, Online图表类型, online_graph_type, Online图表类型, 0, admin, 2019-04-12 17:04:06, null, null
<==        Row: d6e1152968b02d69ff358c75b48a6ee1, 0, 流程类型, bpm_process_type, null, 0, admin, 2021-02-22 19:26:54, admin, 2019-03-30 18:14:44
<==        Row: fc6cd58fde2e8481db10d3a1e68ce70c, 1, 用户状态, user_status, null, 0, admin, 2019-03-18 21:57:25, admin, 2019-03-18 23:11:58
<==        Row: 2008794656772255745, 0, 密级, security, 密级（ietm项目用）, 0, admin, 2026-01-07 14:55:42, null, null
<==        Row: 2009149820169641986, 0, 标准版本, standard_type, 标准版本, 0, admin, 2026-01-08 14:27:00, admin, 2026-07-13 19:39:51
<==        Row: 2009158440265474049, 0, 装备类型, equipment_type, , 0, admin, 2026-01-08 15:01:15, admin, 2026-01-08 15:20:23
<==        Row: 9e203d99a790493aa44a964b28d13c7f, 0, 机构评级, agency_rating, 机构评级字典, 0, admin, 2026-04-27 22:23:33, admin, 2026-04-27 22:23:33
<==        Row: 52db14900acf4ef386ed34c0e2030afc, 1, 项目状态, project_status, 项目状态字典, 0, admin, 2026-04-27 22:24:16, null, null
<==        Row: 1750000000011, 0, DM状态, dm_status, IETM数据模块状态, 0, null, 2026-07-22 13:57:03, null, null
<==        Row: 1750000000012, 0, 工作流状态, workflow_status, IETM工作流状态, 0, null, 2026-07-22 13:57:09, null, null
<==        Row: 1750000000013, 0, 语言代码, language, ISO 639-1语言代码, 0, null, 2026-07-22 13:57:16, null, null
<==        Row: 1750000000014, 0, 国家代码, country, ISO 3166-1国家代码, 0, null, 2026-07-22 13:57:22, null, null
<==        Row: 1750000000015, 0, 技术名称, tech_name, IETM技术名称（DMC第9段）, 0, null, 2026-07-22 13:57:28, null, null
<==        Row: 1750000000016, 0, 信息名称, info_name, IETM信息名称（DMC第10段）, 0, null, 2026-07-22 13:57:38, null, null
<==        Row: 1750000000017, 0, 变体代码, variant_code, IETM变体代码（DMC第11段A）, 0, null, 2026-07-22 13:57:45, null, null
<==        Row: 1750000000018, 0, 拆卸代码, disassy_code, IETM拆卸代码（DMC第11段B）, 0, null, 2026-07-22 13:57:49, null, null
<==        Row: 1750000000019, 0, 发布类型, issue_type, IETM发布类型（DMC第11段C）, 0, null, 2026-07-22 13:57:55, null, null
<==        Row: 1750000000010, 0, DM类型, dm_type, IETM数据模块类型分类, 0, null, 2026-07-22 13:58:22, null, null
<==        Row: 1815001, 0, DM签出状态, dm_checkout_status, 数据模块签出状态：未签出/已签出, 0, admin, 2026-07-22 15:22:50, null, null
<==        Row: 1815002, 0, DM技术名称类型, dm_tech_name_type, 数据模块技术名称分类, 0, admin, 2026-07-22 15:22:50, null, null
<==        Row: 1815003, 0, DM信息名称类型, dm_info_name_type, 数据模块信息名称分类, 0, admin, 2026-07-22 15:22:50, null, null
<==        Row: 1815004, 0, DM责任伙伴公司, dm_rpc_type, 责任伙伴公司编号, 0, admin, 2026-07-22 15:22:50, null, null
<==        Row: 1815005, 0, DM更新控制状态, dm_update_control, 数据模块更新控制状态, 0, admin, 2026-07-22 15:22:51, null, null
<==        Row: 1815006, 0, DM应用范围, dm_applicability, 数据模块适用范围, 0, admin, 2026-07-22 15:22:51, null, null
<==        Row: 1815007, 0, DM发布模式, dm_publish_mode, 数据模块发布模式, 0, admin, 2026-07-22 15:22:51, null, null
<==        Row: 1815008, 0, DM校验级别, dm_validate_level, 数据模块校验级别, 0, admin, 2026-07-22 15:22:51, null, null
<==        Row: 1815009, 0, DM复制类型, dm_copy_type, 数据模块复制类型, 0, admin, 2026-07-22 15:22:51, null, null
<==        Row: 1815010, 0, DM版本操作类型, dm_version_action, 数据模块版本操作记录, 0, admin, 2026-07-22 15:22:51, null, null
<==        Row: 1815011, 0, DM文件类型, dm_file_type, 数据模块资源文件类型, 0, admin, 2026-07-22 15:22:51, null, null
<==        Row: 1815012, 0, DM工作流步骤, dm_workflow_step, 数据模块工作流步骤, 0, admin, 2026-07-22 15:22:51, null, null
<==        Row: 1815013, 0, DM引用状态, dm_reference_status, 数据模块引用关系状态, 0, admin, 2026-07-22 15:22:51, null, null
<==        Row: dm_location_code_001, 0, DM位置码, dm_location_code, IETM位置码（A/B/C/D/T）S1000D标准, 0, admin, 2026-07-23 09:10:21, null, null
<==        Row: dm_version_type_001, 0, DM版本类型, dm_version_type, 版本类型（草稿/已发布）, 0, admin, 2026-07-23 09:10:53, null, null
<==        Row: dm_version_action_type_001, 0, DM版本操作类型, dm_version_action_type, 版本操作（inwork/issue）, 0, admin, 2026-07-23 09:11:40, null, null
<==        Row: dm_ref_type_001, 0, DM引用类型, dm_ref_type, DM引用关系类型（dmRef/dmlRef/pmRef）, 0, admin, 2026-07-23 09:11:55, null, null
<==        Row: 7FAAEB0E8EBE406CBCC3A1FD68AE1F36, 0, DM密级, dm_security, 数据模块密级（S1000D标准）, 0, admin, 2026-07-25 00:11:14, null, null
<==      Total: 75
Closing non transactional SqlSession [org.apache.ibatis.session.defaults.DefaultSqlSession@517a4b4c]
Creating a new SqlSession
SqlSession [org.apache.ibatis.session.defaults.DefaultSqlSession@7dc76514] was not registered for synchronization because synchronization is not active
original SQL: SELECT  id,dict_id,item_text,item_value,description,sort_order,status,create_by,create_time,update_by,update_time  FROM sys_dict_item 
 
 WHERE (status = ?) ORDER BY sort_order ASC
SQL to parse, SQL: SELECT  id,dict_id,item_text,item_value,description,sort_order,status,create_by,create_time,update_by,update_time  FROM sys_dict_item 
 
 WHERE (status = ?) ORDER BY sort_order ASC
parse the finished SQL: SELECT id, dict_id, item_text, item_value, description, sort_order, status, create_by, create_time, update_by, update_time FROM sys_dict_item WHERE (status = ?) ORDER BY sort_order ASC
JDBC Connection [dm.jdbc.driver.DmdbConnection@2d3edb0b] will not be managed by Spring
==>  Preparing: SELECT id, dict_id, item_text, item_value, description, sort_order, status, create_by, create_time, update_by, update_time FROM sys_dict_item WHERE (status = ?) ORDER BY sort_order ASC
==> Parameters: 1(Integer)
<==    Columns: id, dict_id, item_text, item_value, description, sort_order, status, create_by, create_time, update_by, update_time
<==        Row: f37f90c496ec9841c4c326b065e00bb2, 83bfb33147013cc81640d5fd9eda030c, 登录日志, 1, null, null, 1, admin, 2019-03-18 23:22:37, null, null
<==        Row: f2a7920421f3335afdf6ad2b342f6b5d, 845da5006c97754728bf48b6a10f79cc, 冻结, 2, null, null, 1, admin, 2019-03-18 21:46:02, null, null
<==        Row: b2a8b4bb2c8e66c2c4b1bb086337f393, 3486f32803bb953e7155dab3513dc68b, 正常, 0, null, null, 1, admin, 2022-10-18 21:46:48, admin, 2019-03-28 22:22:20
<==        Row: aa0d8a8042a18715a17f0a888d360aa4, ac2f7c0c5c5775fcea7e2387bcb22f01, 一级菜单, 0, null, null, 1, admin, 2019-03-18 23:24:52, null, null
<==        Row: 86f19c7e0a73a0bae451021ac05b99dd, ac2f7c0c5c5775fcea7e2387bcb22f01, 子菜单, 1, null, null, 1, admin, 2019-03-18 23:25:27, null, null
<==        Row: 81fb2bb0e838dc68b43f96cc309f8257, fc6cd58fde2e8481db10d3a1e68ce70c, 冻结, 2, null, null, 1, admin, 2019-03-18 23:30:37, null, null
<==        Row: 7ccf7b80c70ee002eceb3116854b75cb, ac2f7c0c5c5775fcea7e2387bcb22f01, 按钮权限, 2, null, null, 1, admin, 2019-03-18 23:25:40, null, null
<==        Row: 78ea6cadac457967a4b1c4eb7aaa418c, fc6cd58fde2e8481db10d3a1e68ce70c, 正常, 1, null, null, 1, admin, 2019-03-18 23:30:28, null, null
<==        Row: 7688469db4a3eba61e6e35578dc7c2e5, c36169beb12de8a71c8683ee7c28a503, 启用, 1, null, null, 1, admin, 2019-03-18 23:29:28, null, null
<==        Row: 75b260d7db45a39fc7f21badeabdb0ed, c36169beb12de8a71c8683ee7c28a503, 不启用, 0, null, null, 1, admin, 2019-03-18 23:29:41, admin, 2019-03-18 23:29:54
<==        Row: 700e9f030654f3f90e9ba76ab0713551, 6b78e3f59faec1a4750acff08030a79b, 333, 333, null, null, 1, admin, 2019-02-21 19:59:47, null, null
<==        Row: 5b65a88f076b32e8e69d19bbaadb52d5, 2f0320997ade5dd147c90130f7218c3e, 全体用户, ALL, null, null, 1, admin, 2020-10-17 21:22:43, admin, 2019-03-28 22:17:09
<==        Row: 4f05fb5376f4c61502c5105f52e4dd2b, 83bfb33147013cc81640d5fd9eda030c, 操作日志, 2, null, null, 1, admin, 2019-03-18 23:22:49, null, null
<==        Row: 43d2295b8610adce9510ff196a49c6e9, 845da5006c97754728bf48b6a10f79cc, 正常, 1, null, null, 1, admin, 2019-03-18 21:45:51, null, null
<==        Row: 0c9532916f5cd722017b46bc4d953e41, 2f0320997ade5dd147c90130f7218c3e, 指定用户, USER, null, null, 1, admin, 2019-03-17 21:22:19, admin, 2019-03-17 21:22:28
<==        Row: 05a2e732ce7b00aa52141ecc3e330b4e, 3486f32803bb953e7155dab3513dc68b, 已删除, 1, null, null, 1, admin, 2025-10-18 21:46:56, admin, 2019-03-28 22:23:20
<==        Row: 8c618902365ca681ebbbe1e28f11a548, 4c753b5293304e7a445fd2741b46529d, 启用, 1, , 0, 1, admin, 2020-07-18 23:19:27, admin, 2019-05-17 14:51:18
<==        Row: 1750000001801, 1750000000018, 拆卸到0级, 0, 完全拆卸, 1, 1, null, 2026-07-22 13:57:50, null, null
<==        Row: 1ce390c52453891f93514c1bd2795d44, ad7c65ba97c20a6805d5dcdf13cdaf36, 000, 00, null, 1, 1, admin, 2019-03-22 16:34:34, null, null
<==        Row: df168368dcef46cade2aadd80100d8aa, 3d9a351be3436fbefb1307d4cfb49bf2, 男, 1, null, 1, 1, null, 2027-08-04 14:56:49, admin, 2019-03-23 22:44:44
<==        Row: 1174509601047994369, 1174509082208395266, 员级, 1, , 1, 1, admin, 2019-09-19 10:24:45, admin, 2019-09-23 11:46:39
<==        Row: 41d7aaa40c9b61756ffb1f28da5ead8e, 0b5d19e1fce4b2e6647e6b4a17760c14, 通知公告, 1, null, 1, 1, admin, 2019-04-22 18:01:57, null, null
<==        Row: 1280401815068295170, 1280401766745718786, 正常, 1, , 1, 1, admin, 2020-07-07 15:22:36, null, null
<==        Row: 66c952ae2c3701a993e7db58f3baf55e, 4e4602b3e3686f0911384e188dc7efb4, 大于, >, 大于, 1, 1, admin, 2019-04-01 10:45:46, admin, 2019-04-01 17:48:29
<==        Row: 1199517914017832962, 1199517671259906049, 重要, 2, , 1, 1, admin, 2019-11-27 10:38:51, null, null
<==        Row: 1815008001, 1815008, 基础校验, basic, DMC格式校验, 1, 1, null, 2026-07-22 15:22:51, null, null
<==        Row: 1356445705549975553, 1356445645198135298, 是, Y, , 1, 1, admin, 2021-02-02 11:33:52, null, null
<==        Row: 9a96c4a4e4c5c9b4e4d0cbf6eb3243cc, 4c753b5293304e7a445fd2741b46529d, 不启用, 0, null, 1, 1, admin, 2019-03-18 23:19:53, null, null
<==        Row: 147c48ff4b51545032a9119d13f3222a, d6e1152968b02d69ff358c75b48a6ee1, 测试流程, test, null, 1, 1, admin, 2019-03-22 19:27:05, null, null
<==        Row: 1750000001301, 1750000000013, zh, zh, 简体中文, 1, 1, null, 2026-07-22 13:57:16, admin, 2026-08-07 20:13:27
<==        Row: 1815013001, 1815013, 有效, valid, 引用有效, 1, 1, null, 2026-07-22 15:22:52, null, null
<==        Row: 1250688147579228161, 1250687930947620866, 正常, 0, , 1, 1, admin, 2020-04-16 15:31:05, , null
<==        Row: 1199518186144276482, 1199518099888414722, 日常记录, 1, , 1, 1, admin, 2019-11-27 10:39:56, null, null
<==        Row: b9fbe2a3602d4a27b45c100ac5328484, 78bda155fe380b1b3f175f1e88c284c6, 待提交, 1, 待提交, 1, 1, admin, 2019-05-09 16:32:35, null, null
<==        Row: 337ea1e401bda7233f6258c284ce4f50, bd1b8bc28e65d6feefefb6f3c79f42fd, JSON, json, null, 1, 1, admin, 2019-04-12 17:26:33, null, null
<==        Row: 2009158497136041986, 2009158440265474049, 通用, 0, , 1, 1, admin, 2026-01-08 15:01:29, admin, 2026-01-09 14:51:56
<==        Row: dm_ft_xml, dm_file_type_001, XML文件, xml, S1000D XML数据模块, 1, 1, admin, 2026-07-23 09:13:02, null, null
<==        Row: dm_co_in, dm_checkout_status_001, 签入, 0, DM已签入，可供他人签出, 1, 1, admin, 2026-07-23 09:12:06, null, null
<==        Row: 1815009001, 1815009, 基本复制, basic, 仅复制基本属性, 1, 1, null, 2026-07-22 15:22:51, null, null
<==        Row: 1815010001, 1815010, 创建, create, 创建新DM, 1, 1, null, 2026-07-22 15:22:51, null, null
<==        Row: dm_ver_0, dm_version_type_001, 草稿版本, 0, In-Work版本，未正式发布, 1, 1, admin, 2026-07-23 09:12:06, null, null
<==        Row: 83250269359855501ec4e9c0b7e21596, 4274efc2292239b6f000b153f50823ff, 可见/可访问(授权后可见/可访问), 1, , 1, 1, admin, 2019-05-10 17:54:51, null, null
<==        Row: 1750000001001, 1750000000010, 描述性DM, description, 描述性数据模块, 1, 1, null, 2026-07-22 13:58:22, admin, 2026-08-01 23:00:56
<==        Row: 1199525468672405505, 1199525215290306561, 未开始, 0, , 1, 1, admin, 2019-11-27 11:08:52, null, null
<==        Row: 1750000001701, 1750000000017, A型, A, A型变体, 1, 1, null, 2026-07-22 13:57:45, null, null
<==        Row: 1199525506429530114, 1199525215290306561, 已完成, 2, , 1, 1, admin, 2019-11-27 11:09:02, admin, 2019-11-27 11:10:02
<==        Row: 1199517884758368257, 1199517671259906049, 一般, 1, , 1, 1, admin, 2019-11-27 10:38:44, null, null
<==        Row: 69cacf64e244100289ddd4aa9fa3b915, a9d9942bd0eccb6e89de92d130ec4c4a, 未发送, 0, null, 1, 1, admin, 2019-04-12 18:19:23, null, null
<==        Row: 1750000001601, 1750000000016, 描述, 00, 描述信息, 1, 1, null, 2026-07-22 13:57:38, null, null
<==        Row: dm_pub_draft, dm_publish_mode_001, 草稿发布, draft, 发布为草稿模式, 1, 1, admin, 2026-07-23 09:19:47, null, null
<==        Row: dm_copy_attr, dm_copy_type_001, 仅复制属性, 0, 创建新DM，仅复制元数据, 1, 1, admin, 2026-07-23 09:21:33, null, null
<==        Row: 222705e11ef0264d4214affff1fb4ff9, 4f69be5f507accea8d5df5f11346181a, 文本, 1, , 1, 1, admin, 2023-02-28 10:50:36, admin, 2022-07-04 16:29:21
<==        Row: 538fca35afe004972c5f3947c039e766, 2e02df51611a4b9632828ab7e5338f00, 显示, 1, 显示, 1, 1, admin, 2025-03-26 18:27:13, admin, 2019-04-26 18:39:07
<==        Row: 096c2e758d823def3855f6376bc736fb, bd1b8bc28e65d6feefefb6f3c79f42fd, SQL, sql, null, 1, 1, admin, 2019-04-12 17:26:26, null, null
<==        Row: 51222413e5906cdaf160bb5c86fb827c, a7adbcd86c37f7dbc9b66945c82ef9e6, 是, 1, , 1, 1, admin, 2019-05-22 19:29:45, null, null
<==        Row: 1815002001, 1815002, 系统描述, 01, 系统级描述性文档, 1, 1, null, 2026-07-22 15:22:50, null, null
<==        Row: 2009149856358096897, 2009149820169641986, GJB6600, GJB6600, , 1, 1, admin, 2026-01-08 14:27:09, admin, 2026-07-16 10:02:57
<==        Row: 1815005001, 1815005, 可更新, 0, 允许更新修改, 1, 1, null, 2026-07-22 15:22:51, null, null
<==        Row: 1174511197735665665, 1174511106530525185, 公司, 1, 公司, 1, 1, admin, 2019-09-19 10:31:05, null, null
<==        Row: dm_ref_st_valid, dm_reference_status_001, 有效, 1, 引用关系有效, 1, 1, admin, 2026-07-23 09:13:13, null, null
<==        Row: 1242300814383435777, 1242298510024429569, 邮件提醒, 1, , 1, 1, admin, 2020-03-24 12:02:49, admin, 2020-03-30 18:21:26
<==        Row: c5700a71ad08994d18ad1dacc37a71a9, a7adbcd86c37f7dbc9b66945c82ef9e6, 否, 0, , 1, 1, admin, 2019-05-22 19:29:55, null, null
<==        Row: 1280401847607705602, 1280401766745718786, 冻结, 0, , 1, 1, admin, 2020-07-07 15:22:44, null, null
<==        Row: 7050c1522702bac3be40e3b7d2e1dfd8, c5a14c75172783d72cbee6ee7f5df5d1, 柱状图, bar, null, 1, 1, admin, 2019-04-12 17:05:17, null, null
<==        Row: dm_upd_0, dm_update_control_001, 无更新控制, 0, 无特殊更新控制, 1, 1, admin, 2026-07-23 09:12:06, null, null
<==        Row: 1232913424813486081, 1232913193820581889, 官方示例, demo, , 1, 1, admin, 2020-02-27 14:20:42, admin, 2020-02-27 14:21:37
<==        Row: 1356445754212290561, 1356445645198135298, 否, N, , 1, 1, admin, 2021-02-02 11:34:04, null, null
<==        Row: 1209733775114702850, 1209733563293962241, MySQL5.5, 1, , 1, 1, admin, 2019-12-25 15:13:02, null, null
<==        Row: 1815007001, 1815007, 草稿模式, draft, 草稿编辑阶段, 1, 1, null, 2026-07-22 15:22:51, null, null
<==        Row: f0162f4cc572c9273f3e26b2b4d8c082, ad7c65ba97c20a6805d5dcdf13cdaf36, booostrap, 1, null, 1, 1, admin, 2021-08-22 16:32:04, admin, 2019-03-22 16:33:57
<==        Row: 6c682d78ddf1715baf79a1d52d2aa8c2, 72cce0989df68887546746d8f09811aa, 单表, 1, null, 1, 1, admin, 2019-03-27 10:13:29, null, null
<==        Row: 1750000001901, 1750000000019, 正式发布, N, 正式发布版本, 1, 1, null, 2026-07-22 13:57:55, null, null
<==        Row: 1750000001101, 1750000000011, 草稿, draft, 草稿状态, 1, 1, null, 2026-07-22 13:57:03, null, null
<==        Row: 1199520817285701634, 1199520177767587841, 列表, 1, , 1, 1, admin, 2019-11-27 10:50:24, null, null
<==        Row: 1815011001, 1815011, XML文件, xml, XML格式文档, 1, 1, null, 2026-07-22 15:22:51, null, null
<==        Row: 6d4e26e78e1a09699182e08516c49fc4, 4d7fec1a7799a436d26d02325eff295e, 高, H, 高, 1, 1, admin, 2019-04-16 17:04:24, null, null
<==        Row: 1750000001401, 1750000000014, CN, CN, 中华人民共和国, 1, 1, null, 2026-07-22 13:57:22, admin, 2026-07-25 14:16:06
<==        Row: 1178295639554928641, 1178295274528845826, 可见(未授权不可见), 1, , 1, 1, admin, 2019-09-29 21:09:06, admin, 2019-09-29 21:09:24
<==        Row: 1199518214858481666, 1199518099888414722, 本周工作, 2, , 1, 1, admin, 2019-11-27 10:40:03, null, null
<==        Row: 1815003001, 1815003, 概述, 001, 概述性内容, 1, 1, null, 2026-07-22 15:22:50, null, null
<==        Row: 1815006001, 1815006, 全部适用, all, 适用于所有型号, 1, 1, null, 2026-07-22 15:22:51, null, null
<==        Row: 1174509082208395266, 1174511106530525185, 岗位, 3, 岗位, 1, 1, admin, 2019-09-19 10:31:16, , null
<==        Row: ba27737829c6e0e582e334832703d75e, 236e8a4baff0db8c62c00dd95632834f, 同步, 1, 同步, 1, 1, admin, 2019-05-15 15:28:15, null, null
<==        Row: 6937c5dde8f92e9a00d4e2ded9198694, ad7c65ba97c20a6805d5dcdf13cdaf36, easyui, 3, null, 1, 1, admin, 2019-03-22 16:32:15, null, null
<==        Row: dm_type_desc, dm_type_001, 描述性DM, descriptive, 描述静态信息（部件、系统介绍）, 1, 1, admin, 2026-07-23 09:12:06, null, null
<==        Row: 1250688201064992770, 1250687930947620866, 停止, -1, , 1, 1, admin, 2020-04-16 15:31:18, , null
<==        Row: b029a41a851465332ee4ee69dcf0a4c2, 0b5d19e1fce4b2e6647e6b4a17760c14, 系统消息, 2, null, 1, 1, admin, 2019-02-22 18:02:08, admin, 2019-04-22 18:02:13
<==        Row: dm_info_desc, dm_info_name_type_001, 描述, description, 描述性信息, 1, 1, admin, 2026-07-23 09:12:06, null, null
<==        Row: 66EF34864A884E9295B1B353DC1CA0D4, 7FAAEB0E8EBE406CBCC3A1FD68AE1F36, 非密, unclassified, Unclassified, 1, 1, admin, 2026-07-25 00:11:24, null, null
<==        Row: b5f3bd5f66bb9a83fecd89228c0d93d1, 68168534ff5065a152bfab275c2136f8, 无效, 0, 无效, 1, 1, admin, 2019-04-26 19:21:49, null, null
<==        Row: 1750000001501, 1750000000015, 安装, 00, 安装相关技术, 1, 1, null, 2026-07-22 13:57:28, null, null
<==        Row: 1174511244036587521, 1174511106530525185, 部门, 2, 部门, 1, 1, admin, 2019-09-19 10:31:16, null, null
<==        Row: 1815004001, 1815004, AVIC-中航工业, AVIC, 中国航空工业集团, 1, 1, null, 2026-07-22 15:22:50, null, null
<==        Row: 034021b8a8404472b13cec49608ceb5d, 52db14900acf4ef386ed34c0e2030afc, 无效, 0, , 1, 1, admin, 2026-04-27 22:25:13, admin, 2026-07-15 10:27:51
<==        Row: 2008794721943351298, 2008794656772255745, 公开, 1, , 1, 1, admin, 2026-01-07 14:55:58, admin, 2026-01-07 14:56:28
<==        Row: dm_ref_dm, dm_ref_type_001, DM引用, dmRef, 数据模块之间的引用, 1, 1, admin, 2026-07-23 09:22:32, null, null
<==        Row: 333e6b2196e01ef9a5f76d74e86a6e33, 8dfe32e2d29ea9430a988b3b558bf233, 未发布, 0, 未发布, 1, 1, admin, 2019-04-16 17:41:12, null, null
<==        Row: 1199518235943247874, 1199518099888414722, 下周计划, 3, , 1, 1, admin, 2019-11-27 10:40:08, null, null
<==        Row: dm_va_inwork, dm_version_action_type_001, In-Work（草稿）, inwork, 创建草稿版本, 1, 1, admin, 2026-07-23 09:21:51, null, null
<==        Row: 1815012001, 1815012, 起草, draft, 起草阶段, 1, 1, null, 2026-07-22 15:22:51, null, null
<==        Row: 1199525490575060993, 1199525215290306561, 进行中, 1, , 1, 1, admin, 2019-11-27 11:08:58, null, null
<==        Row: c53da022b9912e0aed691bbec3c78473, 880a895c98afeca9d9ac39f29e67c13e, 查询, 1, , 1, 1, admin, 2019-07-22 10:54:51, null, null
<==        Row: 1199517941339529217, 1199517671259906049, 紧急, 3, , 1, 1, admin, 2019-11-27 10:38:58, null, null
<==        Row: dm_wf_draft, dm_workflow_step_001, 起草, draft, 起草阶段, 1, 1, admin, 2026-07-23 09:13:06, null, null
<==        Row: dm_status_0, dm_status_001, 已删除, 0, DM已标记删除, 1, 1, admin, 2026-07-23 09:12:06, null, null
<==        Row: fcec03570f68a175e1964808dc3f1c91, 4c03fca6bf1f0299c381213961566349, Tab风格, tab, null, 1, 1, admin, 2019-04-12 17:43:31, null, null
<==        Row: dm_val_none, dm_validate_level_001, 不校验, 0, 跳过XML校验, 1, 1, admin, 2026-07-23 09:12:37, null, null
<==        Row: dm_tech_sys, dm_tech_name_type_001, 系统, system, 系统级技术名称, 1, 1, admin, 2026-07-23 09:12:06, null, null
<==        Row: 1750000001201, 1750000000012, 未提交, 0, 未提交工作流, 1, 1, null, 2026-07-22 13:57:09, null, null
<==        Row: dm_loc_A, dm_location_code_001, A, A, , 1, 1, admin, 2026-07-23 09:12:06, admin, 2026-07-25 14:14:27
<==        Row: 1815001001, 1815001, 未签出, 0, 数据模块未被签出，可被任何人签出, 1, 1, null, 2026-07-22 15:22:50, null, null
<==        Row: 1199520835035996161, 1199520177767587841, 链接, 2, , 1, 1, admin, 2019-11-27 10:50:28, null, null
<==        Row: dm_rpc_001, dm_rpc_type_001, AVIC（中航工业）, AVIC1, 中国航空工业集团, 1, 1, admin, 2026-07-23 09:12:06, null, null
<==        Row: e6329e3a66a003819e2eb830b0ca2ea0, 4e4602b3e3686f0911384e188dc7efb4, 小于, <, 小于, 2, 1, admin, 2019-04-01 16:44:15, admin, 2019-04-01 17:48:34
<==        Row: e94eb7af89f1dbfa0d823580a7a6e66a, 236e8a4baff0db8c62c00dd95632834f, 不同步, 0, 不同步, 2, 1, admin, 2019-05-15 15:28:28, null, null
<==        Row: 1232913493717512194, 1232913193820581889, 流程表单, bpm, , 2, 1, admin, 2020-02-27 14:20:58, admin, 2020-02-27 14:22:20
<==        Row: 1174509667297026049, 1174509082208395266, 助级, 2, , 2, 1, admin, 2019-09-19 10:25:01, admin, 2019-09-23 11:46:47
<==        Row: 1815010002, 1815010, 编辑, edit, 编辑DM属性, 2, 1, null, 2026-07-22 15:22:51, null, null
<==        Row: 71b924faa93805c5c1579f12e001c809, d6e1152968b02d69ff358c75b48a6ee1, OA办公, oa, null, 2, 1, admin, 2021-03-22 19:27:17, admin, 2019-03-22 23:24:36
<==        Row: f16c5706f3ae05c57a53850c64ce7c45, a9d9942bd0eccb6e89de92d130ec4c4a, 发送成功, 1, null, 2, 1, admin, 2019-04-12 18:19:43, null, null
<==        Row: 1815009002, 1815009, 完整复制, full, 复制全部内容+资源, 2, 1, null, 2026-07-22 15:22:51, null, null
<==        Row: 1750000001802, 1750000000018, 拆卸到1级, 1, 拆卸到1级, 2, 1, null, 2026-07-22 13:57:50, null, null
<==        Row: 84dfc178dd61b95a72900fcdd624c471, 78bda155fe380b1b3f175f1e88c284c6, 处理中, 2, 处理中, 2, 1, admin, 2019-05-09 16:33:01, null, null
<==        Row: 1815011002, 1815011, PDF文档, pdf, PDF格式文档, 2, 1, null, 2026-07-22 15:22:51, null, null
<==        Row: 1815007002, 1815007, 审核模式, review, 送审审核阶段, 2, 1, null, 2026-07-22 15:22:51, null, null
<==        Row: 1178295553450061826, 1178295274528845826, 可编辑(未授权禁用), 2, , 2, 1, admin, 2019-09-29 21:08:46, admin, 2019-09-29 21:09:18
<==        Row: 1815005002, 1815005, 锁定, 1, 已锁定禁止修改, 2, 1, null, 2026-07-22 15:22:51, null, null
<==        Row: 1750000001502, 1750000000015, 拆卸, 01, 拆卸相关技术, 2, 1, null, 2026-07-22 13:57:28, null, null
<==        Row: 1815004002, 1815004, COMAC-中国商飞, COMAC, 中国商用飞机有限公司, 2, 1, null, 2026-07-22 15:22:50, null, null
<==        Row: dm_ver_1, dm_version_type_001, 已发布版本, 1, Issue版本，已正式发布, 2, 1, admin, 2026-07-23 09:12:06, null, null
<==        Row: cbfcc5b88fc3a90975df23ffc8cbe29c, c5a14c75172783d72cbee6ee7f5df5d1, 曲线图, line, null, 2, 1, admin, 2019-05-12 17:05:30, admin, 2019-04-12 17:06:06
<==        Row: 1815003002, 1815003, 准备, 002, 准备工作内容, 2, 1, null, 2026-07-22 15:22:50, null, null
<==        Row: 58b73b344305c99b9d8db0fc056bbc0a, 72cce0989df68887546746d8f09811aa, 主表, 2, null, 2, 1, admin, 2019-03-27 10:13:36, null, null
<==        Row: 2008794750670139394, 2008794656772255745, 内部, 2, , 2, 1, admin, 2026-01-07 14:56:05, admin, 2026-01-07 14:56:25
<==        Row: 734C6F3E7AAB4BA8887C09F0527900D1, 7FAAEB0E8EBE406CBCC3A1FD68AE1F36, 机密, confidential, Confidential, 2, 1, admin, 2026-07-25 00:11:24, null, null
<==        Row: dm_wf_review, dm_workflow_step_001, 审核, review, 审核阶段, 2, 1, admin, 2026-07-23 09:13:06, null, null
<==        Row: dm_upd_1, dm_update_control_001, 更新控制, 1, 需要更新控制, 2, 1, admin, 2026-07-23 09:12:06, null, null
<==        Row: dm_rpc_002, dm_rpc_type_001, COMAC（商飞）, COMAC, 中国商用飞机有限责任公司, 2, 1, admin, 2026-07-23 09:12:06, null, null
<==        Row: 1815002002, 1815002, 操作程序, 02, 操作类程序文档, 2, 1, null, 2026-07-22 15:22:50, null, null
<==        Row: 1815001002, 1815001, 已签出, 1, 数据模块已被签出，锁定状态, 2, 1, null, 2026-07-22 15:22:50, null, null
<==        Row: 8ff48e657a7c5090d4f2a59b37d1b878, 4d7fec1a7799a436d26d02325eff295e, 中, M, 中, 2, 1, admin, 2019-04-16 17:04:40, null, null
<==        Row: 1815008002, 1815008, 标准校验, standard, 字段完整性校验, 2, 1, null, 2026-07-22 15:22:51, null, null
<==        Row: 8cdf08045056671efd10677b8456c999, 4274efc2292239b6f000b153f50823ff, 可编辑(未授权时禁用), 2, , 2, 1, admin, 2019-05-10 17:55:38, null, null
<==        Row: 948923658baa330319e59b2213cda97c, 880a895c98afeca9d9ac39f29e67c13e, 添加, 2, , 2, 1, admin, 2019-07-22 10:54:59, admin, 2019-07-22 10:55:36
<==        Row: 1750000001002, 1750000000010, 过程性DM, procedure, 过程性数据模块, 2, 1, null, 2026-07-22 13:58:22, admin, 2026-08-01 23:01:10
<==        Row: dm_info_oper, dm_info_name_type_001, 操作, operation, 操作性信息, 2, 1, admin, 2026-07-23 09:12:06, null, null
<==        Row: 1750000001902, 1750000000019, 临时发布, T, 临时发布版本, 2, 1, null, 2026-07-22 13:57:55, null, null
<==        Row: 308c8aadf0c37ecdde188b97ca9833f5, 8dfe32e2d29ea9430a988b3b558bf233, 已发布, 1, 已发布, 2, 1, admin, 2019-04-16 17:41:24, null, null
<==        Row: dm_ref_dml, dm_ref_type_001, DML引用, dmlRef, 数据模块列表引用, 2, 1, admin, 2026-07-23 09:22:32, null, null
<==        Row: 1334440962954936321, 1209733563293962241, MYSQL5.7+, 4, , 2, 1, admin, 2020-12-03 18:16:02, admin, 2021-07-15 13:44:29
<==        Row: 1750000001702, 1750000000017, B型, B, B型变体, 2, 1, null, 2026-07-22 13:57:45, null, null
<==        Row: 1543fe7e5e26fb97cdafe4981bedc0c8, 4c03fca6bf1f0299c381213961566349, 单排布局, single, null, 2, 1, admin, 2022-07-12 17:43:39, admin, 2019-04-12 17:43:57
<==        Row: 6a7a9e1403a7943aba69e54ebeff9762, 4f69be5f507accea8d5df5f11346181a, 富文本, 2, , 2, 1, admin, 2031-02-28 10:50:44, admin, 2022-07-04 16:29:30
<==        Row: 1750000001602, 1750000000016, 操作, 01, 操作信息, 2, 1, null, 2026-07-22 13:57:38, null, null
<==        Row: 2009158867908321281, 2009158440265474049, 航空, 1, , 2, 1, admin, 2026-01-08 15:02:57, admin, 2026-01-09 14:52:00
<==        Row: 1030a2652608f5eac3b49d70458b8532, 2e02df51611a4b9632828ab7e5338f00, 禁用, 2, 禁用, 2, 1, admin, 2021-03-26 18:27:28, admin, 2019-04-26 18:39:11
<==        Row: dm_pub_official, dm_publish_mode_001, 正式发布, official, 正式发布, 2, 1, admin, 2026-07-23 09:19:47, null, null
<==        Row: 1750000001202, 1750000000012, 流转中, 1, 流程流转中, 2, 1, null, 2026-07-22 13:57:09, null, null
<==        Row: dm_ft_pdf, dm_file_type_001, PDF文件, pdf, PDF格式DM, 2, 1, admin, 2026-07-23 09:13:02, null, null
<==        Row: 2080832479622590466, language_iso_code, English, en, null, 2, 1, admin, 2026-07-25 09:48:18, null, null
<==        Row: 1750000001402, 1750000000014, US, US, United States, 2, 1, null, 2026-07-22 13:57:22, admin, 2026-07-25 14:16:12
<==        Row: 1750000001302, 1750000000013, en, en, English, 2, 1, null, 2026-07-22 13:57:16, admin, 2026-08-07 20:13:41
<==        Row: dm_va_issue, dm_version_action_type_001, Issue（发布）, issue, 创建发布版本, 2, 1, admin, 2026-07-23 09:21:51, null, null
<==        Row: dm_copy_ver, dm_copy_type_001, 创建版本链, 1, 创建版本关联的新DM, 2, 1, admin, 2026-07-23 09:21:33, null, null
<==        Row: dm_ref_st_invalid, dm_reference_status_001, 无效, 0, 引用关系已失效, 2, 1, admin, 2026-07-23 09:13:13, null, null
<==        Row: 1815013002, 1815013, 断链, broken, 引用断链, 2, 1, null, 2026-07-22 15:22:52, null, null
<==        Row: 2009150391974912001, 2009149820169641986, S1000D3.0, S1000D3.0, , 2, 1, admin, 2026-01-08 14:29:16, admin, 2026-07-16 09:58:02
<==        Row: 1242300779390357505, 1242298510024429569, 短信提醒, 2, , 2, 1, admin, 2020-03-24 12:02:41, admin, 2020-03-30 18:21:33
<==        Row: 1750000001102, 1750000000011, 编辑中, editing, 正在编辑, 2, 1, null, 2026-07-22 13:57:03, null, null
<==        Row: dm_val_basic, dm_validate_level_001, 基础校验, 1, 基础XML格式校验, 2, 1, admin, 2026-07-23 09:12:37, null, null
<==        Row: cfe88c07c69443b99e6a1da0d915b36f, 52db14900acf4ef386ed34c0e2030afc, 有效, 1, , 2, 1, admin, 2026-04-27 22:25:13, admin, 2026-07-15 10:28:01
<==        Row: 5d84a8634c8fdfe96275385075b105c9, 3d9a351be3436fbefb1307d4cfb49bf2, 女, 2, null, 2, 1, null, 2019-01-04 14:56:56, null, 2019-01-04 17:38:12
<==        Row: dm_loc_B, dm_location_code_001, B, B, , 2, 1, admin, 2026-07-23 09:12:06, admin, 2026-07-25 14:14:31
<==        Row: dm_tech_assy, dm_tech_name_type_001, 组件, assembly, 组件级技术名称, 2, 1, admin, 2026-07-23 09:12:06, null, null
<==        Row: 1815006002, 1815006, 部分适用, partial, 适用于部分型号, 2, 1, null, 2026-07-22 15:22:51, null, null
<==        Row: dm_co_out, dm_checkout_status_001, 签出, 1, DM已被签出，正在编辑中, 2, 1, admin, 2026-07-23 09:12:06, null, null
<==        Row: dm_status_1, dm_status_001, 正常, 1, DM正常状态, 2, 1, admin, 2026-07-23 09:12:06, null, null
<==        Row: 2d51376643f220afdeb6d216a8ac2c01, 68168534ff5065a152bfab275c2136f8, 有效, 1, 有效, 2, 1, admin, 2019-04-26 19:22:01, null, null
<==        Row: dm_type_proc, dm_type_001, 过程性DM, procedural, 描述操作过程（维护、检查程序）, 2, 1, admin, 2026-07-23 09:12:06, null, null
<==        Row: 1815012002, 1815012, 审核, review, 审核阶段, 2, 1, null, 2026-07-22 15:22:51, null, null
<==        Row: 2009150431040659458, 2009149820169641986, S1000D4.0, S1000D4.0, , 3, 1, admin, 2026-01-08 14:29:26, admin, 2026-07-16 09:58:07
<==        Row: 23a5bb76004ed0e39414e928c4cde155, 4e4602b3e3686f0911384e188dc7efb4, 不等于, !=, 不等于, 3, 1, admin, 2019-04-01 16:46:15, admin, 2019-04-01 17:48:40
<==        Row: dm_loc_C, dm_location_code_001, C, C, , 3, 1, admin, 2026-07-23 09:12:06, admin, 2026-07-25 14:14:39
<==        Row: 1815013003, 1815013, 过期, outdated, 引用过期, 3, 1, null, 2026-07-22 15:22:52, null, null
<==        Row: dm_rpc_003, dm_rpc_type_001, Boeing, BOE01, 波音公司, 3, 1, admin, 2026-07-23 09:12:06, null, null
<==        Row: 1815012003, 1815012, 批准, approve, 批准阶段, 3, 1, null, 2026-07-22 15:22:51, null, null
<==        Row: 0ca4beba9efc4f9dd54af0911a946d5c, 72cce0989df68887546746d8f09811aa, 附表, 3, null, 3, 1, admin, 2019-03-27 10:13:43, null, null
<==        Row: 1815011003, 1815011, 图片, image, 图片文件（jpg/png/gif等）, 3, 1, null, 2026-07-22 15:22:51, null, null
<==        Row: f753aff60ff3931c0ecb4812d8b5e643, 4c03fca6bf1f0299c381213961566349, 双排布局, double, null, 3, 1, admin, 2019-04-12 17:43:51, null, null
<==        Row: 1815010003, 1815010, 签入, checkin, 签入新版本, 3, 1, null, 2026-07-22 15:22:51, null, null
<==        Row: 1815009003, 1815009, 新版本, newVersion, 创建新版本副本, 3, 1, null, 2026-07-22 15:22:51, null, null
<==        Row: 1750000001103, 1750000000011, 审核中, reviewing, 正在审核, 3, 1, null, 2026-07-22 13:57:03, null, null
<==        Row: 1209733839933476865, 1209733563293962241, Oracle, 2, , 3, 1, admin, 2019-12-25 15:13:18, admin, 2021-07-15 13:44:08
<==        Row: 1815008003, 1815008, 严格校验, strict, XML Schema校验, 3, 1, null, 2026-07-22 15:22:51, null, null
<==        Row: 1815007003, 1815007, 正式发布, official, 正式发布版本, 3, 1, null, 2026-07-22 15:22:51, null, null
<==        Row: 1815006003, 1815006, 特定条件, specific, 特定条件下适用, 3, 1, null, 2026-07-22 15:22:51, null, null
<==        Row: 1815005003, 1815005, 待审核, 2, 等待审核中, 3, 1, null, 2026-07-22 15:22:51, null, null
<==        Row: 0072d115e07c875d76c9b022e2179128, 4d7fec1a7799a436d26d02325eff295e, 低, L, 低, 3, 1, admin, 2019-04-16 17:04:59, null, null
<==        Row: 1750000001503, 1750000000015, 检查, 02, 检查相关技术, 3, 1, null, 2026-07-22 13:57:28, null, null
<==        Row: 1815004003, 1815004, CASC-中国航天, CASC, 中国航天科技集团, 3, 1, null, 2026-07-22 15:22:50, null, null
<==        Row: 1815003003, 1815003, 程序, 003, 具体程序步骤, 3, 1, null, 2026-07-22 15:22:50, null, null
<==        Row: a2be752dd4ec980afaec1efd1fb589af, 8dfe32e2d29ea9430a988b3b558bf233, 已撤销, 2, 已撤销, 3, 1, admin, 2019-04-16 17:41:39, null, null
<==        Row: 1815002003, 1815002, 维护程序, 03, 维护类程序文档, 3, 1, null, 2026-07-22 15:22:50, null, null
<==        Row: 1750000001003, 1750000000010, 故障性DM, faultIsolation, 故障性数据模块, 3, 1, null, 2026-07-22 13:58:22, admin, 2026-08-01 23:01:30
<==        Row: 1750000001903, 1750000000019, 紧急发布, E, 紧急发布版本, 3, 1, null, 2026-07-22 13:57:55, null, null
<==        Row: 848d4da35ebd93782029c57b103e5b36, c5a14c75172783d72cbee6ee7f5df5d1, 饼图, pie, null, 3, 1, admin, 2019-04-12 17:05:49, null, null
<==        Row: 1750000001803, 1750000000018, 拆卸到2级, 2, 拆卸到2级, 3, 1, null, 2026-07-22 13:57:50, null, null
<==        Row: 1750000001703, 1750000000017, C型, C, C型变体, 3, 1, null, 2026-07-22 13:57:45, null, null
<==        Row: 1305827309355302914, bd1b8bc28e65d6feefefb6f3c79f42fd, API, api, , 3, 1, admin, 2020-09-15 19:14:26, admin, 2020-09-15 19:14:41
<==        Row: 1750000001603, 1750000000016, 规范, 02, 规范信息, 3, 1, null, 2026-07-22 13:57:38, null, null
<==        Row: 5d833f69296f691843ccdd0c91212b6b, 880a895c98afeca9d9ac39f29e67c13e, 修改, 3, , 3, 1, admin, 2019-07-22 10:55:07, admin, 2019-07-22 10:55:41
<==        Row: 2008794914789060609, 2008794656772255745, 秘密, 3, , 3, 1, admin, 2026-01-07 14:56:44, null, null
<==        Row: 3736FD3883374BB69E5DABE51B5002EC, 7FAAEB0E8EBE406CBCC3A1FD68AE1F36, 秘密, secret, Secret, 3, 1, admin, 2026-07-25 00:11:24, null, null
<==        Row: dm_ref_pm, dm_ref_type_001, PM引用, pmRef, 出版模块引用, 3, 1, admin, 2026-07-23 09:22:32, null, null
<==        Row: dm_pub_temp, dm_publish_mode_001, 临时发布, temporary, 临时发布（测试用）, 3, 1, admin, 2026-07-23 09:19:47, null, null
<==        Row: 1750000001203, 1750000000012, 已通过, 2, 审批通过, 3, 1, null, 2026-07-22 13:57:09, null, null
<==        Row: dm_ref_st_pending, dm_reference_status_001, 待确认, 2, 引用关系待确认, 3, 1, admin, 2026-07-23 09:13:13, null, null
<==        Row: 50223341bfb5ba30bf6319789d8d17fe, d6e1152968b02d69ff358c75b48a6ee1, 业务办理, business, null, 3, 1, admin, 2023-04-22 19:28:05, admin, 2019-03-22 23:24:39
<==        Row: dm_ft_img, dm_file_type_001, 图片文件, image, 图片资源（PNG/JPG/SVG）, 3, 1, admin, 2026-07-23 09:13:02, null, null
<==        Row: dm_val_std, dm_validate_level_001, 标准校验, 2, 严格按S1000D标准校验, 3, 1, admin, 2026-07-23 09:12:37, null, null
<==        Row: 3fbc03d6c994ae06d083751248037c0e, 78bda155fe380b1b3f175f1e88c284c6, 已完成, 3, 已完成, 3, 1, admin, 2019-05-09 16:33:25, null, null
<==        Row: dm_info_maint, dm_info_name_type_001, 维护, maintenance, 维护性信息, 3, 1, admin, 2026-07-23 09:12:06, null, null
<==        Row: 33bc9d9f753cf7dc40e70461e50fdc54, a9d9942bd0eccb6e89de92d130ec4c4a, 发送失败, 2, null, 3, 1, admin, 2019-04-12 18:20:02, null, null
<==        Row: dm_tech_part, dm_tech_name_type_001, 零件, part, 零件级技术名称, 3, 1, admin, 2026-07-23 09:12:06, null, null
<==        Row: 1174509713568587777, 1174509082208395266, 中级, 3, , 3, 1, admin, 2019-09-19 10:25:12, admin, 2019-09-23 11:46:56
<==        Row: dm_wf_approve, dm_workflow_step_001, 批准, approve, 批准阶段, 3, 1, admin, 2026-07-23 09:13:06, null, null
<==        Row: dm_status_2, dm_status_001, 草稿, 2, DM草稿状态, 3, 1, admin, 2026-07-23 09:12:06, null, null
<==        Row: 2009158905313124354, 2009158440265474049, 舰船, 2, , 3, 1, admin, 2026-01-08 15:03:06, admin, 2026-01-09 14:52:03
<==        Row: dm_type_fault, dm_type_001, 故障性DM, fault, 故障隔离与排除程序, 3, 1, admin, 2026-07-23 09:12:06, null, null
<==        Row: 2009150500481556482, 2009149820169641986, S1000D4.2, S1000D4.2, , 4, 1, admin, 2026-01-08 14:29:42, admin, 2026-07-16 09:58:18
<==        Row: 2009150469556953089, 2009149820169641986, S1000D4.1, S1000D4.1, , 4, 1, admin, 2026-01-08 14:29:35, admin, 2026-07-16 09:58:13
<==        Row: 1232913605382467585, 1232913193820581889, 测试表单, temp, , 4, 1, admin, 2020-02-27 14:21:25, admin, 2020-02-27 14:22:16
<==        Row: dm_loc_D, dm_location_code_001, D, D, , 4, 1, admin, 2026-07-23 09:12:06, admin, 2026-07-25 14:14:43
<==        Row: dm_rpc_004, dm_rpc_type_001, Airbus, AIR01, 空客公司, 4, 1, admin, 2026-07-23 09:12:06, null, null
<==        Row: 2008794996636708866, 2008794656772255745, 机密, 4, , 4, 1, admin, 2026-01-07 14:57:03, null, null
<==        Row: 1815012004, 1815012, 发布, publish, 发布阶段, 4, 1, null, 2026-07-22 15:22:51, null, null
<==        Row: 1db531bcff19649fa82a644c8a939dc4, 4c03fca6bf1f0299c381213961566349, 组合布局, combination, , 4, 1, admin, 2019-05-11 16:07:08, null, null
<==        Row: fe50b23ae5e68434def76f67cef35d2d, 78bda155fe380b1b3f175f1e88c284c6, 已作废, 4, 已作废, 4, 1, admin, 2021-09-09 16:33:43, admin, 2019-05-09 16:34:40
<==        Row: 1815011004, 1815011, 视频, video, 视频文件（mp4/avi等）, 4, 1, null, 2026-07-22 15:22:51, null, null
<==        Row: f80a8f6838215753b05e1a5ba3346d22, 880a895c98afeca9d9ac39f29e67c13e, 删除, 4, , 4, 1, admin, 2019-07-22 10:55:14, admin, 2019-07-22 10:55:30
<==        Row: 1815010004, 1815010, 发布, publish, 发布DM, 4, 1, null, 2026-07-22 15:22:51, null, null
<==        Row: 1209733903020003330, 1209733563293962241, SQLServer, 3, , 4, 1, admin, 2019-12-25 15:13:33, admin, 2021-07-15 13:44:11
<==        Row: 1815008004, 1815008, 完整校验, full, 业务逻辑+引用完整性校验, 4, 1, null, 2026-07-22 15:22:51, null, null
<==        Row: d217592908ea3e00ff986ce97f24fb98, c5a14c75172783d72cbee6ee7f5df5d1, 数据列表, table, null, 4, 1, admin, 2019-04-12 17:05:56, null, null
<==        Row: 1815004004, 1815004, OEM-原厂商, OEM, 原始设备制造商, 4, 1, null, 2026-07-22 15:22:50, null, null
<==        Row: 1815003004, 1815003, 清单, 004, 清单类内容, 4, 1, null, 2026-07-22 15:22:50, null, null
<==        Row: 1815002004, 1815002, 故障隔离, 04, 故障诊断与隔离, 4, 1, null, 2026-07-22 15:22:50, null, null
<==        Row: 1750000001004, 1750000000010, 乘员DM, crew, 乘员数据模块, 4, 1, null, 2026-07-22 13:58:22, null, null
<==        Row: 1750000001804, 1750000000018, 拆卸到3级, 3, 拆卸到3级, 4, 1, null, 2026-07-22 13:57:50, null, null
<==        Row: 1750000001704, 1750000000017, D型, D, D型变体, 4, 1, null, 2026-07-22 13:57:45, null, null
<==        Row: dm_wf_publish, dm_workflow_step_001, 发布, publish, 发布阶段, 4, 1, admin, 2026-07-23 09:13:06, null, null
<==        Row: 1750000001604, 1750000000016, 图示, 03, 图示信息, 4, 1, null, 2026-07-22 13:57:38, null, null
<==        Row: 1750000001504, 1750000000015, 测试, 03, 测试相关技术, 4, 1, null, 2026-07-22 13:57:28, null, null
<==        Row: 489FB57746744E3FB93E3E90D581B4A3, 7FAAEB0E8EBE406CBCC3A1FD68AE1F36, 绝密, top_secret, Top Secret, 4, 1, admin, 2026-07-25 00:11:24, null, null
<==        Row: 1242300887343353857, 1242298510024429569, 系统消息, 4, , 4, 1, admin, 2020-03-24 12:03:07, admin, 2020-03-30 18:21:43
<==        Row: 1750000001204, 1750000000012, 已拒绝, 3, 审批拒绝, 4, 1, null, 2026-07-22 13:57:09, null, null
<==        Row: 1174509788361416705, 1174509082208395266, 副高级, 4, , 4, 1, admin, 2019-09-19 10:25:30, admin, 2019-09-23 11:47:06
<==        Row: 41fa1e9571505d643aea87aeb83d4d76, 4e4602b3e3686f0911384e188dc7efb4, 等于, =, 等于, 4, 1, admin, 2019-04-01 16:45:24, admin, 2019-04-01 17:49:00
<==        Row: 1750000001104, 1750000000011, 已发布, published, 已发布状态, 4, 1, null, 2026-07-22 13:57:03, null, null
<==        Row: dm_ft_zip, dm_file_type_001, ZIP压缩包, zip, ZIP格式资源包, 4, 1, admin, 2026-07-23 09:13:02, null, null
<==        Row: dm_val_full, dm_validate_level_001, 完整校验, 3, 完整校验（包括业务规则）, 4, 1, admin, 2026-07-23 09:12:37, null, null
<==        Row: dm_status_3, dm_status_001, 审核中, 3, DM正在审核, 4, 1, admin, 2026-07-23 09:12:06, null, null
<==        Row: 2009158953551814657, 2009158440265474049, 战术导弹, 3, , 4, 1, admin, 2026-01-08 15:03:18, admin, 2026-01-09 14:52:08
<==        Row: dm_type_front, dm_type_001, 前事性DM, frontmatter, 封面、前言、目录等, 4, 1, admin, 2026-07-23 09:12:06, null, null
<==        Row: dm_loc_T, dm_location_code_001, T, T, , 5, 1, admin, 2026-07-23 09:12:06, admin, 2026-07-25 14:14:49
<==        Row: 2008795045311606785, 2008794656772255745, 绝密, 5, , 5, 1, admin, 2026-01-07 14:57:15, null, null
<==        Row: 1815011005, 1815011, 音频, audio, 音频文件（mp3/wav等）, 5, 1, null, 2026-07-22 15:22:51, null, null
<==        Row: 1815010005, 1815010, 回滚, rollback, 版本回滚, 5, 1, null, 2026-07-22 15:22:51, null, null
<==        Row: 1815004005, 1815004, SUB-分包商, SUB, 分包供应商, 5, 1, null, 2026-07-22 15:22:50, null, null
<==        Row: bcec04526b04307e24a005d6dcd27fd6, 880a895c98afeca9d9ac39f29e67c13e, 导入, 5, , 5, 1, admin, 2019-07-22 12:06:41, null, null
<==        Row: 1815003005, 1815003, 图例, 005, 图例说明, 5, 1, null, 2026-07-22 15:22:50, null, null
<==        Row: 1815002005, 1815002, 拆装程序, 05, 拆卸与安装程序, 5, 1, null, 2026-07-22 15:22:50, null, null
<==        Row: 1414837074500976641, 1209733563293962241, postgresql, 6, , 5, 1, admin, 2021-07-13 14:40:20, admin, 2021-07-15 13:44:15
<==        Row: 1750000001005, 1750000000010, 规划性DM, maintPlanning, 规划性数据模块, 5, 1, null, 2026-07-22 13:58:22, null, null
<==        Row: 84778d7e928bc843ad4756db1322301f, 4e4602b3e3686f0911384e188dc7efb4, 大于等于, >=, 大于等于, 5, 1, admin, 2019-04-01 10:46:02, admin, 2019-04-01 17:49:05
<==        Row: 1750000001805, 1750000000018, 拆卸到4级, 4, 拆卸到4级, 5, 1, null, 2026-07-22 13:57:50, null, null
<==        Row: 1750000001705, 1750000000017, E型, E, E型变体, 5, 1, null, 2026-07-22 13:57:45, null, null
<==        Row: 1750000001605, 1750000000016, 数据, 04, 数据信息, 5, 1, null, 2026-07-22 13:57:38, null, null
<==        Row: 1174509835803189250, 1174509082208395266, 正高级, 5, , 5, 1, admin, 2019-09-19 10:25:41, admin, 2019-09-23 11:47:12
<==        Row: 1750000001505, 1750000000015, 维修, 04, 维修相关技术, 5, 1, null, 2026-07-22 13:57:28, null, null
<==        Row: 1750000001105, 1750000000011, 已归档, archived, 已归档状态, 5, 1, null, 2026-07-22 13:57:03, null, null
<==        Row: 2076625175196975105, 2009149820169641986, S1000D4.3, S1000D4.3, , 5, 1, admin, 2026-07-13 19:09:58, admin, 2026-07-16 09:58:24
<==        Row: 2009158995578740738, 2009158440265474049, 地面车辆, 4, , 5, 1, admin, 2026-01-08 15:03:28, admin, 2026-01-09 14:52:11
<==        Row: dm_status_4, dm_status_001, 已发布, 4, DM已正式发布, 5, 1, admin, 2026-07-23 09:12:06, null, null
<==        Row: 1232914232372195330, 1232913193820581889, 导入表单, bdfl_include, , 5, 1, admin, 2020-02-27 14:23:54, null, null
<==        Row: 25847e9cb661a7c711f9998452dc09e6, 4e4602b3e3686f0911384e188dc7efb4, 小于等于, <=, 小于等于, 6, 1, admin, 2019-04-01 16:44:34, admin, 2019-04-01 17:49:10
<==        Row: 1815011006, 1815011, 压缩包, zip, ZIP/RAR压缩包, 6, 1, null, 2026-07-22 15:22:51, null, null
<==        Row: 1815003006, 1815003, 备注, 006, 备注信息, 6, 1, null, 2026-07-22 15:22:50, null, null
<==        Row: a1e7d1ca507cff4a480c8caba7c1339e, 880a895c98afeca9d9ac39f29e67c13e, 导出, 6, , 6, 1, admin, 2019-07-22 12:06:50, null, null
<==        Row: 1815002006, 1815002, 测试程序, 06, 测试与检验程序, 6, 1, null, 2026-07-22 15:22:50, null, null
<==        Row: 1415547541091504129, 1209733563293962241, marialDB, 5, , 6, 1, admin, 2021-07-15 13:43:28, admin, 2021-07-15 13:44:23
<==        Row: 1750000001006, 1750000000010, 工艺性DM, process, 工艺性数据模块, 6, 1, null, 2026-07-22 13:58:22, null, null
<==        Row: 1750000001606, 1750000000016, 工具, 05, 工具信息, 6, 1, null, 2026-07-22 13:57:38, null, null
<==        Row: 1750000001506, 1750000000015, 调整, 05, 调整相关技术, 6, 1, null, 2026-07-22 13:57:28, null, null
<==        Row: 2009159040323575809, 2009158440265474049, 军械, 5, , 6, 1, admin, 2026-01-08 15:03:38, admin, 2026-01-09 14:52:15
<==        Row: dm_status_5, dm_status_001, 已归档, 5, DM已归档, 6, 1, admin, 2026-07-23 09:12:06, null, null
<==        Row: 1815011007, 1815011, 其他, other, 其他类型文件, 7, 1, null, 2026-07-22 15:22:51, null, null
<==        Row: 1815003007, 1815003, 参考, 007, 参考资料, 7, 1, null, 2026-07-22 15:22:50, null, null
<==        Row: 1815002007, 1815002, 检查程序, 07, 检查类程序文档, 7, 1, null, 2026-07-22 15:22:50, null, null
<==        Row: 1418049969003089922, 1209733563293962241, 达梦, 7, , 7, 1, admin, 2021-07-22 11:27:13, admin, 2021-07-22 11:27:30
<==        Row: 6d404fd2d82311fbc87722cd302a28bc, 4e4602b3e3686f0911384e188dc7efb4, 模糊, LIKE, 模糊, 7, 1, admin, 2019-04-01 16:46:02, admin, 2019-04-01 17:49:20
<==        Row: 1750000001607, 1750000000016, 耗材, 06, 耗材信息, 7, 1, null, 2026-07-22 13:57:38, null, null
<==        Row: 1750000001507, 1750000000015, 润滑, 06, 润滑相关技术, 7, 1, null, 2026-07-22 13:57:28, null, null
<==        Row: 1750000001007, 1750000000010, 故障报告DM, faultReporting, 故障报告数据模块, 7, 1, null, 2026-08-05 18:03:27, null, null
<==        Row: C666D8CA975441DDA5055935B1D12A38, 1750000000010, 前言类, frontmatter, Front Matter, 7, 1, admin, 2026-07-25 00:11:43, null, null
<==        Row: 1234371809495760898, 4e4602b3e3686f0911384e188dc7efb4, 右模糊, RIGHT_LIKE, 右模糊, 7, 1, admin, 2020-03-02 14:55:47, null, null
<==        Row: 2009159092395859970, 2009158440265474049, 保障与训练, 6, , 7, 1, admin, 2026-01-08 15:03:51, admin, 2026-01-09 14:52:21
<==        Row: 1234371726545010689, 4e4602b3e3686f0911384e188dc7efb4, 左模糊, LEFT_LIKE, 左模糊, 7, 1, admin, 2020-03-02 14:55:27, null, null
<==        Row: 1815003008, 1815003, 附录, 008, 附录内容, 8, 1, null, 2026-07-22 15:22:50, null, null
<==        Row: adcf2a1fe93bb99a84833043f475fe0b, 4e4602b3e3686f0911384e188dc7efb4, 包含, IN, 包含, 8, 1, admin, 2019-04-01 16:45:47, admin, 2019-04-01 17:49:24
<==        Row: 1815002008, 1815002, 修理程序, 08, 修理类程序文档, 8, 1, null, 2026-07-22 15:22:50, null, null
<==        Row: 1418050017053036545, 1209733563293962241, 人大金仓, 8, , 8, 1, admin, 2021-07-22 11:27:25, null, null
<==        Row: 1750000001608, 1750000000016, 附件, 07, 附件信息, 8, 1, null, 2026-07-22 13:57:38, null, null
<==        Row: 1750000001508, 1750000000015, 清洁, 07, 清洁相关技术, 8, 1, null, 2026-07-22 13:57:28, null, null
<==        Row: 1750000001008, 1750000000010, 图解零件目录DM, illustratedPartsCatalog, 图解零件目录数据模块, 8, 1, null, 2026-08-05 18:03:31, null, null
<==        Row: 2009159141330804738, 2009158440265474049, 通信, 7, , 8, 1, admin, 2026-01-08 15:04:02, admin, 2026-01-09 14:52:26
<==        Row: 1418050075555188737, 1209733563293962241, 神通, 9, , 9, 1, admin, 2021-07-22 11:27:39, null, null
<==        Row: 5584c21993bde231bbde2b966f2633ac, 4e4602b3e3686f0911384e188dc7efb4, 自定义SQL表达式, USE_SQL_RULES, 自定义SQL表达式, 9, 1, admin, 2019-04-01 10:45:24, admin, 2019-04-01 17:49:27
<==        Row: 1418050110669901826, 1209733563293962241, SQLite, 10, , 10, 1, admin, 2021-07-22 11:27:47, null, null
<==        Row: 1418050149475602434, 1209733563293962241, DB2, 11, , 11, 1, admin, 2021-07-22 11:27:56, null, null
<==        Row: 1418050209823248385, 1209733563293962241, Hsqldb, 12, , 12, 1, admin, 2021-07-22 11:28:11, admin, 2021-07-22 11:28:27
<==        Row: 1418050323111399425, 1209733563293962241, Derby, 13, , 13, 1, admin, 2021-07-22 11:28:38, null, null
<==        Row: 1418117316707590146, 1209733563293962241, H2, 14, , 14, 1, admin, 2021-07-22 15:54:50, null, null
<==        Row: 1418491604048449537, 1209733563293962241, 其他数据库, 15, , 15, 1, admin, 2021-07-23 16:42:07, null, null
<==      Total: 324
Closing non transactional SqlSession [org.apache.ibatis.session.defaults.DefaultSqlSession@7dc76514]
Creating a new SqlSession
SqlSession [org.apache.ibatis.session.defaults.DefaultSqlSession@4cf658b6] was not registered for synchronization because synchronization is not active
JDBC Connection [dm.jdbc.driver.DmdbConnection@2d3edb0b] will not be managed by Spring
==>  Preparing: insert into sys_log (id, log_type, log_content, method, operate_type, request_url, request_type, request_param, ip, userid, username, cost_time, create_time,create_by) values( ?, ?, ?, ?, ?, ?, ?, ?, ?, ?, ?, ?, ?, ? )
==> Parameters: 2085973837853204481(String), 1(Integer), 用户名: admin,登录成功！(String), null, null, null, null, null, 0:0:0:0:0:0:0:1(String), admin(String), 管理员(String), null, 2026-08-08 14:18:13.12(Timestamp), null
<==    Updates: 1
Closing non transactional SqlSession [org.apache.ibatis.session.defaults.DefaultSqlSession@4cf658b6]
Creating a new SqlSession
SqlSession [org.apache.ibatis.session.defaults.DefaultSqlSession@3f55ca48] was not registered for synchronization because synchronization is not active
original SQL: select * from  sys_user  where username = ? and del_flag = 0
SQL to parse, SQL: select * from  sys_user  where username = ? and del_flag = 0
parse the finished SQL: SELECT * FROM sys_user WHERE username = ? AND del_flag = 0
JDBC Connection [dm.jdbc.driver.DmdbConnection@2d3edb0b] will not be managed by Spring
==>  Preparing: SELECT * FROM sys_user WHERE username = ? AND del_flag = 0
==> Parameters: admin(String)
<==    Columns: ID, USERNAME, REALNAME, PASSWORD, SALT, AVATAR, BIRTHDAY, SEX, EMAIL, PHONE, ORG_CODE, STATUS, DEL_FLAG, THIRD_ID, THIRD_TYPE, ACTIVITI_SYNC, WORK_NO, POST, TELEPHONE, CREATE_BY, CREATE_TIME, UPDATE_BY, UPDATE_TIME, USER_IDENTITY, DEPART_IDS, REL_TENANT_IDS, CLIENT_ID
<==        Row: e9ca23d68d884d4ebb19d07889727dae, admin, 管理员, cb362cfeefbf3d8d, RCGTeGiH, https://static.jeecg.com/temp/国炬软件logo_1606575029126.png, 2018-12-05 00:00:00, 1, jeecg@163.com, 18611111111, A01, 1, 0, null, null, 1, 00001, 总经理, null, null, 2019-06-21 00:00:00, admin, 2022-10-17 00:00:00, 2, <<BLOB>>, null, null
<==      Total: 1
Closing non transactional SqlSession [org.apache.ibatis.session.defaults.DefaultSqlSession@3f55ca48]
2026-08-08 14:18:13.160 [http-nio-9999-exec-3] [34mINFO [0;39m [36mo.j.c.desensitization.aspect.SensitiveDataAspect:76[0;39m - 加密操作，Aspect程序耗时：2ms
Creating a new SqlSession
SqlSession [org.apache.ibatis.session.defaults.DefaultSqlSession@64899c1] was not registered for synchronization because synchronization is not active
original SQL: SELECT id,create_by,create_time,update_by,update_time,sys_org_code,name,description,code_rule,business_rule_temp,organization,equipment_code,update_ip,version,status,security,ietm_standard,cage_code,position_code,default_business_rule,language_code,country_code FROM ietm_project WHERE id=? 
SQL to parse, SQL: SELECT id,create_by,create_time,update_by,update_time,sys_org_code,name,description,code_rule,business_rule_temp,organization,equipment_code,update_ip,version,status,security,ietm_standard,cage_code,position_code,default_business_rule,language_code,country_code FROM ietm_project WHERE id=? 
parse the finished SQL: SELECT id, create_by, create_time, update_by, update_time, sys_org_code, name, description, code_rule, business_rule_temp, organization, equipment_code, update_ip, version, status, security, ietm_standard, cage_code, position_code, default_business_rule, language_code, country_code FROM ietm_project WHERE id = ?
JDBC Connection [dm.jdbc.driver.DmdbConnection@2d3edb0b] will not be managed by Spring
==>  Preparing: SELECT id, create_by, create_time, update_by, update_time, sys_org_code, name, description, code_rule, business_rule_temp, organization, equipment_code, update_ip, version, status, security, ietm_standard, cage_code, position_code, default_business_rule, language_code, country_code FROM ietm_project WHERE id = ?
==> Parameters: 2078348945532030978(String)
<==    Columns: id, create_by, create_time, update_by, update_time, sys_org_code, name, description, code_rule, business_rule_temp, organization, equipment_code, update_ip, version, status, security, ietm_standard, cage_code, position_code, default_business_rule, language_code, country_code
<==        Row: 2078348945532030978, admin, 2026-07-18 13:19:37.000000, admin, 2026-08-02 14:50:03.869000, A01, 项目1, null, A-00-0-0-00-00-A, null, null, ZB1, null, null, 1, 1, S1000D4.0, 11111, D, -//S1000D-AAA-D00-00-00-00AA-022A-D//en-US, zh, CN
<==      Total: 1
Closing non transactional SqlSession [org.apache.ibatis.session.defaults.DefaultSqlSession@64899c1]
Creating a new SqlSession
SqlSession [org.apache.ibatis.session.defaults.DefaultSqlSession@7ec763e4] was not registered for synchronization because synchronization is not active
original SQL: SELECT  id,create_by,create_time,update_by,update_time,sys_org_code,company_code,company_name,company_agent_code,type,pid,description,security  FROM ietm_project_company 
 
 WHERE (pid = ?)
SQL to parse, SQL: SELECT  id,create_by,create_time,update_by,update_time,sys_org_code,company_code,company_name,company_agent_code,type,pid,description,security  FROM ietm_project_company 
 
 WHERE (pid = ?)
parse the finished SQL: SELECT id, create_by, create_time, update_by, update_time, sys_org_code, company_code, company_name, company_agent_code, type, pid, description, security FROM ietm_project_company WHERE (pid = ?)
JDBC Connection [dm.jdbc.driver.DmdbConnection@2d3edb0b] will not be managed by Spring
==>  Preparing: SELECT id, create_by, create_time, update_by, update_time, sys_org_code, company_code, company_name, company_agent_code, type, pid, description, security FROM ietm_project_company WHERE (pid = ?)
==> Parameters: 2078348945532030978(String)
<==    Columns: id, create_by, create_time, update_by, update_time, sys_org_code, company_code, company_name, company_agent_code, TYPE, pid, description, security
<==        Row: 2078348945615917057, admin, 2026-07-18 13:19:37.000000, admin, 2026-08-02 14:50:03.871000, A01, 30101, 301, null, 1, 2078348945532030978, null, 1
<==        Row: 2078348945615917058, admin, 2026-07-18 13:19:37.000000, admin, 2026-08-02 14:50:03.891000, A01, 60101, 601, C, 2, 2078348945532030978, null, 1
<==      Total: 2
Closing non transactional SqlSession [org.apache.ibatis.session.defaults.DefaultSqlSession@7ec763e4]
2026-08-08 14:18:13.228 [http-nio-9999-exec-3] [34mINFO [0;39m [36mo.j.m.i.p.controller.IetmProjectController:470[0;39m - 用户[admin]打开项目[项目1]
Creating a new SqlSession
SqlSession [org.apache.ibatis.session.defaults.DefaultSqlSession@5ad787c0] was not registered for synchronization because synchronization is not active
JDBC Connection [dm.jdbc.driver.DmdbConnection@2d3edb0b] will not be managed by Spring
==>  Preparing: insert into sys_log (id, log_type, log_content, method, operate_type, request_url, request_type, request_param, ip, userid, username, cost_time, create_time,create_by) values( ?, ?, ?, ?, ?, ?, ?, ?, ?, ?, ?, ?, ?, ? )
==> Parameters: 2085973838859837441(String), 2(Integer), 手册管理-手册项目管理列表-打开项目(String), org.jeecg.modules.ietm.projectmanagement.controller.IetmProjectController.openProject()(String), 1(Integer), null, null, [{"projectId":"2078348945532030978"}](String), 0:0:0:0:0:0:0:1(String), admin(String), 管理员(String), 51(Long), 2026-08-08 14:18:13.36(Timestamp), null
<==    Updates: 1
Closing non transactional SqlSession [org.apache.ibatis.session.defaults.DefaultSqlSession@5ad787c0]
2026-08-08 14:18:18.613 [http-nio-9999-exec-6] [34mINFO [0;39m [36mo.j.m.i.p.c.IetmProjectConfigurationManagementController:83[0;39m - 查询构型列表，projectId=2078348945532030978
2026-08-08 14:18:18.640 [http-nio-9999-exec-6] [34mINFO [0;39m [36morg.jeecg.common.system.query.QueryGenerator:648[0;39m - ---查询过滤器，Query规则---field:project_id, rule:=, value:2078348945532030978
2026-08-08 14:18:18.658 [http-nio-9999-exec-6] [34mINFO [0;39m [36morg.jeecg.common.system.query.QueryGenerator:241[0;39m - 排序规则>>列:null,排序方式:null
Creating a new SqlSession
SqlSession [org.apache.ibatis.session.defaults.DefaultSqlSession@2c2469af] was not registered for synchronization because synchronization is not active
original SQL: SELECT  id,create_by,create_time,update_by,update_time,sys_org_code,project_id,pid,code,title,seq,path,update_ip,version,status,security,has_child  FROM ietm_project_configuration_management 
 
 WHERE (project_id = ? AND pid = ? AND project_id = ?)
SQL to parse, SQL: SELECT  id,create_by,create_time,update_by,update_time,sys_org_code,project_id,pid,code,title,seq,path,update_ip,version,status,security,has_child  FROM ietm_project_configuration_management 
 
 WHERE (project_id = ? AND pid = ? AND project_id = ?)
parse the finished SQL: SELECT id, create_by, create_time, update_by, update_time, sys_org_code, project_id, pid, code, title, seq, path, update_ip, version, status, security, has_child FROM ietm_project_configuration_management WHERE (project_id = ? AND pid = ? AND project_id = ?)
JDBC Connection [dm.jdbc.driver.DmdbConnection@2d3edb0b] will not be managed by Spring
==>  Preparing: SELECT COUNT(*) AS total FROM ietm_project_configuration_management WHERE (project_id = ? AND pid = ? AND project_id = ?)
==> Parameters: 2078348945532030978(String), 0(String), 2078348945532030978(String)
<==    Columns: total
<==        Row: 1
<==      Total: 1
==>  Preparing: SELECT * FROM ( SELECT TMP.*, ROWNUM ROW_ID FROM ( SELECT id, create_by, create_time, update_by, update_time, sys_org_code, project_id, pid, code, title, seq, path, update_ip, version, status, security, has_child FROM ietm_project_configuration_management WHERE (project_id = ? AND pid = ? AND project_id = ?) ) TMP WHERE ROWNUM <=?) WHERE ROW_ID > ?
==> Parameters: 2078348945532030978(String), 0(String), 2078348945532030978(String), 10(Long), 0(Long)
<==    Columns: id, create_by, create_time, update_by, update_time, sys_org_code, project_id, pid, code, title, seq, PATH, update_ip, version, status, security, has_child, ROW_ID
<==        Row: 2078349029430693889, admin, 2026-07-18 13:19:57.140000, admin, 2026-07-18 14:05:13.455000, A01, 2078348945532030978, 0, ZB1, 项目1, null, ZB1-A-00-0-0-00-00-A, null, null, null, 1, 1, 1
<==      Total: 1
Closing non transactional SqlSession [org.apache.ibatis.session.defaults.DefaultSqlSession@2c2469af]
2026-08-08 14:18:19.033 [http-nio-9999-exec-10] [34mINFO [0;39m [36morg.jeecg.common.system.query.QueryGenerator:648[0;39m - ---查询过滤器，Query规则---field:project_id, rule:=, value:2078348945532030978
2026-08-08 14:18:19.038 [http-nio-9999-exec-10] [34mINFO [0;39m [36morg.jeecg.common.system.query.QueryGenerator:241[0;39m - 排序规则>>列:null,排序方式:null
2026-08-08 14:18:19.040 [http-nio-9999-exec-10] [34mINFO [0;39m [36mo.j.m.i.p.c.IetmProjectConfigurationManagementController:263[0;39m - 查询子节点，pid=null, projectId=2078348945532030978
Creating a new SqlSession
SqlSession [org.apache.ibatis.session.defaults.DefaultSqlSession@60ea3b22] was not registered for synchronization because synchronization is not active
original SQL: SELECT  id,create_by,create_time,update_by,update_time,sys_org_code,project_id,pid,code,title,seq,path,update_ip,version,status,security,has_child  FROM ietm_project_configuration_management 
 
 WHERE (project_id = ? AND project_id = ?)
SQL to parse, SQL: SELECT  id,create_by,create_time,update_by,update_time,sys_org_code,project_id,pid,code,title,seq,path,update_ip,version,status,security,has_child  FROM ietm_project_configuration_management 
 
 WHERE (project_id = ? AND project_id = ?)
parse the finished SQL: SELECT id, create_by, create_time, update_by, update_time, sys_org_code, project_id, pid, code, title, seq, path, update_ip, version, status, security, has_child FROM ietm_project_configuration_management WHERE (project_id = ? AND project_id = ?)
JDBC Connection [dm.jdbc.driver.DmdbConnection@2d3edb0b] will not be managed by Spring
==>  Preparing: SELECT id, create_by, create_time, update_by, update_time, sys_org_code, project_id, pid, code, title, seq, path, update_ip, version, status, security, has_child FROM ietm_project_configuration_management WHERE (project_id = ? AND project_id = ?)
==> Parameters: 2078348945532030978(String), 2078348945532030978(String)
<==    Columns: id, create_by, create_time, update_by, update_time, sys_org_code, project_id, pid, code, title, seq, PATH, update_ip, version, status, security, has_child
<==        Row: 2078349029430693889, admin, 2026-07-18 13:19:57.140000, admin, 2026-07-18 14:05:13.455000, A01, 2078348945532030978, 0, ZB1, 项目1, null, ZB1-A-00-0-0-00-00-A, null, null, null, 1, 1
<==        Row: 2078360422452240386, admin, 2026-07-18 14:05:13.435000, admin, 2026-07-18 14:05:13.545000, A01, 2078348945532030978, 2078349029430693889, A, 《内置构型》, null, ZB1-A-00-0-0-00-00-A, null, null, null, 1, 1
<==        Row: 2078360422867476482, admin, 2026-07-18 14:05:13.552000, admin, 2026-07-18 14:05:13.664000, A01, 2078348945532030978, 2078360422452240386, 00, 说明（总论）, 1, ZB1-A-00-0-0-00-00-A, null, null, null, 1, 1
<==        Row: 2078360423412736002, admin, 2026-07-18 14:05:13.674000, null, null, A01, 2078348945532030978, 2078360422867476482, 1, 一般性维修, 1, ZB1-A-00-1-0-00-00-A, null, null, null, 1, 0
<==        Row: 2078360423991549953, admin, 2026-07-18 14:05:13.825000, null, null, A01, 2078348945532030978, 2078360422867476482, 2, 安全, 2, ZB1-A-00-2-0-00-00-A, null, null, null, 1, 0
<==        Row: 2078360424473894914, admin, 2026-07-18 14:05:13.933000, null, null, A01, 2078348945532030978, 2078360422867476482, 3, 安全和防护设施, 3, ZB1-A-00-3-0-00-00-A, null, null, null, 1, 0
<==        Row: 2078360424964628481, admin, 2026-07-18 14:05:14.045000, admin, 2026-07-18 14:05:14.180000, A01, 2078348945532030978, 2078360422867476482, 4, 技术出版物, 4, ZB1-A-00-4-0-00-00-A, null, null, null, 1, 1
<==        Row: 2078360425585385473, admin, 2026-07-18 14:05:14.188000, null, null, A01, 2078348945532030978, 2078360424964628481, 1, 出版信息, 1, ZB1-A-00-4-1-00-00-A, null, null, null, 1, 0
<==        Row: 2078360426013204481, admin, 2026-07-18 14:05:14.312000, null, null, A01, 2078348945532030978, 2078360424964628481, 2, 信息集合, 2, ZB1-A-00-4-2-00-00-A, null, null, null, 1, 0
<==        Row: 2078360426571046913, admin, 2026-07-18 14:05:14.424000, null, null, A01, 2078348945532030978, 2078360422867476482, 5, 物资数据, 5, ZB1-A-00-5-0-00-00-A, null, null, null, 1, 0
<==        Row: 2078360427061780482, admin, 2026-07-18 14:05:14.539000, null, null, A01, 2078348945532030978, 2078360422867476482, 6, 项目自定义, 6, ZB1-A-00-6-0-00-00-A, null, null, null, 1, 0
<==        Row: 2078360427556708354, admin, 2026-07-18 14:05:14.661000, null, null, A01, 2078348945532030978, 2078360422867476482, 7, 项目自定义, 7, ZB1-A-00-7-0-00-00-A, null, null, null, 1, 0
<==        Row: 2078360428181659650, admin, 2026-07-18 14:05:14.808000, null, null, A01, 2078348945532030978, 2078360422867476482, 8, 项目自定义, 8, ZB1-A-00-8-0-00-00-A, null, null, null, 1, 0
<==        Row: 2078360428668198914, admin, 2026-07-18 14:05:14.926000, null, null, A01, 2078348945532030978, 2078360422867476482, 9, 战斗损伤修理, 9, ZB1-A-00-9-0-00-00-A, null, null, null, 1, 0
<==        Row: 2078360429075046402, admin, 2026-07-18 14:05:15.027000, admin, 2026-07-18 14:05:15.145000, A01, 2078348945532030978, 2078360422452240386, 01, 项目自定义, 2, ZB1-A-01-0-0-00-00-A, null, null, null, 1, 1
<==        Row: 2078360429653860353, admin, 2026-07-18 14:05:15.157000, null, null, A01, 2078348945532030978, 2078360429075046402, 1, 测试, 1, ZB1-A-01-1-0-00-00-A, null, null, null, 1, 0
<==        Row: 2078360430056513538, admin, 2026-07-18 14:05:15.260000, null, null, A01, 2078348945532030978, 2078360422452240386, 02, 项目自定义, 3, ZB1-A-02-0-0-00-00-A, null, null, null, 1, 0
<==        Row: 2078360430551441409, admin, 2026-07-18 14:05:15.380000, null, null, A01, 2078348945532030978, 2078360422452240386, 03, 项目自定义, 4, ZB1-A-03-0-0-00-00-A, null, null, null, 1, 0
<==        Row: 2078360430966677506, admin, 2026-07-18 14:05:15.474000, admin, 2026-07-18 14:05:15.603000, A01, 2078348945532030978, 2078360422452240386, 04, 使用限制（总论）, 5, ZB1-A-04-0-0-00-00-A, null, null, null, 1, 1
<==        Row: 2078360431532908545, admin, 2026-07-18 14:05:15.606000, null, null, A01, 2078348945532030978, 2078360430966677506, 1, 疲劳参数计算, 1, ZB1-A-04-1-0-00-00-A, null, null, null, 1, 0
<==        Row: 2078360432015253506, admin, 2026-07-18 14:05:15.723000, null, null, A01, 2078348945532030978, 2078360430966677506, 2, 使用范围, 2, ZB1-A-04-2-0-00-00-A, null, null, null, 1, 0
<==        Row: 2078360432434683906, admin, 2026-07-18 14:05:15.829000, admin, 2026-07-18 14:05:15.946000, A01, 2078348945532030978, 2078360422452240386, 05, 计划/非计划维修（总论）, 6, ZB1-A-05-0-0-00-00-A, null, null, null, 1, 1
<==        Row: 2078360432992526338, admin, 2026-07-18 14:05:15.956000, null, null, A01, 2078348945532030978, 2078360432434683906, 1, 时限, 1, ZB1-A-05-1-0-00-00-A, null, null, null, 1, 0
<==        Row: 2078360433370013698, admin, 2026-07-18 14:05:16.067000, null, null, A01, 2078348945532030978, 2078360432434683906, 2, 维修检查清单, 2, ZB1-A-05-2-0-00-00-A, null, null, null, 1, 0
<==        Row: 2078360433978187778, admin, 2026-07-18 14:05:16.192000, null, null, A01, 2078348945532030978, 2078360432434683906, 3, 项目自定义, 3, ZB1-A-05-3-0-00-00-A, null, null, null, 1, 0
<==        Row: 2078360434540224514, admin, 2026-07-18 14:05:16.322000, null, null, A01, 2078348945532030978, 2078360432434683906, 4, 计划性维修检查, 4, ZB1-A-05-4-0-00-00-A, null, null, null, 1, 0
<==        Row: 2078360435123232770, admin, 2026-07-18 14:05:16.461000, null, null, A01, 2078348945532030978, 2078360432434683906, 5, 非计划性维修检查, 5, ZB1-A-05-5-0-00-00-A, null, null, null, 1, 0
<==        Row: 2078360435668492290, admin, 2026-07-18 14:05:16.597000, null, null, A01, 2078348945532030978, 2078360432434683906, 6, 验收和功能性检查, 6, ZB1-A-05-6-0-00-00-A, null, null, null, 1, 0
<==        Row: 2078360436142448641, admin, 2026-07-18 14:05:16.716000, admin, 2026-07-18 14:05:16.842000, A01, 2078348945532030978, 2078360422452240386, 06, 尺寸和区域（总论）, 7, ZB1-A-06-0-0-00-00-A, null, null, null, 1, 1
<==        Row: 2078360436721262593, admin, 2026-07-18 14:05:16.851000, null, null, A01, 2078348945532030978, 2078360436142448641, 1, 主要尺寸, 1, ZB1-A-06-1-0-00-00-A, null, null, null, 1, 0
<==        Row: 2078360437274910722, admin, 2026-07-18 14:05:16.983000, null, null, A01, 2078348945532030978, 2078360436142448641, 2, 参考线, 2, ZB1-A-06-2-0-00-00-A, null, null, null, 1, 0
<==        Row: 2078360437832753154, admin, 2026-07-18 14:05:17.119000, null, null, A01, 2078348945532030978, 2078360436142448641, 3, 区域划分, 3, ZB1-A-06-3-0-00-00-A, null, null, null, 1, 0
<==        Row: 2078360438386401281, admin, 2026-07-18 14:05:17.247000, null, null, A01, 2078348945532030978, 2078360436142448641, 4, 口盖, 4, ZB1-A-06-4-0-00-00-A, null, null, null, 1, 0
<==        Row: 2078360438814220289, admin, 2026-07-18 14:05:17.349000, admin, 2026-07-18 14:05:17.467000, A01, 2078348945532030978, 2078360422452240386, 07, 顶起、支撑、恢复和运输（总论）, 8, ZB1-A-07-0-0-00-00-A, null, null, null, 1, 1
<==        Row: 2078360439359479809, admin, 2026-07-18 14:05:17.473000, null, null, A01, 2078348945532030978, 2078360438814220289, 1, 顶起, 1, ZB1-A-07-1-0-00-00-A, null, null, null, 1, 0
<==        Row: 2078360439850213377, admin, 2026-07-18 14:05:17.601000, null, null, A01, 2078348945532030978, 2078360438814220289, 2, 支撑, 2, ZB1-A-07-2-0-00-00-A, null, null, null, 1, 0
<==        Row: 2078360440420638722, admin, 2026-07-18 14:05:17.726000, null, null, A01, 2078348945532030978, 2078360438814220289, 3, 吊挂, 3, ZB1-A-07-3-0-00-00-A, null, null, null, 1, 0
<==        Row: 2078360440974286849, admin, 2026-07-18 14:05:17.863000, null, null, A01, 2078348945532030978, 2078360438814220289, 4, 恢复, 4, ZB1-A-07-4-0-00-00-A, null, null, null, 1, 0
<==        Row: 2078360441532129281, admin, 2026-07-18 14:05:17.999000, null, null, A01, 2078348945532030978, 2078360438814220289, 5, 运输, 5, ZB1-A-07-5-0-00-00-A, null, null, null, 1, 0
<==        Row: 2078360441947365378, admin, 2026-07-18 14:05:18.100000, admin, 2026-07-18 14:05:18.224000, A01, 2078348945532030978, 2078360422452240386, 08, 调平和称重（总论）, 9, ZB1-A-08-0-0-00-00-A, null, null, null, 1, 1
<==        Row: 2078360442517790721, admin, 2026-07-18 14:05:18.232000, null, null, A01, 2078348945532030978, 2078360441947365378, 1, 重量和平衡, 1, ZB1-A-08-1-0-00-00-A, null, null, null, 1, 0
<==        Row: 2078360443071438849, admin, 2026-07-18 14:05:18.351000, null, null, A01, 2078348945532030978, 2078360441947365378, 2, 水平测量, 2, ZB1-A-08-2-0-00-00-A, null, null, null, 1, 0
<==        Row: 2078360443486674946, admin, 2026-07-18 14:05:18.456000, null, null, A01, 2078348945532030978, 2078360441947365378, 3, 称重, 3, ZB1-A-08-3-0-00-00-A, null, null, null, 1, 0
<==        Row: 2078360444099043330, admin, 2026-07-18 14:05:18.609000, null, null, A01, 2078348945532030978, 2078360441947365378, 4, 重量和重心数据, 4, ZB1-A-08-4-0-00-00-A, null, null, null, 1, 0
<==        Row: 2078360444614942721, admin, 2026-07-18 14:05:18.742000, null, null, A01, 2078348945532030978, 2078360441947365378, 5, 静态稳定性, 5, ZB1-A-08-5-0-00-00-A, null, null, null, 1, 0
<==        Row: 2078360445403471874, admin, 2026-07-18 14:05:18.910000, admin, 2026-07-18 14:05:19.061000, A01, 2078348945532030978, 2078360422452240386, 09, 牵引和滑行（总论）, 10, ZB1-A-09-0-0-00-00-A, null, null, null, 1, 1
<==        Row: 2078360446007451650, admin, 2026-07-18 14:05:19.070000, null, null, A01, 2078348945532030978, 2078360445403471874, 1, 牵引, 1, ZB1-A-09-1-0-00-00-A, null, null, null, 1, 0
<==        Row: 2078360446615625730, admin, 2026-07-18 14:05:19.205000, null, null, A01, 2078348945532030978, 2078360445403471874, 2, 滑行, 2, ZB1-A-09-2-0-00-00-A, null, null, null, 1, 0
<==        Row: 2078360447001501698, admin, 2026-07-18 14:05:19.307000, admin, 2026-07-18 14:05:19.423000, A01, 2078348945532030978, 2078360422452240386, 10, 停放、系留、存放和恢复使用（总论）, 11, ZB1-A-10-0-0-00-00-A, null, null, null, 1, 1
<==        Row: 2078360447538372609, admin, 2026-07-18 14:05:19.429000, null, null, A01, 2078348945532030978, 2078360447001501698, 1, 停放, 1, ZB1-A-10-1-0-00-00-A, null, null, null, 1, 0
<==        Row: 2078360448066854913, admin, 2026-07-18 14:05:19.545000, null, null, A01, 2078348945532030978, 2078360447001501698, 2, 系留, 2, ZB1-A-10-2-0-00-00-A, null, null, null, 1, 0
<==        Row: 2078360448524034050, admin, 2026-07-18 14:05:19.662000, null, null, A01, 2078348945532030978, 2078360447001501698, 3, 存放, 3, ZB1-A-10-3-0-00-00-A, null, null, null, 1, 0
<==        Row: 2078360448985407490, admin, 2026-07-18 14:05:19.770000, null, null, A01, 2078348945532030978, 2078360447001501698, 4, 恢复使用, 4, ZB1-A-10-4-0-00-00-A, null, null, null, 1, 0
<==        Row: 2078360449325146113, admin, 2026-07-18 14:05:19.849000, admin, 2026-07-18 14:05:19.957000, A01, 2078348945532030978, 2078360422452240386, 11, 标牌和标志（总论）, 12, ZB1-A-11-0-0-00-00-A, null, null, null, 1, 1
<==        Row: 2078360449786519553, admin, 2026-07-18 14:05:19.960000, null, null, A01, 2078348945532030978, 2078360449325146113, 1, 外部配色方案和标志, 1, ZB1-A-11-1-0-00-00-A, null, null, null, 1, 0
<==        Row: 2078360450176589826, admin, 2026-07-18 14:05:20.059000, null, null, A01, 2078348945532030978, 2078360449325146113, 2, 外部标牌和标志, 2, ZB1-A-11-2-0-00-00-A, null, null, null, 1, 0
<==        Row: 2078360450658934785, admin, 2026-07-18 14:05:20.167000, null, null, A01, 2078348945532030978, 2078360449325146113, 3, 内部标牌和标志, 3, ZB1-A-11-3-0-00-00-A, null, null, null, 1, 0
<==        Row: 2078360451040616449, admin, 2026-07-18 14:05:20.261000, admin, 2026-07-18 14:05:20.369000, A01, 2078348945532030978, 2078360422452240386, 12, 保养（总论）, 13, ZB1-A-12-0-0-00-00-A, null, null, null, 1, 1
<==        Row: 2078360451728482305, admin, 2026-07-18 14:05:20.423000, null, null, A01, 2078348945532030978, 2078360451040616449, 1, 补充和损耗, 1, ZB1-A-12-1-0-00-00-A, null, null, null, 1, 0
<==        Row: 2078360452458291202, admin, 2026-07-18 14:05:20.596000, null, null, A01, 2078348945532030978, 2078360451040616449, 2, 定期保养, 2, ZB1-A-12-2-0-00-00-A, null, null, null, 1, 0
<==        Row: 2078360453204877313, admin, 2026-07-18 14:05:20.770000, null, null, A01, 2078348945532030978, 2078360451040616449, 3, 非定期保养, 3, ZB1-A-12-3-0-00-00-A, null, null, null, 1, 0
<==        Row: 2078360453657862146, admin, 2026-07-18 14:05:20.882000, null, null, A01, 2078348945532030978, 2078360422452240386, 13, 项目自定义, 14, ZB1-A-13-0-0-00-00-A, null, null, null, 1, 0
<==        Row: 2078360454119235585, admin, 2026-07-18 14:05:20.992000, admin, 2026-07-18 14:05:21.148000, A01, 2078348945532030978, 2078360422452240386, 14, 装卸（总论）, 15, ZB1-A-14-0-0-00-00-A, null, null, null, 1, 1
<==        Row: 2078360454802907137, admin, 2026-07-18 14:05:21.159000, null, null, A01, 2078348945532030978, 2078360454119235585, 1, 地面设备, 1, ZB1-A-14-1-0-00-00-A, null, null, null, 1, 0
<==        Row: 2078360455310417922, admin, 2026-07-18 14:05:21.274000, null, null, A01, 2078348945532030978, 2078360454119235585, 2, 货物, 2, ZB1-A-14-2-0-00-00-A, null, null, null, 1, 0
<==        Row: 2078360455683710977, admin, 2026-07-18 14:05:21.395000, admin, 2026-07-18 14:05:21.563000, A01, 2078348945532030978, 2078360454119235585, 3, 物品出入库的装卸, 3, ZB1-A-14-3-0-00-00-A, null, null, null, 1, 1
<==        Row: 2078360456577097729, admin, 2026-07-18 14:05:21.572000, null, null, A01, 2078348945532030978, 2078360455683710977, 1, 基本信息, 1, ZB1-A-14-3-1-00-00-A, null, null, null, 1, 0
<==        Row: 2078360457365626881, admin, 2026-07-18 14:05:21.771000, null, null, A01, 2078348945532030978, 2078360455683710977, 2, 附加信息, 2, ZB1-A-14-3-2-00-00-A, null, null, null, 1, 0
<==        Row: 2078360458149961729, admin, 2026-07-18 14:05:21.953000, null, null, A01, 2078348945532030978, 2078360455683710977, 3, 装载程序, 3, ZB1-A-14-3-3-00-00-A, null, null, null, 1, 0
<==        Row: 2078360458900742146, admin, 2026-07-18 14:05:22.134000, null, null, A01, 2078348945532030978, 2078360455683710977, 4, 卸载程序, 4, ZB1-A-14-3-4-00-00-A, null, null, null, 1, 0
<==        Row: 2078360459693465602, admin, 2026-07-18 14:05:22.323000, null, null, A01, 2078348945532030978, 2078360455683710977, 5, 装卸程序检查清单, 5, ZB1-A-14-3-5-00-00-A, null, null, null, 1, 0
<==        Row: 2078360460209364993, admin, 2026-07-18 14:05:22.454000, admin, 2026-07-18 14:05:22.619000, A01, 2078348945532030978, 2078360454119235585, 4, 非核装备, 4, ZB1-A-14-4-0-00-00-A, null, null, null, 1, 1
<==        Row: 2078360460893036546, admin, 2026-07-18 14:05:22.627000, null, null, A01, 2078348945532030978, 2078360460209364993, 1, 基本信息, 1, ZB1-A-14-4-1-00-00-A, null, null, null, 1, 0
<==        Row: 2078360461580902402, admin, 2026-07-18 14:05:22.779000, null, null, A01, 2078348945532030978, 2078360460209364993, 2, 附加信息, 2, ZB1-A-14-4-2-00-00-A, null, null, null, 1, 0
<==        Row: 2078360462226825217, admin, 2026-07-18 14:05:22.943000, null, null, A01, 2078348945532030978, 2078360460209364993, 3, 装载程序, 3, ZB1-A-14-4-3-00-00-A, null, null, null, 1, 0
<==        Row: 2078360462876942337, admin, 2026-07-18 14:05:23.100000, null, null, A01, 2078348945532030978, 2078360460209364993, 4, 卸载程序, 4, ZB1-A-14-4-4-00-00-A, null, null, null, 1, 0
<==        Row: 2078360463560613890, admin, 2026-07-18 14:05:23.245000, null, null, A01, 2078348945532030978, 2078360460209364993, 5, 装卸程序检查清单, 5, ZB1-A-14-4-5-00-00-A, null, null, null, 1, 0
<==        Row: 2078360464160399362, admin, 2026-07-18 14:05:23.408000, null, null, A01, 2078348945532030978, 2078360460209364993, 6, 综合战转换程序, 6, ZB1-A-14-4-6-00-00-A, null, null, null, 1, 0
<==        Row: 2078360464890208258, admin, 2026-07-18 14:05:23.562000, null, null, A01, 2078348945532030978, 2078360460209364993, 7, 综合战转换程序检查清单, 7, ZB1-A-14-4-7-00-00-A, null, null, null, 1, 0
<==        Row: 2078360465565491201, admin, 2026-07-18 14:05:23.723000, null, null, A01, 2078348945532030978, 2078360460209364993, 8, 交互保养检查单, 8, ZB1-A-14-4-8-00-00-A, null, null, null, 1, 0
<==        Row: 2078360466056224769, admin, 2026-07-18 14:05:23.869000, null, null, A01, 2078348945532030978, 2078360460209364993, 9, 核装备, 9, ZB1-A-14-4-9-00-00-A, null, null, null, 1, 0
<==        Row: 2078360466605678593, admin, 2026-07-18 14:05:23.974000, admin, 2026-07-18 14:05:24.111000, A01, 2078348945532030978, 2078360422452240386, 15, 操作信息（总论）, 16, ZB1-A-15-0-0-00-00-A, null, null, null, 1, 1
<==        Row: 2078360467176103937, admin, 2026-07-18 14:05:24.123000, null, null, A01, 2078348945532030978, 2078360466605678593, 1, 放行/操作限制, 1, ZB1-A-15-1-0-00-00-A, null, null, null, 1, 0
<==        Row: 2078360467708780546, admin, 2026-07-18 14:05:24.242000, null, null, A01, 2078348945532030978, 2078360466605678593, 2, 操作特性, 2, ZB1-A-15-2-0-00-00-A, null, null, null, 1, 0
<==        Row: 2078360468182736898, admin, 2026-07-18 14:05:24.363000, null, null, A01, 2078348945532030978, 2078360466605678593, 3, 正常程序, 3, ZB1-A-15-3-0-00-00-A, null, null, null, 1, 0
<==        Row: 2078360468799299586, admin, 2026-07-18 14:05:24.490000, admin, 2026-07-18 14:05:24.630000, A01, 2078348945532030978, 2078360466605678593, 4, 应急程序, 4, ZB1-A-15-4-0-00-00-A, null, null, null, 1, 1
<==        Row: 2078360469369724930, admin, 2026-07-18 14:05:24.638000, null, null, A01, 2078348945532030978, 2078360468799299586, 1, 概述, 1, ZB1-A-15-4-1-00-00-A, null, null, null, 1, 0
<==        Row: 2078360469994676226, admin, 2026-07-18 14:05:24.777000, null, null, A01, 2078348945532030978, 2078360468799299586, 2, 地面应急程序, 2, ZB1-A-15-4-2-00-00-A, null, null, null, 1, 0
<==        Row: 2078360470577684482, admin, 2026-07-18 14:05:24.920000, null, null, A01, 2078348945532030978, 2078360468799299586, 3, 解除应急状态程序, 3, ZB1-A-15-4-3-00-00-A, null, null, null, 1, 0
<==        Row: 2078360470976143361, admin, 2026-07-18 14:05:25.072000, null, null, A01, 2078348945532030978, 2078360468799299586, 4, 应急程序相关系统, 4, ZB1-A-15-4-4-00-00-A, null, null, null, 1, 0
<==        Row: 2078360471949221889, admin, 2026-07-18 14:05:25.239000, null, null, A01, 2078348945532030978, 2078360468799299586, 5, 单个或多重的发动机故障, 5, ZB1-A-15-4-5-00-00-A, null, null, null, 1, 0
<==        Row: 2078360472569978882, admin, 2026-07-18 14:05:25.391000, null, null, A01, 2078348945532030978, 2078360468799299586, 6, 抵达/离开应急程序, 6, ZB1-A-15-4-6-00-00-A, null, null, null, 1, 0
<==        Row: 2078360473115238402, admin, 2026-07-18 14:05:25.527000, null, null, A01, 2078348945532030978, 2078360468799299586, 7, 控制系统失效, 7, ZB1-A-15-4-7-00-00-A, null, null, null, 1, 0
<==        Row: 2078360473761161217, admin, 2026-07-18 14:05:25.673000, null, null, A01, 2078348945532030978, 2078360468799299586, 8, 其它应急程序或失效状况, 8, ZB1-A-15-4-8-00-00-A, null, null, null, 1, 0
<==        Row: 2078360473937321985, admin, 2026-07-18 14:05:25.825000, null, null, A01, 2078348945532030978, 2078360468799299586, 9, 多功能显示器给出的紧急情况信息, 9, ZB1-A-15-4-9-00-00-A, null, null, null, 1, 0
<==        Row: 2078360475128504321, admin, 2026-07-18 14:05:25.997000, null, null, A01, 2078348945532030978, 2078360466605678593, 5, 特殊条件, 5, ZB1-A-15-5-0-00-00-A, null, null, null, 1, 0
<==        Row: 2078360475636015105, admin, 2026-07-18 14:05:26.128000, null, null, A01, 2078348945532030978, 2078360466605678593, 6, 性能数据, 6, ZB1-A-15-6-0-00-00-A, null, null, null, 1, 0
<==        Row: 2078360476122554370, admin, 2026-07-18 14:05:26.243000, null, null, A01, 2078348945532030978, 2078360466605678593, 7, 任务操作程序, 7, ZB1-A-15-7-0-00-00-A, null, null, null, 1, 0
<==        Row: 2078360477452148738, admin, 2026-07-18 14:05:26.553000, null, null, A01, 2078348945532030978, 2078360466605678593, 8, 构型, 8, ZB1-A-15-8-0-00-00-A, null, null, null, 1, 0
<==        Row: 2078360477879967745, admin, 2026-07-18 14:05:26.657000, admin, 2026-07-18 14:05:26.781000, A01, 2078348945532030978, 2078360422452240386, 16, 任务变更（总论）, 17, ZB1-A-16-0-0-00-00-A, null, null, null, 1, 1
<==        Row: 2078360478450393090, admin, 2026-07-18 14:05:26.791000, null, null, A01, 2078348945532030978, 2078360477879967745, 1, 任务变更, 1, ZB1-A-16-1-0-00-00-A, null, null, null, 1, 0
<==        Row: 2078360478882406402, admin, 2026-07-18 14:05:26.894000, null, null, A01, 2078348945532030978, 2078360422452240386, 17, 项目自定义, 18, ZB1-A-17-0-0-00-00-A, null, null, null, 1, 0
<==        Row: 2078360479234727938, admin, 2026-07-18 14:05:26.986000, admin, 2026-07-18 14:05:27.120000, A01, 2078348945532030978, 2078360422452240386, 18, 震动、噪音分析与衰减（总论）, 19, ZB1-A-18-0-0-00-00-A, null, null, null, 1, 1
<==        Row: 2078360479863873537, admin, 2026-07-18 14:05:27.128000, null, null, A01, 2078348945532030978, 2078360479234727938, 1, 震动分析, 1, ZB1-A-18-1-0-00-00-A, null, null, null, 1, 0
<==        Row: 2078360480434298881, admin, 2026-07-18 14:05:27.275000, null, null, A01, 2078348945532030978, 2078360479234727938, 2, 噪音分析, 2, ZB1-A-18-2-0-00-00-A, null, null, null, 1, 0
<==        Row: 2078360480929226754, admin, 2026-07-18 14:05:27.402000, null, null, A01, 2078348945532030978, 2078360479234727938, 3, 有源衰减/激励, 3, ZB1-A-18-3-0-00-00-A, null, null, null, 1, 0
<==        Row: 2078360481562566658, admin, 2026-07-18 14:05:27.535000, null, null, A01, 2078348945532030978, 2078360479234727938, 4, 传感器, 4, ZB1-A-18-4-0-00-00-A, null, null, null, 1, 0
<==        Row: 2078360482091048962, admin, 2026-07-18 14:05:27.661000, null, null, A01, 2078348945532030978, 2078360479234727938, 5, 控制/计算, 5, ZB1-A-18-5-0-00-00-A, null, null, null, 1, 0
<==        Row: 2078360482648891394, admin, 2026-07-18 14:05:27.800000, null, null, A01, 2078348945532030978, 2078360479234727938, 6, 无源衰减, 6, ZB1-A-18-6-0-00-00-A, null, null, null, 1, 0
<==        Row: 2078360483554861058, admin, 2026-07-18 14:05:28.008000, null, null, A01, 2078348945532030978, 2078360422452240386, 19, 项目自定义, 20, ZB1-A-19-0-0-00-00-A, null, null, null, 1, 0
<==        Row: 2078360483936542722, admin, 2026-07-18 14:05:28.110000, null, null, A01, 2078348945532030978, 2078360422452240386, 20, 项目自定义, 21, ZB1-A-20-0-0-00-00-A, null, null, null, 1, 0
<==      Total: 111
Closing non transactional SqlSession [org.apache.ibatis.session.defaults.DefaultSqlSession@60ea3b22]
2026-08-08 14:18:19.251 [http-nio-9999-exec-9] [34mINFO [0;39m [36morg.jeecg.common.system.query.QueryGenerator:648[0;39m - ---查询过滤器，Query规则---field:project_id, rule:=, value:2078348945532030978
2026-08-08 14:18:19.260 [http-nio-9999-exec-9] [34mINFO [0;39m [36morg.jeecg.common.system.query.QueryGenerator:241[0;39m - 排序规则>>列:null,排序方式:null
2026-08-08 14:18:19.260 [http-nio-9999-exec-9] [34mINFO [0;39m [36mo.j.m.i.p.c.IetmProjectConfigurationManagementController:263[0;39m - 查询子节点，pid=null, projectId=2078348945532030978
Creating a new SqlSession
SqlSession [org.apache.ibatis.session.defaults.DefaultSqlSession@3ec12b4] was not registered for synchronization because synchronization is not active
original SQL: SELECT  id,create_by,create_time,update_by,update_time,sys_org_code,project_id,pid,code,title,seq,path,update_ip,version,status,security,has_child  FROM ietm_project_configuration_management 
 
 WHERE (project_id = ? AND project_id = ?)
SQL to parse, SQL: SELECT  id,create_by,create_time,update_by,update_time,sys_org_code,project_id,pid,code,title,seq,path,update_ip,version,status,security,has_child  FROM ietm_project_configuration_management 
 
 WHERE (project_id = ? AND project_id = ?)
parse the finished SQL: SELECT id, create_by, create_time, update_by, update_time, sys_org_code, project_id, pid, code, title, seq, path, update_ip, version, status, security, has_child FROM ietm_project_configuration_management WHERE (project_id = ? AND project_id = ?)
JDBC Connection [dm.jdbc.driver.DmdbConnection@2d3edb0b] will not be managed by Spring
==>  Preparing: SELECT id, create_by, create_time, update_by, update_time, sys_org_code, project_id, pid, code, title, seq, path, update_ip, version, status, security, has_child FROM ietm_project_configuration_management WHERE (project_id = ? AND project_id = ?)
==> Parameters: 2078348945532030978(String), 2078348945532030978(String)
<==    Columns: id, create_by, create_time, update_by, update_time, sys_org_code, project_id, pid, code, title, seq, PATH, update_ip, version, status, security, has_child
<==        Row: 2078349029430693889, admin, 2026-07-18 13:19:57.140000, admin, 2026-07-18 14:05:13.455000, A01, 2078348945532030978, 0, ZB1, 项目1, null, ZB1-A-00-0-0-00-00-A, null, null, null, 1, 1
<==        Row: 2078360422452240386, admin, 2026-07-18 14:05:13.435000, admin, 2026-07-18 14:05:13.545000, A01, 2078348945532030978, 2078349029430693889, A, 《内置构型》, null, ZB1-A-00-0-0-00-00-A, null, null, null, 1, 1
<==        Row: 2078360422867476482, admin, 2026-07-18 14:05:13.552000, admin, 2026-07-18 14:05:13.664000, A01, 2078348945532030978, 2078360422452240386, 00, 说明（总论）, 1, ZB1-A-00-0-0-00-00-A, null, null, null, 1, 1
<==        Row: 2078360423412736002, admin, 2026-07-18 14:05:13.674000, null, null, A01, 2078348945532030978, 2078360422867476482, 1, 一般性维修, 1, ZB1-A-00-1-0-00-00-A, null, null, null, 1, 0
<==        Row: 2078360423991549953, admin, 2026-07-18 14:05:13.825000, null, null, A01, 2078348945532030978, 2078360422867476482, 2, 安全, 2, ZB1-A-00-2-0-00-00-A, null, null, null, 1, 0
<==        Row: 2078360424473894914, admin, 2026-07-18 14:05:13.933000, null, null, A01, 2078348945532030978, 2078360422867476482, 3, 安全和防护设施, 3, ZB1-A-00-3-0-00-00-A, null, null, null, 1, 0
<==        Row: 2078360424964628481, admin, 2026-07-18 14:05:14.045000, admin, 2026-07-18 14:05:14.180000, A01, 2078348945532030978, 2078360422867476482, 4, 技术出版物, 4, ZB1-A-00-4-0-00-00-A, null, null, null, 1, 1
<==        Row: 2078360425585385473, admin, 2026-07-18 14:05:14.188000, null, null, A01, 2078348945532030978, 2078360424964628481, 1, 出版信息, 1, ZB1-A-00-4-1-00-00-A, null, null, null, 1, 0
<==        Row: 2078360426013204481, admin, 2026-07-18 14:05:14.312000, null, null, A01, 2078348945532030978, 2078360424964628481, 2, 信息集合, 2, ZB1-A-00-4-2-00-00-A, null, null, null, 1, 0
<==        Row: 2078360426571046913, admin, 2026-07-18 14:05:14.424000, null, null, A01, 2078348945532030978, 2078360422867476482, 5, 物资数据, 5, ZB1-A-00-5-0-00-00-A, null, null, null, 1, 0
<==        Row: 2078360427061780482, admin, 2026-07-18 14:05:14.539000, null, null, A01, 2078348945532030978, 2078360422867476482, 6, 项目自定义, 6, ZB1-A-00-6-0-00-00-A, null, null, null, 1, 0
<==        Row: 2078360427556708354, admin, 2026-07-18 14:05:14.661000, null, null, A01, 2078348945532030978, 2078360422867476482, 7, 项目自定义, 7, ZB1-A-00-7-0-00-00-A, null, null, null, 1, 0
<==        Row: 2078360428181659650, admin, 2026-07-18 14:05:14.808000, null, null, A01, 2078348945532030978, 2078360422867476482, 8, 项目自定义, 8, ZB1-A-00-8-0-00-00-A, null, null, null, 1, 0
<==        Row: 2078360428668198914, admin, 2026-07-18 14:05:14.926000, null, null, A01, 2078348945532030978, 2078360422867476482, 9, 战斗损伤修理, 9, ZB1-A-00-9-0-00-00-A, null, null, null, 1, 0
<==        Row: 2078360429075046402, admin, 2026-07-18 14:05:15.027000, admin, 2026-07-18 14:05:15.145000, A01, 2078348945532030978, 2078360422452240386, 01, 项目自定义, 2, ZB1-A-01-0-0-00-00-A, null, null, null, 1, 1
<==        Row: 2078360429653860353, admin, 2026-07-18 14:05:15.157000, null, null, A01, 2078348945532030978, 2078360429075046402, 1, 测试, 1, ZB1-A-01-1-0-00-00-A, null, null, null, 1, 0
<==        Row: 2078360430056513538, admin, 2026-07-18 14:05:15.260000, null, null, A01, 2078348945532030978, 2078360422452240386, 02, 项目自定义, 3, ZB1-A-02-0-0-00-00-A, null, null, null, 1, 0
<==        Row: 2078360430551441409, admin, 2026-07-18 14:05:15.380000, null, null, A01, 2078348945532030978, 2078360422452240386, 03, 项目自定义, 4, ZB1-A-03-0-0-00-00-A, null, null, null, 1, 0
<==        Row: 2078360430966677506, admin, 2026-07-18 14:05:15.474000, admin, 2026-07-18 14:05:15.603000, A01, 2078348945532030978, 2078360422452240386, 04, 使用限制（总论）, 5, ZB1-A-04-0-0-00-00-A, null, null, null, 1, 1
<==        Row: 2078360431532908545, admin, 2026-07-18 14:05:15.606000, null, null, A01, 2078348945532030978, 2078360430966677506, 1, 疲劳参数计算, 1, ZB1-A-04-1-0-00-00-A, null, null, null, 1, 0
<==        Row: 2078360432015253506, admin, 2026-07-18 14:05:15.723000, null, null, A01, 2078348945532030978, 2078360430966677506, 2, 使用范围, 2, ZB1-A-04-2-0-00-00-A, null, null, null, 1, 0
<==        Row: 2078360432434683906, admin, 2026-07-18 14:05:15.829000, admin, 2026-07-18 14:05:15.946000, A01, 2078348945532030978, 2078360422452240386, 05, 计划/非计划维修（总论）, 6, ZB1-A-05-0-0-00-00-A, null, null, null, 1, 1
<==        Row: 2078360432992526338, admin, 2026-07-18 14:05:15.956000, null, null, A01, 2078348945532030978, 2078360432434683906, 1, 时限, 1, ZB1-A-05-1-0-00-00-A, null, null, null, 1, 0
<==        Row: 2078360433370013698, admin, 2026-07-18 14:05:16.067000, null, null, A01, 2078348945532030978, 2078360432434683906, 2, 维修检查清单, 2, ZB1-A-05-2-0-00-00-A, null, null, null, 1, 0
<==        Row: 2078360433978187778, admin, 2026-07-18 14:05:16.192000, null, null, A01, 2078348945532030978, 2078360432434683906, 3, 项目自定义, 3, ZB1-A-05-3-0-00-00-A, null, null, null, 1, 0
<==        Row: 2078360434540224514, admin, 2026-07-18 14:05:16.322000, null, null, A01, 2078348945532030978, 2078360432434683906, 4, 计划性维修检查, 4, ZB1-A-05-4-0-00-00-A, null, null, null, 1, 0
<==        Row: 2078360435123232770, admin, 2026-07-18 14:05:16.461000, null, null, A01, 2078348945532030978, 2078360432434683906, 5, 非计划性维修检查, 5, ZB1-A-05-5-0-00-00-A, null, null, null, 1, 0
<==        Row: 2078360435668492290, admin, 2026-07-18 14:05:16.597000, null, null, A01, 2078348945532030978, 2078360432434683906, 6, 验收和功能性检查, 6, ZB1-A-05-6-0-00-00-A, null, null, null, 1, 0
<==        Row: 2078360436142448641, admin, 2026-07-18 14:05:16.716000, admin, 2026-07-18 14:05:16.842000, A01, 2078348945532030978, 2078360422452240386, 06, 尺寸和区域（总论）, 7, ZB1-A-06-0-0-00-00-A, null, null, null, 1, 1
<==        Row: 2078360436721262593, admin, 2026-07-18 14:05:16.851000, null, null, A01, 2078348945532030978, 2078360436142448641, 1, 主要尺寸, 1, ZB1-A-06-1-0-00-00-A, null, null, null, 1, 0
<==        Row: 2078360437274910722, admin, 2026-07-18 14:05:16.983000, null, null, A01, 2078348945532030978, 2078360436142448641, 2, 参考线, 2, ZB1-A-06-2-0-00-00-A, null, null, null, 1, 0
<==        Row: 2078360437832753154, admin, 2026-07-18 14:05:17.119000, null, null, A01, 2078348945532030978, 2078360436142448641, 3, 区域划分, 3, ZB1-A-06-3-0-00-00-A, null, null, null, 1, 0
<==        Row: 2078360438386401281, admin, 2026-07-18 14:05:17.247000, null, null, A01, 2078348945532030978, 2078360436142448641, 4, 口盖, 4, ZB1-A-06-4-0-00-00-A, null, null, null, 1, 0
<==        Row: 2078360438814220289, admin, 2026-07-18 14:05:17.349000, admin, 2026-07-18 14:05:17.467000, A01, 2078348945532030978, 2078360422452240386, 07, 顶起、支撑、恢复和运输（总论）, 8, ZB1-A-07-0-0-00-00-A, null, null, null, 1, 1
<==        Row: 2078360439359479809, admin, 2026-07-18 14:05:17.473000, null, null, A01, 2078348945532030978, 2078360438814220289, 1, 顶起, 1, ZB1-A-07-1-0-00-00-A, null, null, null, 1, 0
<==        Row: 2078360439850213377, admin, 2026-07-18 14:05:17.601000, null, null, A01, 2078348945532030978, 2078360438814220289, 2, 支撑, 2, ZB1-A-07-2-0-00-00-A, null, null, null, 1, 0
<==        Row: 2078360440420638722, admin, 2026-07-18 14:05:17.726000, null, null, A01, 2078348945532030978, 2078360438814220289, 3, 吊挂, 3, ZB1-A-07-3-0-00-00-A, null, null, null, 1, 0
<==        Row: 2078360440974286849, admin, 2026-07-18 14:05:17.863000, null, null, A01, 2078348945532030978, 2078360438814220289, 4, 恢复, 4, ZB1-A-07-4-0-00-00-A, null, null, null, 1, 0
<==        Row: 2078360441532129281, admin, 2026-07-18 14:05:17.999000, null, null, A01, 2078348945532030978, 2078360438814220289, 5, 运输, 5, ZB1-A-07-5-0-00-00-A, null, null, null, 1, 0
<==        Row: 2078360441947365378, admin, 2026-07-18 14:05:18.100000, admin, 2026-07-18 14:05:18.224000, A01, 2078348945532030978, 2078360422452240386, 08, 调平和称重（总论）, 9, ZB1-A-08-0-0-00-00-A, null, null, null, 1, 1
<==        Row: 2078360442517790721, admin, 2026-07-18 14:05:18.232000, null, null, A01, 2078348945532030978, 2078360441947365378, 1, 重量和平衡, 1, ZB1-A-08-1-0-00-00-A, null, null, null, 1, 0
<==        Row: 2078360443071438849, admin, 2026-07-18 14:05:18.351000, null, null, A01, 2078348945532030978, 2078360441947365378, 2, 水平测量, 2, ZB1-A-08-2-0-00-00-A, null, null, null, 1, 0
<==        Row: 2078360443486674946, admin, 2026-07-18 14:05:18.456000, null, null, A01, 2078348945532030978, 2078360441947365378, 3, 称重, 3, ZB1-A-08-3-0-00-00-A, null, null, null, 1, 0
<==        Row: 2078360444099043330, admin, 2026-07-18 14:05:18.609000, null, null, A01, 2078348945532030978, 2078360441947365378, 4, 重量和重心数据, 4, ZB1-A-08-4-0-00-00-A, null, null, null, 1, 0
<==        Row: 2078360444614942721, admin, 2026-07-18 14:05:18.742000, null, null, A01, 2078348945532030978, 2078360441947365378, 5, 静态稳定性, 5, ZB1-A-08-5-0-00-00-A, null, null, null, 1, 0
<==        Row: 2078360445403471874, admin, 2026-07-18 14:05:18.910000, admin, 2026-07-18 14:05:19.061000, A01, 2078348945532030978, 2078360422452240386, 09, 牵引和滑行（总论）, 10, ZB1-A-09-0-0-00-00-A, null, null, null, 1, 1
<==        Row: 2078360446007451650, admin, 2026-07-18 14:05:19.070000, null, null, A01, 2078348945532030978, 2078360445403471874, 1, 牵引, 1, ZB1-A-09-1-0-00-00-A, null, null, null, 1, 0
<==        Row: 2078360446615625730, admin, 2026-07-18 14:05:19.205000, null, null, A01, 2078348945532030978, 2078360445403471874, 2, 滑行, 2, ZB1-A-09-2-0-00-00-A, null, null, null, 1, 0
<==        Row: 2078360447001501698, admin, 2026-07-18 14:05:19.307000, admin, 2026-07-18 14:05:19.423000, A01, 2078348945532030978, 2078360422452240386, 10, 停放、系留、存放和恢复使用（总论）, 11, ZB1-A-10-0-0-00-00-A, null, null, null, 1, 1
<==        Row: 2078360447538372609, admin, 2026-07-18 14:05:19.429000, null, null, A01, 2078348945532030978, 2078360447001501698, 1, 停放, 1, ZB1-A-10-1-0-00-00-A, null, null, null, 1, 0
<==        Row: 2078360448066854913, admin, 2026-07-18 14:05:19.545000, null, null, A01, 2078348945532030978, 2078360447001501698, 2, 系留, 2, ZB1-A-10-2-0-00-00-A, null, null, null, 1, 0
<==        Row: 2078360448524034050, admin, 2026-07-18 14:05:19.662000, null, null, A01, 2078348945532030978, 2078360447001501698, 3, 存放, 3, ZB1-A-10-3-0-00-00-A, null, null, null, 1, 0
<==        Row: 2078360448985407490, admin, 2026-07-18 14:05:19.770000, null, null, A01, 2078348945532030978, 2078360447001501698, 4, 恢复使用, 4, ZB1-A-10-4-0-00-00-A, null, null, null, 1, 0
<==        Row: 2078360449325146113, admin, 2026-07-18 14:05:19.849000, admin, 2026-07-18 14:05:19.957000, A01, 2078348945532030978, 2078360422452240386, 11, 标牌和标志（总论）, 12, ZB1-A-11-0-0-00-00-A, null, null, null, 1, 1
<==        Row: 2078360449786519553, admin, 2026-07-18 14:05:19.960000, null, null, A01, 2078348945532030978, 2078360449325146113, 1, 外部配色方案和标志, 1, ZB1-A-11-1-0-00-00-A, null, null, null, 1, 0
<==        Row: 2078360450176589826, admin, 2026-07-18 14:05:20.059000, null, null, A01, 2078348945532030978, 2078360449325146113, 2, 外部标牌和标志, 2, ZB1-A-11-2-0-00-00-A, null, null, null, 1, 0
<==        Row: 2078360450658934785, admin, 2026-07-18 14:05:20.167000, null, null, A01, 2078348945532030978, 2078360449325146113, 3, 内部标牌和标志, 3, ZB1-A-11-3-0-00-00-A, null, null, null, 1, 0
<==        Row: 2078360451040616449, admin, 2026-07-18 14:05:20.261000, admin, 2026-07-18 14:05:20.369000, A01, 2078348945532030978, 2078360422452240386, 12, 保养（总论）, 13, ZB1-A-12-0-0-00-00-A, null, null, null, 1, 1
<==        Row: 2078360451728482305, admin, 2026-07-18 14:05:20.423000, null, null, A01, 2078348945532030978, 2078360451040616449, 1, 补充和损耗, 1, ZB1-A-12-1-0-00-00-A, null, null, null, 1, 0
<==        Row: 2078360452458291202, admin, 2026-07-18 14:05:20.596000, null, null, A01, 2078348945532030978, 2078360451040616449, 2, 定期保养, 2, ZB1-A-12-2-0-00-00-A, null, null, null, 1, 0
<==        Row: 2078360453204877313, admin, 2026-07-18 14:05:20.770000, null, null, A01, 2078348945532030978, 2078360451040616449, 3, 非定期保养, 3, ZB1-A-12-3-0-00-00-A, null, null, null, 1, 0
<==        Row: 2078360453657862146, admin, 2026-07-18 14:05:20.882000, null, null, A01, 2078348945532030978, 2078360422452240386, 13, 项目自定义, 14, ZB1-A-13-0-0-00-00-A, null, null, null, 1, 0
<==        Row: 2078360454119235585, admin, 2026-07-18 14:05:20.992000, admin, 2026-07-18 14:05:21.148000, A01, 2078348945532030978, 2078360422452240386, 14, 装卸（总论）, 15, ZB1-A-14-0-0-00-00-A, null, null, null, 1, 1
<==        Row: 2078360454802907137, admin, 2026-07-18 14:05:21.159000, null, null, A01, 2078348945532030978, 2078360454119235585, 1, 地面设备, 1, ZB1-A-14-1-0-00-00-A, null, null, null, 1, 0
<==        Row: 2078360455310417922, admin, 2026-07-18 14:05:21.274000, null, null, A01, 2078348945532030978, 2078360454119235585, 2, 货物, 2, ZB1-A-14-2-0-00-00-A, null, null, null, 1, 0
<==        Row: 2078360455683710977, admin, 2026-07-18 14:05:21.395000, admin, 2026-07-18 14:05:21.563000, A01, 2078348945532030978, 2078360454119235585, 3, 物品出入库的装卸, 3, ZB1-A-14-3-0-00-00-A, null, null, null, 1, 1
<==        Row: 2078360456577097729, admin, 2026-07-18 14:05:21.572000, null, null, A01, 2078348945532030978, 2078360455683710977, 1, 基本信息, 1, ZB1-A-14-3-1-00-00-A, null, null, null, 1, 0
<==        Row: 2078360457365626881, admin, 2026-07-18 14:05:21.771000, null, null, A01, 2078348945532030978, 2078360455683710977, 2, 附加信息, 2, ZB1-A-14-3-2-00-00-A, null, null, null, 1, 0
<==        Row: 2078360458149961729, admin, 2026-07-18 14:05:21.953000, null, null, A01, 2078348945532030978, 2078360455683710977, 3, 装载程序, 3, ZB1-A-14-3-3-00-00-A, null, null, null, 1, 0
<==        Row: 2078360458900742146, admin, 2026-07-18 14:05:22.134000, null, null, A01, 2078348945532030978, 2078360455683710977, 4, 卸载程序, 4, ZB1-A-14-3-4-00-00-A, null, null, null, 1, 0
<==        Row: 2078360459693465602, admin, 2026-07-18 14:05:22.323000, null, null, A01, 2078348945532030978, 2078360455683710977, 5, 装卸程序检查清单, 5, ZB1-A-14-3-5-00-00-A, null, null, null, 1, 0
<==        Row: 2078360460209364993, admin, 2026-07-18 14:05:22.454000, admin, 2026-07-18 14:05:22.619000, A01, 2078348945532030978, 2078360454119235585, 4, 非核装备, 4, ZB1-A-14-4-0-00-00-A, null, null, null, 1, 1
<==        Row: 2078360460893036546, admin, 2026-07-18 14:05:22.627000, null, null, A01, 2078348945532030978, 2078360460209364993, 1, 基本信息, 1, ZB1-A-14-4-1-00-00-A, null, null, null, 1, 0
<==        Row: 2078360461580902402, admin, 2026-07-18 14:05:22.779000, null, null, A01, 2078348945532030978, 2078360460209364993, 2, 附加信息, 2, ZB1-A-14-4-2-00-00-A, null, null, null, 1, 0
<==        Row: 2078360462226825217, admin, 2026-07-18 14:05:22.943000, null, null, A01, 2078348945532030978, 2078360460209364993, 3, 装载程序, 3, ZB1-A-14-4-3-00-00-A, null, null, null, 1, 0
<==        Row: 2078360462876942337, admin, 2026-07-18 14:05:23.100000, null, null, A01, 2078348945532030978, 2078360460209364993, 4, 卸载程序, 4, ZB1-A-14-4-4-00-00-A, null, null, null, 1, 0
<==        Row: 2078360463560613890, admin, 2026-07-18 14:05:23.245000, null, null, A01, 2078348945532030978, 2078360460209364993, 5, 装卸程序检查清单, 5, ZB1-A-14-4-5-00-00-A, null, null, null, 1, 0
<==        Row: 2078360464160399362, admin, 2026-07-18 14:05:23.408000, null, null, A01, 2078348945532030978, 2078360460209364993, 6, 综合战转换程序, 6, ZB1-A-14-4-6-00-00-A, null, null, null, 1, 0
<==        Row: 2078360464890208258, admin, 2026-07-18 14:05:23.562000, null, null, A01, 2078348945532030978, 2078360460209364993, 7, 综合战转换程序检查清单, 7, ZB1-A-14-4-7-00-00-A, null, null, null, 1, 0
<==        Row: 2078360465565491201, admin, 2026-07-18 14:05:23.723000, null, null, A01, 2078348945532030978, 2078360460209364993, 8, 交互保养检查单, 8, ZB1-A-14-4-8-00-00-A, null, null, null, 1, 0
<==        Row: 2078360466056224769, admin, 2026-07-18 14:05:23.869000, null, null, A01, 2078348945532030978, 2078360460209364993, 9, 核装备, 9, ZB1-A-14-4-9-00-00-A, null, null, null, 1, 0
<==        Row: 2078360466605678593, admin, 2026-07-18 14:05:23.974000, admin, 2026-07-18 14:05:24.111000, A01, 2078348945532030978, 2078360422452240386, 15, 操作信息（总论）, 16, ZB1-A-15-0-0-00-00-A, null, null, null, 1, 1
<==        Row: 2078360467176103937, admin, 2026-07-18 14:05:24.123000, null, null, A01, 2078348945532030978, 2078360466605678593, 1, 放行/操作限制, 1, ZB1-A-15-1-0-00-00-A, null, null, null, 1, 0
<==        Row: 2078360467708780546, admin, 2026-07-18 14:05:24.242000, null, null, A01, 2078348945532030978, 2078360466605678593, 2, 操作特性, 2, ZB1-A-15-2-0-00-00-A, null, null, null, 1, 0
<==        Row: 2078360468182736898, admin, 2026-07-18 14:05:24.363000, null, null, A01, 2078348945532030978, 2078360466605678593, 3, 正常程序, 3, ZB1-A-15-3-0-00-00-A, null, null, null, 1, 0
<==        Row: 2078360468799299586, admin, 2026-07-18 14:05:24.490000, admin, 2026-07-18 14:05:24.630000, A01, 2078348945532030978, 2078360466605678593, 4, 应急程序, 4, ZB1-A-15-4-0-00-00-A, null, null, null, 1, 1
<==        Row: 2078360469369724930, admin, 2026-07-18 14:05:24.638000, null, null, A01, 2078348945532030978, 2078360468799299586, 1, 概述, 1, ZB1-A-15-4-1-00-00-A, null, null, null, 1, 0
<==        Row: 2078360469994676226, admin, 2026-07-18 14:05:24.777000, null, null, A01, 2078348945532030978, 2078360468799299586, 2, 地面应急程序, 2, ZB1-A-15-4-2-00-00-A, null, null, null, 1, 0
<==        Row: 2078360470577684482, admin, 2026-07-18 14:05:24.920000, null, null, A01, 2078348945532030978, 2078360468799299586, 3, 解除应急状态程序, 3, ZB1-A-15-4-3-00-00-A, null, null, null, 1, 0
<==        Row: 2078360470976143361, admin, 2026-07-18 14:05:25.072000, null, null, A01, 2078348945532030978, 2078360468799299586, 4, 应急程序相关系统, 4, ZB1-A-15-4-4-00-00-A, null, null, null, 1, 0
<==        Row: 2078360471949221889, admin, 2026-07-18 14:05:25.239000, null, null, A01, 2078348945532030978, 2078360468799299586, 5, 单个或多重的发动机故障, 5, ZB1-A-15-4-5-00-00-A, null, null, null, 1, 0
<==        Row: 2078360472569978882, admin, 2026-07-18 14:05:25.391000, null, null, A01, 2078348945532030978, 2078360468799299586, 6, 抵达/离开应急程序, 6, ZB1-A-15-4-6-00-00-A, null, null, null, 1, 0
<==        Row: 2078360473115238402, admin, 2026-07-18 14:05:25.527000, null, null, A01, 2078348945532030978, 2078360468799299586, 7, 控制系统失效, 7, ZB1-A-15-4-7-00-00-A, null, null, null, 1, 0
<==        Row: 2078360473761161217, admin, 2026-07-18 14:05:25.673000, null, null, A01, 2078348945532030978, 2078360468799299586, 8, 其它应急程序或失效状况, 8, ZB1-A-15-4-8-00-00-A, null, null, null, 1, 0
<==        Row: 2078360473937321985, admin, 2026-07-18 14:05:25.825000, null, null, A01, 2078348945532030978, 2078360468799299586, 9, 多功能显示器给出的紧急情况信息, 9, ZB1-A-15-4-9-00-00-A, null, null, null, 1, 0
<==        Row: 2078360475128504321, admin, 2026-07-18 14:05:25.997000, null, null, A01, 2078348945532030978, 2078360466605678593, 5, 特殊条件, 5, ZB1-A-15-5-0-00-00-A, null, null, null, 1, 0
<==        Row: 2078360475636015105, admin, 2026-07-18 14:05:26.128000, null, null, A01, 2078348945532030978, 2078360466605678593, 6, 性能数据, 6, ZB1-A-15-6-0-00-00-A, null, null, null, 1, 0
<==        Row: 2078360476122554370, admin, 2026-07-18 14:05:26.243000, null, null, A01, 2078348945532030978, 2078360466605678593, 7, 任务操作程序, 7, ZB1-A-15-7-0-00-00-A, null, null, null, 1, 0
<==        Row: 2078360477452148738, admin, 2026-07-18 14:05:26.553000, null, null, A01, 2078348945532030978, 2078360466605678593, 8, 构型, 8, ZB1-A-15-8-0-00-00-A, null, null, null, 1, 0
<==        Row: 2078360477879967745, admin, 2026-07-18 14:05:26.657000, admin, 2026-07-18 14:05:26.781000, A01, 2078348945532030978, 2078360422452240386, 16, 任务变更（总论）, 17, ZB1-A-16-0-0-00-00-A, null, null, null, 1, 1
<==        Row: 2078360478450393090, admin, 2026-07-18 14:05:26.791000, null, null, A01, 2078348945532030978, 2078360477879967745, 1, 任务变更, 1, ZB1-A-16-1-0-00-00-A, null, null, null, 1, 0
<==        Row: 2078360478882406402, admin, 2026-07-18 14:05:26.894000, null, null, A01, 2078348945532030978, 2078360422452240386, 17, 项目自定义, 18, ZB1-A-17-0-0-00-00-A, null, null, null, 1, 0
<==        Row: 2078360479234727938, admin, 2026-07-18 14:05:26.986000, admin, 2026-07-18 14:05:27.120000, A01, 2078348945532030978, 2078360422452240386, 18, 震动、噪音分析与衰减（总论）, 19, ZB1-A-18-0-0-00-00-A, null, null, null, 1, 1
<==        Row: 2078360479863873537, admin, 2026-07-18 14:05:27.128000, null, null, A01, 2078348945532030978, 2078360479234727938, 1, 震动分析, 1, ZB1-A-18-1-0-00-00-A, null, null, null, 1, 0
<==        Row: 2078360480434298881, admin, 2026-07-18 14:05:27.275000, null, null, A01, 2078348945532030978, 2078360479234727938, 2, 噪音分析, 2, ZB1-A-18-2-0-00-00-A, null, null, null, 1, 0
<==        Row: 2078360480929226754, admin, 2026-07-18 14:05:27.402000, null, null, A01, 2078348945532030978, 2078360479234727938, 3, 有源衰减/激励, 3, ZB1-A-18-3-0-00-00-A, null, null, null, 1, 0
<==        Row: 2078360481562566658, admin, 2026-07-18 14:05:27.535000, null, null, A01, 2078348945532030978, 2078360479234727938, 4, 传感器, 4, ZB1-A-18-4-0-00-00-A, null, null, null, 1, 0
<==        Row: 2078360482091048962, admin, 2026-07-18 14:05:27.661000, null, null, A01, 2078348945532030978, 2078360479234727938, 5, 控制/计算, 5, ZB1-A-18-5-0-00-00-A, null, null, null, 1, 0
<==        Row: 2078360482648891394, admin, 2026-07-18 14:05:27.800000, null, null, A01, 2078348945532030978, 2078360479234727938, 6, 无源衰减, 6, ZB1-A-18-6-0-00-00-A, null, null, null, 1, 0
<==        Row: 2078360483554861058, admin, 2026-07-18 14:05:28.008000, null, null, A01, 2078348945532030978, 2078360422452240386, 19, 项目自定义, 20, ZB1-A-19-0-0-00-00-A, null, null, null, 1, 0
<==        Row: 2078360483936542722, admin, 2026-07-18 14:05:28.110000, null, null, A01, 2078348945532030978, 2078360422452240386, 20, 项目自定义, 21, ZB1-A-20-0-0-00-00-A, null, null, null, 1, 0
<==      Total: 111
Closing non transactional SqlSession [org.apache.ibatis.session.defaults.DefaultSqlSession@3ec12b4]
2026-08-08 14:18:19.322 [http-nio-9999-exec-2] [34mINFO [0;39m [36morg.jeecg.common.system.query.QueryGenerator:648[0;39m - ---查询过滤器，Query规则---field:project_id, rule:=, value:2078348945532030978
2026-08-08 14:18:19.326 [http-nio-9999-exec-2] [34mINFO [0;39m [36morg.jeecg.common.system.query.QueryGenerator:241[0;39m - 排序规则>>列:null,排序方式:null
2026-08-08 14:18:19.326 [http-nio-9999-exec-2] [34mINFO [0;39m [36mo.j.m.i.p.c.IetmProjectConfigurationManagementController:263[0;39m - 查询子节点，pid=null, projectId=2078348945532030978
Creating a new SqlSession
SqlSession [org.apache.ibatis.session.defaults.DefaultSqlSession@23ff8d6b] was not registered for synchronization because synchronization is not active
original SQL: SELECT  id,create_by,create_time,update_by,update_time,sys_org_code,project_id,pid,code,title,seq,path,update_ip,version,status,security,has_child  FROM ietm_project_configuration_management 
 
 WHERE (project_id = ? AND project_id = ?)
SQL to parse, SQL: SELECT  id,create_by,create_time,update_by,update_time,sys_org_code,project_id,pid,code,title,seq,path,update_ip,version,status,security,has_child  FROM ietm_project_configuration_management 
 
 WHERE (project_id = ? AND project_id = ?)
parse the finished SQL: SELECT id, create_by, create_time, update_by, update_time, sys_org_code, project_id, pid, code, title, seq, path, update_ip, version, status, security, has_child FROM ietm_project_configuration_management WHERE (project_id = ? AND project_id = ?)
JDBC Connection [dm.jdbc.driver.DmdbConnection@2d3edb0b] will not be managed by Spring
==>  Preparing: SELECT id, create_by, create_time, update_by, update_time, sys_org_code, project_id, pid, code, title, seq, path, update_ip, version, status, security, has_child FROM ietm_project_configuration_management WHERE (project_id = ? AND project_id = ?)
==> Parameters: 2078348945532030978(String), 2078348945532030978(String)
<==    Columns: id, create_by, create_time, update_by, update_time, sys_org_code, project_id, pid, code, title, seq, PATH, update_ip, version, status, security, has_child
<==        Row: 2078349029430693889, admin, 2026-07-18 13:19:57.140000, admin, 2026-07-18 14:05:13.455000, A01, 2078348945532030978, 0, ZB1, 项目1, null, ZB1-A-00-0-0-00-00-A, null, null, null, 1, 1
<==        Row: 2078360422452240386, admin, 2026-07-18 14:05:13.435000, admin, 2026-07-18 14:05:13.545000, A01, 2078348945532030978, 2078349029430693889, A, 《内置构型》, null, ZB1-A-00-0-0-00-00-A, null, null, null, 1, 1
<==        Row: 2078360422867476482, admin, 2026-07-18 14:05:13.552000, admin, 2026-07-18 14:05:13.664000, A01, 2078348945532030978, 2078360422452240386, 00, 说明（总论）, 1, ZB1-A-00-0-0-00-00-A, null, null, null, 1, 1
<==        Row: 2078360423412736002, admin, 2026-07-18 14:05:13.674000, null, null, A01, 2078348945532030978, 2078360422867476482, 1, 一般性维修, 1, ZB1-A-00-1-0-00-00-A, null, null, null, 1, 0
<==        Row: 2078360423991549953, admin, 2026-07-18 14:05:13.825000, null, null, A01, 2078348945532030978, 2078360422867476482, 2, 安全, 2, ZB1-A-00-2-0-00-00-A, null, null, null, 1, 0
<==        Row: 2078360424473894914, admin, 2026-07-18 14:05:13.933000, null, null, A01, 2078348945532030978, 2078360422867476482, 3, 安全和防护设施, 3, ZB1-A-00-3-0-00-00-A, null, null, null, 1, 0
<==        Row: 2078360424964628481, admin, 2026-07-18 14:05:14.045000, admin, 2026-07-18 14:05:14.180000, A01, 2078348945532030978, 2078360422867476482, 4, 技术出版物, 4, ZB1-A-00-4-0-00-00-A, null, null, null, 1, 1
<==        Row: 2078360425585385473, admin, 2026-07-18 14:05:14.188000, null, null, A01, 2078348945532030978, 2078360424964628481, 1, 出版信息, 1, ZB1-A-00-4-1-00-00-A, null, null, null, 1, 0
<==        Row: 2078360426013204481, admin, 2026-07-18 14:05:14.312000, null, null, A01, 2078348945532030978, 2078360424964628481, 2, 信息集合, 2, ZB1-A-00-4-2-00-00-A, null, null, null, 1, 0
<==        Row: 2078360426571046913, admin, 2026-07-18 14:05:14.424000, null, null, A01, 2078348945532030978, 2078360422867476482, 5, 物资数据, 5, ZB1-A-00-5-0-00-00-A, null, null, null, 1, 0
<==        Row: 2078360427061780482, admin, 2026-07-18 14:05:14.539000, null, null, A01, 2078348945532030978, 2078360422867476482, 6, 项目自定义, 6, ZB1-A-00-6-0-00-00-A, null, null, null, 1, 0
<==        Row: 2078360427556708354, admin, 2026-07-18 14:05:14.661000, null, null, A01, 2078348945532030978, 2078360422867476482, 7, 项目自定义, 7, ZB1-A-00-7-0-00-00-A, null, null, null, 1, 0
<==        Row: 2078360428181659650, admin, 2026-07-18 14:05:14.808000, null, null, A01, 2078348945532030978, 2078360422867476482, 8, 项目自定义, 8, ZB1-A-00-8-0-00-00-A, null, null, null, 1, 0
<==        Row: 2078360428668198914, admin, 2026-07-18 14:05:14.926000, null, null, A01, 2078348945532030978, 2078360422867476482, 9, 战斗损伤修理, 9, ZB1-A-00-9-0-00-00-A, null, null, null, 1, 0
<==        Row: 2078360429075046402, admin, 2026-07-18 14:05:15.027000, admin, 2026-07-18 14:05:15.145000, A01, 2078348945532030978, 2078360422452240386, 01, 项目自定义, 2, ZB1-A-01-0-0-00-00-A, null, null, null, 1, 1
<==        Row: 2078360429653860353, admin, 2026-07-18 14:05:15.157000, null, null, A01, 2078348945532030978, 2078360429075046402, 1, 测试, 1, ZB1-A-01-1-0-00-00-A, null, null, null, 1, 0
<==        Row: 2078360430056513538, admin, 2026-07-18 14:05:15.260000, null, null, A01, 2078348945532030978, 2078360422452240386, 02, 项目自定义, 3, ZB1-A-02-0-0-00-00-A, null, null, null, 1, 0
<==        Row: 2078360430551441409, admin, 2026-07-18 14:05:15.380000, null, null, A01, 2078348945532030978, 2078360422452240386, 03, 项目自定义, 4, ZB1-A-03-0-0-00-00-A, null, null, null, 1, 0
<==        Row: 2078360430966677506, admin, 2026-07-18 14:05:15.474000, admin, 2026-07-18 14:05:15.603000, A01, 2078348945532030978, 2078360422452240386, 04, 使用限制（总论）, 5, ZB1-A-04-0-0-00-00-A, null, null, null, 1, 1
<==        Row: 2078360431532908545, admin, 2026-07-18 14:05:15.606000, null, null, A01, 2078348945532030978, 2078360430966677506, 1, 疲劳参数计算, 1, ZB1-A-04-1-0-00-00-A, null, null, null, 1, 0
<==        Row: 2078360432015253506, admin, 2026-07-18 14:05:15.723000, null, null, A01, 2078348945532030978, 2078360430966677506, 2, 使用范围, 2, ZB1-A-04-2-0-00-00-A, null, null, null, 1, 0
<==        Row: 2078360432434683906, admin, 2026-07-18 14:05:15.829000, admin, 2026-07-18 14:05:15.946000, A01, 2078348945532030978, 2078360422452240386, 05, 计划/非计划维修（总论）, 6, ZB1-A-05-0-0-00-00-A, null, null, null, 1, 1
<==        Row: 2078360432992526338, admin, 2026-07-18 14:05:15.956000, null, null, A01, 2078348945532030978, 2078360432434683906, 1, 时限, 1, ZB1-A-05-1-0-00-00-A, null, null, null, 1, 0
<==        Row: 2078360433370013698, admin, 2026-07-18 14:05:16.067000, null, null, A01, 2078348945532030978, 2078360432434683906, 2, 维修检查清单, 2, ZB1-A-05-2-0-00-00-A, null, null, null, 1, 0
<==        Row: 2078360433978187778, admin, 2026-07-18 14:05:16.192000, null, null, A01, 2078348945532030978, 2078360432434683906, 3, 项目自定义, 3, ZB1-A-05-3-0-00-00-A, null, null, null, 1, 0
<==        Row: 2078360434540224514, admin, 2026-07-18 14:05:16.322000, null, null, A01, 2078348945532030978, 2078360432434683906, 4, 计划性维修检查, 4, ZB1-A-05-4-0-00-00-A, null, null, null, 1, 0
<==        Row: 2078360435123232770, admin, 2026-07-18 14:05:16.461000, null, null, A01, 2078348945532030978, 2078360432434683906, 5, 非计划性维修检查, 5, ZB1-A-05-5-0-00-00-A, null, null, null, 1, 0
<==        Row: 2078360435668492290, admin, 2026-07-18 14:05:16.597000, null, null, A01, 2078348945532030978, 2078360432434683906, 6, 验收和功能性检查, 6, ZB1-A-05-6-0-00-00-A, null, null, null, 1, 0
<==        Row: 2078360436142448641, admin, 2026-07-18 14:05:16.716000, admin, 2026-07-18 14:05:16.842000, A01, 2078348945532030978, 2078360422452240386, 06, 尺寸和区域（总论）, 7, ZB1-A-06-0-0-00-00-A, null, null, null, 1, 1
<==        Row: 2078360436721262593, admin, 2026-07-18 14:05:16.851000, null, null, A01, 2078348945532030978, 2078360436142448641, 1, 主要尺寸, 1, ZB1-A-06-1-0-00-00-A, null, null, null, 1, 0
<==        Row: 2078360437274910722, admin, 2026-07-18 14:05:16.983000, null, null, A01, 2078348945532030978, 2078360436142448641, 2, 参考线, 2, ZB1-A-06-2-0-00-00-A, null, null, null, 1, 0
<==        Row: 2078360437832753154, admin, 2026-07-18 14:05:17.119000, null, null, A01, 2078348945532030978, 2078360436142448641, 3, 区域划分, 3, ZB1-A-06-3-0-00-00-A, null, null, null, 1, 0
<==        Row: 2078360438386401281, admin, 2026-07-18 14:05:17.247000, null, null, A01, 2078348945532030978, 2078360436142448641, 4, 口盖, 4, ZB1-A-06-4-0-00-00-A, null, null, null, 1, 0
<==        Row: 2078360438814220289, admin, 2026-07-18 14:05:17.349000, admin, 2026-07-18 14:05:17.467000, A01, 2078348945532030978, 2078360422452240386, 07, 顶起、支撑、恢复和运输（总论）, 8, ZB1-A-07-0-0-00-00-A, null, null, null, 1, 1
<==        Row: 2078360439359479809, admin, 2026-07-18 14:05:17.473000, null, null, A01, 2078348945532030978, 2078360438814220289, 1, 顶起, 1, ZB1-A-07-1-0-00-00-A, null, null, null, 1, 0
<==        Row: 2078360439850213377, admin, 2026-07-18 14:05:17.601000, null, null, A01, 2078348945532030978, 2078360438814220289, 2, 支撑, 2, ZB1-A-07-2-0-00-00-A, null, null, null, 1, 0
<==        Row: 2078360440420638722, admin, 2026-07-18 14:05:17.726000, null, null, A01, 2078348945532030978, 2078360438814220289, 3, 吊挂, 3, ZB1-A-07-3-0-00-00-A, null, null, null, 1, 0
<==        Row: 2078360440974286849, admin, 2026-07-18 14:05:17.863000, null, null, A01, 2078348945532030978, 2078360438814220289, 4, 恢复, 4, ZB1-A-07-4-0-00-00-A, null, null, null, 1, 0
<==        Row: 2078360441532129281, admin, 2026-07-18 14:05:17.999000, null, null, A01, 2078348945532030978, 2078360438814220289, 5, 运输, 5, ZB1-A-07-5-0-00-00-A, null, null, null, 1, 0
<==        Row: 2078360441947365378, admin, 2026-07-18 14:05:18.100000, admin, 2026-07-18 14:05:18.224000, A01, 2078348945532030978, 2078360422452240386, 08, 调平和称重（总论）, 9, ZB1-A-08-0-0-00-00-A, null, null, null, 1, 1
<==        Row: 2078360442517790721, admin, 2026-07-18 14:05:18.232000, null, null, A01, 2078348945532030978, 2078360441947365378, 1, 重量和平衡, 1, ZB1-A-08-1-0-00-00-A, null, null, null, 1, 0
<==        Row: 2078360443071438849, admin, 2026-07-18 14:05:18.351000, null, null, A01, 2078348945532030978, 2078360441947365378, 2, 水平测量, 2, ZB1-A-08-2-0-00-00-A, null, null, null, 1, 0
<==        Row: 2078360443486674946, admin, 2026-07-18 14:05:18.456000, null, null, A01, 2078348945532030978, 2078360441947365378, 3, 称重, 3, ZB1-A-08-3-0-00-00-A, null, null, null, 1, 0
<==        Row: 2078360444099043330, admin, 2026-07-18 14:05:18.609000, null, null, A01, 2078348945532030978, 2078360441947365378, 4, 重量和重心数据, 4, ZB1-A-08-4-0-00-00-A, null, null, null, 1, 0
<==        Row: 2078360444614942721, admin, 2026-07-18 14:05:18.742000, null, null, A01, 2078348945532030978, 2078360441947365378, 5, 静态稳定性, 5, ZB1-A-08-5-0-00-00-A, null, null, null, 1, 0
<==        Row: 2078360445403471874, admin, 2026-07-18 14:05:18.910000, admin, 2026-07-18 14:05:19.061000, A01, 2078348945532030978, 2078360422452240386, 09, 牵引和滑行（总论）, 10, ZB1-A-09-0-0-00-00-A, null, null, null, 1, 1
<==        Row: 2078360446007451650, admin, 2026-07-18 14:05:19.070000, null, null, A01, 2078348945532030978, 2078360445403471874, 1, 牵引, 1, ZB1-A-09-1-0-00-00-A, null, null, null, 1, 0
<==        Row: 2078360446615625730, admin, 2026-07-18 14:05:19.205000, null, null, A01, 2078348945532030978, 2078360445403471874, 2, 滑行, 2, ZB1-A-09-2-0-00-00-A, null, null, null, 1, 0
<==        Row: 2078360447001501698, admin, 2026-07-18 14:05:19.307000, admin, 2026-07-18 14:05:19.423000, A01, 2078348945532030978, 2078360422452240386, 10, 停放、系留、存放和恢复使用（总论）, 11, ZB1-A-10-0-0-00-00-A, null, null, null, 1, 1
<==        Row: 2078360447538372609, admin, 2026-07-18 14:05:19.429000, null, null, A01, 2078348945532030978, 2078360447001501698, 1, 停放, 1, ZB1-A-10-1-0-00-00-A, null, null, null, 1, 0
<==        Row: 2078360448066854913, admin, 2026-07-18 14:05:19.545000, null, null, A01, 2078348945532030978, 2078360447001501698, 2, 系留, 2, ZB1-A-10-2-0-00-00-A, null, null, null, 1, 0
<==        Row: 2078360448524034050, admin, 2026-07-18 14:05:19.662000, null, null, A01, 2078348945532030978, 2078360447001501698, 3, 存放, 3, ZB1-A-10-3-0-00-00-A, null, null, null, 1, 0
<==        Row: 2078360448985407490, admin, 2026-07-18 14:05:19.770000, null, null, A01, 2078348945532030978, 2078360447001501698, 4, 恢复使用, 4, ZB1-A-10-4-0-00-00-A, null, null, null, 1, 0
<==        Row: 2078360449325146113, admin, 2026-07-18 14:05:19.849000, admin, 2026-07-18 14:05:19.957000, A01, 2078348945532030978, 2078360422452240386, 11, 标牌和标志（总论）, 12, ZB1-A-11-0-0-00-00-A, null, null, null, 1, 1
<==        Row: 2078360449786519553, admin, 2026-07-18 14:05:19.960000, null, null, A01, 2078348945532030978, 2078360449325146113, 1, 外部配色方案和标志, 1, ZB1-A-11-1-0-00-00-A, null, null, null, 1, 0
<==        Row: 2078360450176589826, admin, 2026-07-18 14:05:20.059000, null, null, A01, 2078348945532030978, 2078360449325146113, 2, 外部标牌和标志, 2, ZB1-A-11-2-0-00-00-A, null, null, null, 1, 0
<==        Row: 2078360450658934785, admin, 2026-07-18 14:05:20.167000, null, null, A01, 2078348945532030978, 2078360449325146113, 3, 内部标牌和标志, 3, ZB1-A-11-3-0-00-00-A, null, null, null, 1, 0
<==        Row: 2078360451040616449, admin, 2026-07-18 14:05:20.261000, admin, 2026-07-18 14:05:20.369000, A01, 2078348945532030978, 2078360422452240386, 12, 保养（总论）, 13, ZB1-A-12-0-0-00-00-A, null, null, null, 1, 1
<==        Row: 2078360451728482305, admin, 2026-07-18 14:05:20.423000, null, null, A01, 2078348945532030978, 2078360451040616449, 1, 补充和损耗, 1, ZB1-A-12-1-0-00-00-A, null, null, null, 1, 0
<==        Row: 2078360452458291202, admin, 2026-07-18 14:05:20.596000, null, null, A01, 2078348945532030978, 2078360451040616449, 2, 定期保养, 2, ZB1-A-12-2-0-00-00-A, null, null, null, 1, 0
<==        Row: 2078360453204877313, admin, 2026-07-18 14:05:20.770000, null, null, A01, 2078348945532030978, 2078360451040616449, 3, 非定期保养, 3, ZB1-A-12-3-0-00-00-A, null, null, null, 1, 0
<==        Row: 2078360453657862146, admin, 2026-07-18 14:05:20.882000, null, null, A01, 2078348945532030978, 2078360422452240386, 13, 项目自定义, 14, ZB1-A-13-0-0-00-00-A, null, null, null, 1, 0
<==        Row: 2078360454119235585, admin, 2026-07-18 14:05:20.992000, admin, 2026-07-18 14:05:21.148000, A01, 2078348945532030978, 2078360422452240386, 14, 装卸（总论）, 15, ZB1-A-14-0-0-00-00-A, null, null, null, 1, 1
<==        Row: 2078360454802907137, admin, 2026-07-18 14:05:21.159000, null, null, A01, 2078348945532030978, 2078360454119235585, 1, 地面设备, 1, ZB1-A-14-1-0-00-00-A, null, null, null, 1, 0
<==        Row: 2078360455310417922, admin, 2026-07-18 14:05:21.274000, null, null, A01, 2078348945532030978, 2078360454119235585, 2, 货物, 2, ZB1-A-14-2-0-00-00-A, null, null, null, 1, 0
<==        Row: 2078360455683710977, admin, 2026-07-18 14:05:21.395000, admin, 2026-07-18 14:05:21.563000, A01, 2078348945532030978, 2078360454119235585, 3, 物品出入库的装卸, 3, ZB1-A-14-3-0-00-00-A, null, null, null, 1, 1
<==        Row: 2078360456577097729, admin, 2026-07-18 14:05:21.572000, null, null, A01, 2078348945532030978, 2078360455683710977, 1, 基本信息, 1, ZB1-A-14-3-1-00-00-A, null, null, null, 1, 0
<==        Row: 2078360457365626881, admin, 2026-07-18 14:05:21.771000, null, null, A01, 2078348945532030978, 2078360455683710977, 2, 附加信息, 2, ZB1-A-14-3-2-00-00-A, null, null, null, 1, 0
<==        Row: 2078360458149961729, admin, 2026-07-18 14:05:21.953000, null, null, A01, 2078348945532030978, 2078360455683710977, 3, 装载程序, 3, ZB1-A-14-3-3-00-00-A, null, null, null, 1, 0
<==        Row: 2078360458900742146, admin, 2026-07-18 14:05:22.134000, null, null, A01, 2078348945532030978, 2078360455683710977, 4, 卸载程序, 4, ZB1-A-14-3-4-00-00-A, null, null, null, 1, 0
<==        Row: 2078360459693465602, admin, 2026-07-18 14:05:22.323000, null, null, A01, 2078348945532030978, 2078360455683710977, 5, 装卸程序检查清单, 5, ZB1-A-14-3-5-00-00-A, null, null, null, 1, 0
<==        Row: 2078360460209364993, admin, 2026-07-18 14:05:22.454000, admin, 2026-07-18 14:05:22.619000, A01, 2078348945532030978, 2078360454119235585, 4, 非核装备, 4, ZB1-A-14-4-0-00-00-A, null, null, null, 1, 1
<==        Row: 2078360460893036546, admin, 2026-07-18 14:05:22.627000, null, null, A01, 2078348945532030978, 2078360460209364993, 1, 基本信息, 1, ZB1-A-14-4-1-00-00-A, null, null, null, 1, 0
<==        Row: 2078360461580902402, admin, 2026-07-18 14:05:22.779000, null, null, A01, 2078348945532030978, 2078360460209364993, 2, 附加信息, 2, ZB1-A-14-4-2-00-00-A, null, null, null, 1, 0
<==        Row: 2078360462226825217, admin, 2026-07-18 14:05:22.943000, null, null, A01, 2078348945532030978, 2078360460209364993, 3, 装载程序, 3, ZB1-A-14-4-3-00-00-A, null, null, null, 1, 0
<==        Row: 2078360462876942337, admin, 2026-07-18 14:05:23.100000, null, null, A01, 2078348945532030978, 2078360460209364993, 4, 卸载程序, 4, ZB1-A-14-4-4-00-00-A, null, null, null, 1, 0
<==        Row: 2078360463560613890, admin, 2026-07-18 14:05:23.245000, null, null, A01, 2078348945532030978, 2078360460209364993, 5, 装卸程序检查清单, 5, ZB1-A-14-4-5-00-00-A, null, null, null, 1, 0
<==        Row: 2078360464160399362, admin, 2026-07-18 14:05:23.408000, null, null, A01, 2078348945532030978, 2078360460209364993, 6, 综合战转换程序, 6, ZB1-A-14-4-6-00-00-A, null, null, null, 1, 0
<==        Row: 2078360464890208258, admin, 2026-07-18 14:05:23.562000, null, null, A01, 2078348945532030978, 2078360460209364993, 7, 综合战转换程序检查清单, 7, ZB1-A-14-4-7-00-00-A, null, null, null, 1, 0
<==        Row: 2078360465565491201, admin, 2026-07-18 14:05:23.723000, null, null, A01, 2078348945532030978, 2078360460209364993, 8, 交互保养检查单, 8, ZB1-A-14-4-8-00-00-A, null, null, null, 1, 0
<==        Row: 2078360466056224769, admin, 2026-07-18 14:05:23.869000, null, null, A01, 2078348945532030978, 2078360460209364993, 9, 核装备, 9, ZB1-A-14-4-9-00-00-A, null, null, null, 1, 0
<==        Row: 2078360466605678593, admin, 2026-07-18 14:05:23.974000, admin, 2026-07-18 14:05:24.111000, A01, 2078348945532030978, 2078360422452240386, 15, 操作信息（总论）, 16, ZB1-A-15-0-0-00-00-A, null, null, null, 1, 1
<==        Row: 2078360467176103937, admin, 2026-07-18 14:05:24.123000, null, null, A01, 2078348945532030978, 2078360466605678593, 1, 放行/操作限制, 1, ZB1-A-15-1-0-00-00-A, null, null, null, 1, 0
<==        Row: 2078360467708780546, admin, 2026-07-18 14:05:24.242000, null, null, A01, 2078348945532030978, 2078360466605678593, 2, 操作特性, 2, ZB1-A-15-2-0-00-00-A, null, null, null, 1, 0
<==        Row: 2078360468182736898, admin, 2026-07-18 14:05:24.363000, null, null, A01, 2078348945532030978, 2078360466605678593, 3, 正常程序, 3, ZB1-A-15-3-0-00-00-A, null, null, null, 1, 0
<==        Row: 2078360468799299586, admin, 2026-07-18 14:05:24.490000, admin, 2026-07-18 14:05:24.630000, A01, 2078348945532030978, 2078360466605678593, 4, 应急程序, 4, ZB1-A-15-4-0-00-00-A, null, null, null, 1, 1
<==        Row: 2078360469369724930, admin, 2026-07-18 14:05:24.638000, null, null, A01, 2078348945532030978, 2078360468799299586, 1, 概述, 1, ZB1-A-15-4-1-00-00-A, null, null, null, 1, 0
<==        Row: 2078360469994676226, admin, 2026-07-18 14:05:24.777000, null, null, A01, 2078348945532030978, 2078360468799299586, 2, 地面应急程序, 2, ZB1-A-15-4-2-00-00-A, null, null, null, 1, 0
<==        Row: 2078360470577684482, admin, 2026-07-18 14:05:24.920000, null, null, A01, 2078348945532030978, 2078360468799299586, 3, 解除应急状态程序, 3, ZB1-A-15-4-3-00-00-A, null, null, null, 1, 0
<==        Row: 2078360470976143361, admin, 2026-07-18 14:05:25.072000, null, null, A01, 2078348945532030978, 2078360468799299586, 4, 应急程序相关系统, 4, ZB1-A-15-4-4-00-00-A, null, null, null, 1, 0
<==        Row: 2078360471949221889, admin, 2026-07-18 14:05:25.239000, null, null, A01, 2078348945532030978, 2078360468799299586, 5, 单个或多重的发动机故障, 5, ZB1-A-15-4-5-00-00-A, null, null, null, 1, 0
<==        Row: 2078360472569978882, admin, 2026-07-18 14:05:25.391000, null, null, A01, 2078348945532030978, 2078360468799299586, 6, 抵达/离开应急程序, 6, ZB1-A-15-4-6-00-00-A, null, null, null, 1, 0
<==        Row: 2078360473115238402, admin, 2026-07-18 14:05:25.527000, null, null, A01, 2078348945532030978, 2078360468799299586, 7, 控制系统失效, 7, ZB1-A-15-4-7-00-00-A, null, null, null, 1, 0
<==        Row: 2078360473761161217, admin, 2026-07-18 14:05:25.673000, null, null, A01, 2078348945532030978, 2078360468799299586, 8, 其它应急程序或失效状况, 8, ZB1-A-15-4-8-00-00-A, null, null, null, 1, 0
<==        Row: 2078360473937321985, admin, 2026-07-18 14:05:25.825000, null, null, A01, 2078348945532030978, 2078360468799299586, 9, 多功能显示器给出的紧急情况信息, 9, ZB1-A-15-4-9-00-00-A, null, null, null, 1, 0
<==        Row: 2078360475128504321, admin, 2026-07-18 14:05:25.997000, null, null, A01, 2078348945532030978, 2078360466605678593, 5, 特殊条件, 5, ZB1-A-15-5-0-00-00-A, null, null, null, 1, 0
<==        Row: 2078360475636015105, admin, 2026-07-18 14:05:26.128000, null, null, A01, 2078348945532030978, 2078360466605678593, 6, 性能数据, 6, ZB1-A-15-6-0-00-00-A, null, null, null, 1, 0
<==        Row: 2078360476122554370, admin, 2026-07-18 14:05:26.243000, null, null, A01, 2078348945532030978, 2078360466605678593, 7, 任务操作程序, 7, ZB1-A-15-7-0-00-00-A, null, null, null, 1, 0
<==        Row: 2078360477452148738, admin, 2026-07-18 14:05:26.553000, null, null, A01, 2078348945532030978, 2078360466605678593, 8, 构型, 8, ZB1-A-15-8-0-00-00-A, null, null, null, 1, 0
<==        Row: 2078360477879967745, admin, 2026-07-18 14:05:26.657000, admin, 2026-07-18 14:05:26.781000, A01, 2078348945532030978, 2078360422452240386, 16, 任务变更（总论）, 17, ZB1-A-16-0-0-00-00-A, null, null, null, 1, 1
<==        Row: 2078360478450393090, admin, 2026-07-18 14:05:26.791000, null, null, A01, 2078348945532030978, 2078360477879967745, 1, 任务变更, 1, ZB1-A-16-1-0-00-00-A, null, null, null, 1, 0
<==        Row: 2078360478882406402, admin, 2026-07-18 14:05:26.894000, null, null, A01, 2078348945532030978, 2078360422452240386, 17, 项目自定义, 18, ZB1-A-17-0-0-00-00-A, null, null, null, 1, 0
<==        Row: 2078360479234727938, admin, 2026-07-18 14:05:26.986000, admin, 2026-07-18 14:05:27.120000, A01, 2078348945532030978, 2078360422452240386, 18, 震动、噪音分析与衰减（总论）, 19, ZB1-A-18-0-0-00-00-A, null, null, null, 1, 1
<==        Row: 2078360479863873537, admin, 2026-07-18 14:05:27.128000, null, null, A01, 2078348945532030978, 2078360479234727938, 1, 震动分析, 1, ZB1-A-18-1-0-00-00-A, null, null, null, 1, 0
<==        Row: 2078360480434298881, admin, 2026-07-18 14:05:27.275000, null, null, A01, 2078348945532030978, 2078360479234727938, 2, 噪音分析, 2, ZB1-A-18-2-0-00-00-A, null, null, null, 1, 0
<==        Row: 2078360480929226754, admin, 2026-07-18 14:05:27.402000, null, null, A01, 2078348945532030978, 2078360479234727938, 3, 有源衰减/激励, 3, ZB1-A-18-3-0-00-00-A, null, null, null, 1, 0
<==        Row: 2078360481562566658, admin, 2026-07-18 14:05:27.535000, null, null, A01, 2078348945532030978, 2078360479234727938, 4, 传感器, 4, ZB1-A-18-4-0-00-00-A, null, null, null, 1, 0
<==        Row: 2078360482091048962, admin, 2026-07-18 14:05:27.661000, null, null, A01, 2078348945532030978, 2078360479234727938, 5, 控制/计算, 5, ZB1-A-18-5-0-00-00-A, null, null, null, 1, 0
<==        Row: 2078360482648891394, admin, 2026-07-18 14:05:27.800000, null, null, A01, 2078348945532030978, 2078360479234727938, 6, 无源衰减, 6, ZB1-A-18-6-0-00-00-A, null, null, null, 1, 0
<==        Row: 2078360483554861058, admin, 2026-07-18 14:05:28.008000, null, null, A01, 2078348945532030978, 2078360422452240386, 19, 项目自定义, 20, ZB1-A-19-0-0-00-00-A, null, null, null, 1, 0
<==        Row: 2078360483936542722, admin, 2026-07-18 14:05:28.110000, null, null, A01, 2078348945532030978, 2078360422452240386, 20, 项目自定义, 21, ZB1-A-20-0-0-00-00-A, null, null, null, 1, 0
<==      Total: 111
Closing non transactional SqlSession [org.apache.ibatis.session.defaults.DefaultSqlSession@23ff8d6b]
2026-08-08 14:18:19.600 [http-nio-9999-exec-7] [34mINFO [0;39m [36morg.jeecg.common.system.query.QueryGenerator:648[0;39m - ---查询过滤器，Query规则---field:project_id, rule:=, value:2078348945532030978
2026-08-08 14:18:19.602 [http-nio-9999-exec-7] [34mINFO [0;39m [36morg.jeecg.common.system.query.QueryGenerator:241[0;39m - 排序规则>>列:null,排序方式:null
2026-08-08 14:18:19.604 [http-nio-9999-exec-7] [34mINFO [0;39m [36mo.j.m.i.p.c.IetmProjectConfigurationManagementController:263[0;39m - 查询子节点，pid=null, projectId=2078348945532030978
Creating a new SqlSession
SqlSession [org.apache.ibatis.session.defaults.DefaultSqlSession@23dc0377] was not registered for synchronization because synchronization is not active
original SQL: SELECT  id,create_by,create_time,update_by,update_time,sys_org_code,project_id,pid,code,title,seq,path,update_ip,version,status,security,has_child  FROM ietm_project_configuration_management 
 
 WHERE (project_id = ? AND project_id = ?)
SQL to parse, SQL: SELECT  id,create_by,create_time,update_by,update_time,sys_org_code,project_id,pid,code,title,seq,path,update_ip,version,status,security,has_child  FROM ietm_project_configuration_management 
 
 WHERE (project_id = ? AND project_id = ?)
parse the finished SQL: SELECT id, create_by, create_time, update_by, update_time, sys_org_code, project_id, pid, code, title, seq, path, update_ip, version, status, security, has_child FROM ietm_project_configuration_management WHERE (project_id = ? AND project_id = ?)
JDBC Connection [dm.jdbc.driver.DmdbConnection@2d3edb0b] will not be managed by Spring
==>  Preparing: SELECT id, create_by, create_time, update_by, update_time, sys_org_code, project_id, pid, code, title, seq, path, update_ip, version, status, security, has_child FROM ietm_project_configuration_management WHERE (project_id = ? AND project_id = ?)
==> Parameters: 2078348945532030978(String), 2078348945532030978(String)
<==    Columns: id, create_by, create_time, update_by, update_time, sys_org_code, project_id, pid, code, title, seq, PATH, update_ip, version, status, security, has_child
<==        Row: 2078349029430693889, admin, 2026-07-18 13:19:57.140000, admin, 2026-07-18 14:05:13.455000, A01, 2078348945532030978, 0, ZB1, 项目1, null, ZB1-A-00-0-0-00-00-A, null, null, null, 1, 1
<==        Row: 2078360422452240386, admin, 2026-07-18 14:05:13.435000, admin, 2026-07-18 14:05:13.545000, A01, 2078348945532030978, 2078349029430693889, A, 《内置构型》, null, ZB1-A-00-0-0-00-00-A, null, null, null, 1, 1
<==        Row: 2078360422867476482, admin, 2026-07-18 14:05:13.552000, admin, 2026-07-18 14:05:13.664000, A01, 2078348945532030978, 2078360422452240386, 00, 说明（总论）, 1, ZB1-A-00-0-0-00-00-A, null, null, null, 1, 1
<==        Row: 2078360423412736002, admin, 2026-07-18 14:05:13.674000, null, null, A01, 2078348945532030978, 2078360422867476482, 1, 一般性维修, 1, ZB1-A-00-1-0-00-00-A, null, null, null, 1, 0
<==        Row: 2078360423991549953, admin, 2026-07-18 14:05:13.825000, null, null, A01, 2078348945532030978, 2078360422867476482, 2, 安全, 2, ZB1-A-00-2-0-00-00-A, null, null, null, 1, 0
<==        Row: 2078360424473894914, admin, 2026-07-18 14:05:13.933000, null, null, A01, 2078348945532030978, 2078360422867476482, 3, 安全和防护设施, 3, ZB1-A-00-3-0-00-00-A, null, null, null, 1, 0
<==        Row: 2078360424964628481, admin, 2026-07-18 14:05:14.045000, admin, 2026-07-18 14:05:14.180000, A01, 2078348945532030978, 2078360422867476482, 4, 技术出版物, 4, ZB1-A-00-4-0-00-00-A, null, null, null, 1, 1
<==        Row: 2078360425585385473, admin, 2026-07-18 14:05:14.188000, null, null, A01, 2078348945532030978, 2078360424964628481, 1, 出版信息, 1, ZB1-A-00-4-1-00-00-A, null, null, null, 1, 0
<==        Row: 2078360426013204481, admin, 2026-07-18 14:05:14.312000, null, null, A01, 2078348945532030978, 2078360424964628481, 2, 信息集合, 2, ZB1-A-00-4-2-00-00-A, null, null, null, 1, 0
<==        Row: 2078360426571046913, admin, 2026-07-18 14:05:14.424000, null, null, A01, 2078348945532030978, 2078360422867476482, 5, 物资数据, 5, ZB1-A-00-5-0-00-00-A, null, null, null, 1, 0
<==        Row: 2078360427061780482, admin, 2026-07-18 14:05:14.539000, null, null, A01, 2078348945532030978, 2078360422867476482, 6, 项目自定义, 6, ZB1-A-00-6-0-00-00-A, null, null, null, 1, 0
<==        Row: 2078360427556708354, admin, 2026-07-18 14:05:14.661000, null, null, A01, 2078348945532030978, 2078360422867476482, 7, 项目自定义, 7, ZB1-A-00-7-0-00-00-A, null, null, null, 1, 0
<==        Row: 2078360428181659650, admin, 2026-07-18 14:05:14.808000, null, null, A01, 2078348945532030978, 2078360422867476482, 8, 项目自定义, 8, ZB1-A-00-8-0-00-00-A, null, null, null, 1, 0
<==        Row: 2078360428668198914, admin, 2026-07-18 14:05:14.926000, null, null, A01, 2078348945532030978, 2078360422867476482, 9, 战斗损伤修理, 9, ZB1-A-00-9-0-00-00-A, null, null, null, 1, 0
<==        Row: 2078360429075046402, admin, 2026-07-18 14:05:15.027000, admin, 2026-07-18 14:05:15.145000, A01, 2078348945532030978, 2078360422452240386, 01, 项目自定义, 2, ZB1-A-01-0-0-00-00-A, null, null, null, 1, 1
<==        Row: 2078360429653860353, admin, 2026-07-18 14:05:15.157000, null, null, A01, 2078348945532030978, 2078360429075046402, 1, 测试, 1, ZB1-A-01-1-0-00-00-A, null, null, null, 1, 0
<==        Row: 2078360430056513538, admin, 2026-07-18 14:05:15.260000, null, null, A01, 2078348945532030978, 2078360422452240386, 02, 项目自定义, 3, ZB1-A-02-0-0-00-00-A, null, null, null, 1, 0
<==        Row: 2078360430551441409, admin, 2026-07-18 14:05:15.380000, null, null, A01, 2078348945532030978, 2078360422452240386, 03, 项目自定义, 4, ZB1-A-03-0-0-00-00-A, null, null, null, 1, 0
<==        Row: 2078360430966677506, admin, 2026-07-18 14:05:15.474000, admin, 2026-07-18 14:05:15.603000, A01, 2078348945532030978, 2078360422452240386, 04, 使用限制（总论）, 5, ZB1-A-04-0-0-00-00-A, null, null, null, 1, 1
<==        Row: 2078360431532908545, admin, 2026-07-18 14:05:15.606000, null, null, A01, 2078348945532030978, 2078360430966677506, 1, 疲劳参数计算, 1, ZB1-A-04-1-0-00-00-A, null, null, null, 1, 0
<==        Row: 2078360432015253506, admin, 2026-07-18 14:05:15.723000, null, null, A01, 2078348945532030978, 2078360430966677506, 2, 使用范围, 2, ZB1-A-04-2-0-00-00-A, null, null, null, 1, 0
<==        Row: 2078360432434683906, admin, 2026-07-18 14:05:15.829000, admin, 2026-07-18 14:05:15.946000, A01, 2078348945532030978, 2078360422452240386, 05, 计划/非计划维修（总论）, 6, ZB1-A-05-0-0-00-00-A, null, null, null, 1, 1
<==        Row: 2078360432992526338, admin, 2026-07-18 14:05:15.956000, null, null, A01, 2078348945532030978, 2078360432434683906, 1, 时限, 1, ZB1-A-05-1-0-00-00-A, null, null, null, 1, 0
<==        Row: 2078360433370013698, admin, 2026-07-18 14:05:16.067000, null, null, A01, 2078348945532030978, 2078360432434683906, 2, 维修检查清单, 2, ZB1-A-05-2-0-00-00-A, null, null, null, 1, 0
<==        Row: 2078360433978187778, admin, 2026-07-18 14:05:16.192000, null, null, A01, 2078348945532030978, 2078360432434683906, 3, 项目自定义, 3, ZB1-A-05-3-0-00-00-A, null, null, null, 1, 0
<==        Row: 2078360434540224514, admin, 2026-07-18 14:05:16.322000, null, null, A01, 2078348945532030978, 2078360432434683906, 4, 计划性维修检查, 4, ZB1-A-05-4-0-00-00-A, null, null, null, 1, 0
<==        Row: 2078360435123232770, admin, 2026-07-18 14:05:16.461000, null, null, A01, 2078348945532030978, 2078360432434683906, 5, 非计划性维修检查, 5, ZB1-A-05-5-0-00-00-A, null, null, null, 1, 0
<==        Row: 2078360435668492290, admin, 2026-07-18 14:05:16.597000, null, null, A01, 2078348945532030978, 2078360432434683906, 6, 验收和功能性检查, 6, ZB1-A-05-6-0-00-00-A, null, null, null, 1, 0
<==        Row: 2078360436142448641, admin, 2026-07-18 14:05:16.716000, admin, 2026-07-18 14:05:16.842000, A01, 2078348945532030978, 2078360422452240386, 06, 尺寸和区域（总论）, 7, ZB1-A-06-0-0-00-00-A, null, null, null, 1, 1
<==        Row: 2078360436721262593, admin, 2026-07-18 14:05:16.851000, null, null, A01, 2078348945532030978, 2078360436142448641, 1, 主要尺寸, 1, ZB1-A-06-1-0-00-00-A, null, null, null, 1, 0
<==        Row: 2078360437274910722, admin, 2026-07-18 14:05:16.983000, null, null, A01, 2078348945532030978, 2078360436142448641, 2, 参考线, 2, ZB1-A-06-2-0-00-00-A, null, null, null, 1, 0
<==        Row: 2078360437832753154, admin, 2026-07-18 14:05:17.119000, null, null, A01, 2078348945532030978, 2078360436142448641, 3, 区域划分, 3, ZB1-A-06-3-0-00-00-A, null, null, null, 1, 0
<==        Row: 2078360438386401281, admin, 2026-07-18 14:05:17.247000, null, null, A01, 2078348945532030978, 2078360436142448641, 4, 口盖, 4, ZB1-A-06-4-0-00-00-A, null, null, null, 1, 0
<==        Row: 2078360438814220289, admin, 2026-07-18 14:05:17.349000, admin, 2026-07-18 14:05:17.467000, A01, 2078348945532030978, 2078360422452240386, 07, 顶起、支撑、恢复和运输（总论）, 8, ZB1-A-07-0-0-00-00-A, null, null, null, 1, 1
<==        Row: 2078360439359479809, admin, 2026-07-18 14:05:17.473000, null, null, A01, 2078348945532030978, 2078360438814220289, 1, 顶起, 1, ZB1-A-07-1-0-00-00-A, null, null, null, 1, 0
<==        Row: 2078360439850213377, admin, 2026-07-18 14:05:17.601000, null, null, A01, 2078348945532030978, 2078360438814220289, 2, 支撑, 2, ZB1-A-07-2-0-00-00-A, null, null, null, 1, 0
<==        Row: 2078360440420638722, admin, 2026-07-18 14:05:17.726000, null, null, A01, 2078348945532030978, 2078360438814220289, 3, 吊挂, 3, ZB1-A-07-3-0-00-00-A, null, null, null, 1, 0
<==        Row: 2078360440974286849, admin, 2026-07-18 14:05:17.863000, null, null, A01, 2078348945532030978, 2078360438814220289, 4, 恢复, 4, ZB1-A-07-4-0-00-00-A, null, null, null, 1, 0
<==        Row: 2078360441532129281, admin, 2026-07-18 14:05:17.999000, null, null, A01, 2078348945532030978, 2078360438814220289, 5, 运输, 5, ZB1-A-07-5-0-00-00-A, null, null, null, 1, 0
<==        Row: 2078360441947365378, admin, 2026-07-18 14:05:18.100000, admin, 2026-07-18 14:05:18.224000, A01, 2078348945532030978, 2078360422452240386, 08, 调平和称重（总论）, 9, ZB1-A-08-0-0-00-00-A, null, null, null, 1, 1
<==        Row: 2078360442517790721, admin, 2026-07-18 14:05:18.232000, null, null, A01, 2078348945532030978, 2078360441947365378, 1, 重量和平衡, 1, ZB1-A-08-1-0-00-00-A, null, null, null, 1, 0
<==        Row: 2078360443071438849, admin, 2026-07-18 14:05:18.351000, null, null, A01, 2078348945532030978, 2078360441947365378, 2, 水平测量, 2, ZB1-A-08-2-0-00-00-A, null, null, null, 1, 0
<==        Row: 2078360443486674946, admin, 2026-07-18 14:05:18.456000, null, null, A01, 2078348945532030978, 2078360441947365378, 3, 称重, 3, ZB1-A-08-3-0-00-00-A, null, null, null, 1, 0
<==        Row: 2078360444099043330, admin, 2026-07-18 14:05:18.609000, null, null, A01, 2078348945532030978, 2078360441947365378, 4, 重量和重心数据, 4, ZB1-A-08-4-0-00-00-A, null, null, null, 1, 0
<==        Row: 2078360444614942721, admin, 2026-07-18 14:05:18.742000, null, null, A01, 2078348945532030978, 2078360441947365378, 5, 静态稳定性, 5, ZB1-A-08-5-0-00-00-A, null, null, null, 1, 0
<==        Row: 2078360445403471874, admin, 2026-07-18 14:05:18.910000, admin, 2026-07-18 14:05:19.061000, A01, 2078348945532030978, 2078360422452240386, 09, 牵引和滑行（总论）, 10, ZB1-A-09-0-0-00-00-A, null, null, null, 1, 1
<==        Row: 2078360446007451650, admin, 2026-07-18 14:05:19.070000, null, null, A01, 2078348945532030978, 2078360445403471874, 1, 牵引, 1, ZB1-A-09-1-0-00-00-A, null, null, null, 1, 0
<==        Row: 2078360446615625730, admin, 2026-07-18 14:05:19.205000, null, null, A01, 2078348945532030978, 2078360445403471874, 2, 滑行, 2, ZB1-A-09-2-0-00-00-A, null, null, null, 1, 0
<==        Row: 2078360447001501698, admin, 2026-07-18 14:05:19.307000, admin, 2026-07-18 14:05:19.423000, A01, 2078348945532030978, 2078360422452240386, 10, 停放、系留、存放和恢复使用（总论）, 11, ZB1-A-10-0-0-00-00-A, null, null, null, 1, 1
<==        Row: 2078360447538372609, admin, 2026-07-18 14:05:19.429000, null, null, A01, 2078348945532030978, 2078360447001501698, 1, 停放, 1, ZB1-A-10-1-0-00-00-A, null, null, null, 1, 0
<==        Row: 2078360448066854913, admin, 2026-07-18 14:05:19.545000, null, null, A01, 2078348945532030978, 2078360447001501698, 2, 系留, 2, ZB1-A-10-2-0-00-00-A, null, null, null, 1, 0
<==        Row: 2078360448524034050, admin, 2026-07-18 14:05:19.662000, null, null, A01, 2078348945532030978, 2078360447001501698, 3, 存放, 3, ZB1-A-10-3-0-00-00-A, null, null, null, 1, 0
<==        Row: 2078360448985407490, admin, 2026-07-18 14:05:19.770000, null, null, A01, 2078348945532030978, 2078360447001501698, 4, 恢复使用, 4, ZB1-A-10-4-0-00-00-A, null, null, null, 1, 0
<==        Row: 2078360449325146113, admin, 2026-07-18 14:05:19.849000, admin, 2026-07-18 14:05:19.957000, A01, 2078348945532030978, 2078360422452240386, 11, 标牌和标志（总论）, 12, ZB1-A-11-0-0-00-00-A, null, null, null, 1, 1
<==        Row: 2078360449786519553, admin, 2026-07-18 14:05:19.960000, null, null, A01, 2078348945532030978, 2078360449325146113, 1, 外部配色方案和标志, 1, ZB1-A-11-1-0-00-00-A, null, null, null, 1, 0
<==        Row: 2078360450176589826, admin, 2026-07-18 14:05:20.059000, null, null, A01, 2078348945532030978, 2078360449325146113, 2, 外部标牌和标志, 2, ZB1-A-11-2-0-00-00-A, null, null, null, 1, 0
<==        Row: 2078360450658934785, admin, 2026-07-18 14:05:20.167000, null, null, A01, 2078348945532030978, 2078360449325146113, 3, 内部标牌和标志, 3, ZB1-A-11-3-0-00-00-A, null, null, null, 1, 0
<==        Row: 2078360451040616449, admin, 2026-07-18 14:05:20.261000, admin, 2026-07-18 14:05:20.369000, A01, 2078348945532030978, 2078360422452240386, 12, 保养（总论）, 13, ZB1-A-12-0-0-00-00-A, null, null, null, 1, 1
<==        Row: 2078360451728482305, admin, 2026-07-18 14:05:20.423000, null, null, A01, 2078348945532030978, 2078360451040616449, 1, 补充和损耗, 1, ZB1-A-12-1-0-00-00-A, null, null, null, 1, 0
<==        Row: 2078360452458291202, admin, 2026-07-18 14:05:20.596000, null, null, A01, 2078348945532030978, 2078360451040616449, 2, 定期保养, 2, ZB1-A-12-2-0-00-00-A, null, null, null, 1, 0
<==        Row: 2078360453204877313, admin, 2026-07-18 14:05:20.770000, null, null, A01, 2078348945532030978, 2078360451040616449, 3, 非定期保养, 3, ZB1-A-12-3-0-00-00-A, null, null, null, 1, 0
<==        Row: 2078360453657862146, admin, 2026-07-18 14:05:20.882000, null, null, A01, 2078348945532030978, 2078360422452240386, 13, 项目自定义, 14, ZB1-A-13-0-0-00-00-A, null, null, null, 1, 0
<==        Row: 2078360454119235585, admin, 2026-07-18 14:05:20.992000, admin, 2026-07-18 14:05:21.148000, A01, 2078348945532030978, 2078360422452240386, 14, 装卸（总论）, 15, ZB1-A-14-0-0-00-00-A, null, null, null, 1, 1
<==        Row: 2078360454802907137, admin, 2026-07-18 14:05:21.159000, null, null, A01, 2078348945532030978, 2078360454119235585, 1, 地面设备, 1, ZB1-A-14-1-0-00-00-A, null, null, null, 1, 0
<==        Row: 2078360455310417922, admin, 2026-07-18 14:05:21.274000, null, null, A01, 2078348945532030978, 2078360454119235585, 2, 货物, 2, ZB1-A-14-2-0-00-00-A, null, null, null, 1, 0
<==        Row: 2078360455683710977, admin, 2026-07-18 14:05:21.395000, admin, 2026-07-18 14:05:21.563000, A01, 2078348945532030978, 2078360454119235585, 3, 物品出入库的装卸, 3, ZB1-A-14-3-0-00-00-A, null, null, null, 1, 1
<==        Row: 2078360456577097729, admin, 2026-07-18 14:05:21.572000, null, null, A01, 2078348945532030978, 2078360455683710977, 1, 基本信息, 1, ZB1-A-14-3-1-00-00-A, null, null, null, 1, 0
<==        Row: 2078360457365626881, admin, 2026-07-18 14:05:21.771000, null, null, A01, 2078348945532030978, 2078360455683710977, 2, 附加信息, 2, ZB1-A-14-3-2-00-00-A, null, null, null, 1, 0
<==        Row: 2078360458149961729, admin, 2026-07-18 14:05:21.953000, null, null, A01, 2078348945532030978, 2078360455683710977, 3, 装载程序, 3, ZB1-A-14-3-3-00-00-A, null, null, null, 1, 0
<==        Row: 2078360458900742146, admin, 2026-07-18 14:05:22.134000, null, null, A01, 2078348945532030978, 2078360455683710977, 4, 卸载程序, 4, ZB1-A-14-3-4-00-00-A, null, null, null, 1, 0
<==        Row: 2078360459693465602, admin, 2026-07-18 14:05:22.323000, null, null, A01, 2078348945532030978, 2078360455683710977, 5, 装卸程序检查清单, 5, ZB1-A-14-3-5-00-00-A, null, null, null, 1, 0
<==        Row: 2078360460209364993, admin, 2026-07-18 14:05:22.454000, admin, 2026-07-18 14:05:22.619000, A01, 2078348945532030978, 2078360454119235585, 4, 非核装备, 4, ZB1-A-14-4-0-00-00-A, null, null, null, 1, 1
<==        Row: 2078360460893036546, admin, 2026-07-18 14:05:22.627000, null, null, A01, 2078348945532030978, 2078360460209364993, 1, 基本信息, 1, ZB1-A-14-4-1-00-00-A, null, null, null, 1, 0
<==        Row: 2078360461580902402, admin, 2026-07-18 14:05:22.779000, null, null, A01, 2078348945532030978, 2078360460209364993, 2, 附加信息, 2, ZB1-A-14-4-2-00-00-A, null, null, null, 1, 0
<==        Row: 2078360462226825217, admin, 2026-07-18 14:05:22.943000, null, null, A01, 2078348945532030978, 2078360460209364993, 3, 装载程序, 3, ZB1-A-14-4-3-00-00-A, null, null, null, 1, 0
<==        Row: 2078360462876942337, admin, 2026-07-18 14:05:23.100000, null, null, A01, 2078348945532030978, 2078360460209364993, 4, 卸载程序, 4, ZB1-A-14-4-4-00-00-A, null, null, null, 1, 0
<==        Row: 2078360463560613890, admin, 2026-07-18 14:05:23.245000, null, null, A01, 2078348945532030978, 2078360460209364993, 5, 装卸程序检查清单, 5, ZB1-A-14-4-5-00-00-A, null, null, null, 1, 0
<==        Row: 2078360464160399362, admin, 2026-07-18 14:05:23.408000, null, null, A01, 2078348945532030978, 2078360460209364993, 6, 综合战转换程序, 6, ZB1-A-14-4-6-00-00-A, null, null, null, 1, 0
<==        Row: 2078360464890208258, admin, 2026-07-18 14:05:23.562000, null, null, A01, 2078348945532030978, 2078360460209364993, 7, 综合战转换程序检查清单, 7, ZB1-A-14-4-7-00-00-A, null, null, null, 1, 0
<==        Row: 2078360465565491201, admin, 2026-07-18 14:05:23.723000, null, null, A01, 2078348945532030978, 2078360460209364993, 8, 交互保养检查单, 8, ZB1-A-14-4-8-00-00-A, null, null, null, 1, 0
<==        Row: 2078360466056224769, admin, 2026-07-18 14:05:23.869000, null, null, A01, 2078348945532030978, 2078360460209364993, 9, 核装备, 9, ZB1-A-14-4-9-00-00-A, null, null, null, 1, 0
<==        Row: 2078360466605678593, admin, 2026-07-18 14:05:23.974000, admin, 2026-07-18 14:05:24.111000, A01, 2078348945532030978, 2078360422452240386, 15, 操作信息（总论）, 16, ZB1-A-15-0-0-00-00-A, null, null, null, 1, 1
<==        Row: 2078360467176103937, admin, 2026-07-18 14:05:24.123000, null, null, A01, 2078348945532030978, 2078360466605678593, 1, 放行/操作限制, 1, ZB1-A-15-1-0-00-00-A, null, null, null, 1, 0
<==        Row: 2078360467708780546, admin, 2026-07-18 14:05:24.242000, null, null, A01, 2078348945532030978, 2078360466605678593, 2, 操作特性, 2, ZB1-A-15-2-0-00-00-A, null, null, null, 1, 0
<==        Row: 2078360468182736898, admin, 2026-07-18 14:05:24.363000, null, null, A01, 2078348945532030978, 2078360466605678593, 3, 正常程序, 3, ZB1-A-15-3-0-00-00-A, null, null, null, 1, 0
<==        Row: 2078360468799299586, admin, 2026-07-18 14:05:24.490000, admin, 2026-07-18 14:05:24.630000, A01, 2078348945532030978, 2078360466605678593, 4, 应急程序, 4, ZB1-A-15-4-0-00-00-A, null, null, null, 1, 1
<==        Row: 2078360469369724930, admin, 2026-07-18 14:05:24.638000, null, null, A01, 2078348945532030978, 2078360468799299586, 1, 概述, 1, ZB1-A-15-4-1-00-00-A, null, null, null, 1, 0
<==        Row: 2078360469994676226, admin, 2026-07-18 14:05:24.777000, null, null, A01, 2078348945532030978, 2078360468799299586, 2, 地面应急程序, 2, ZB1-A-15-4-2-00-00-A, null, null, null, 1, 0
<==        Row: 2078360470577684482, admin, 2026-07-18 14:05:24.920000, null, null, A01, 2078348945532030978, 2078360468799299586, 3, 解除应急状态程序, 3, ZB1-A-15-4-3-00-00-A, null, null, null, 1, 0
<==        Row: 2078360470976143361, admin, 2026-07-18 14:05:25.072000, null, null, A01, 2078348945532030978, 2078360468799299586, 4, 应急程序相关系统, 4, ZB1-A-15-4-4-00-00-A, null, null, null, 1, 0
<==        Row: 2078360471949221889, admin, 2026-07-18 14:05:25.239000, null, null, A01, 2078348945532030978, 2078360468799299586, 5, 单个或多重的发动机故障, 5, ZB1-A-15-4-5-00-00-A, null, null, null, 1, 0
<==        Row: 2078360472569978882, admin, 2026-07-18 14:05:25.391000, null, null, A01, 2078348945532030978, 2078360468799299586, 6, 抵达/离开应急程序, 6, ZB1-A-15-4-6-00-00-A, null, null, null, 1, 0
<==        Row: 2078360473115238402, admin, 2026-07-18 14:05:25.527000, null, null, A01, 2078348945532030978, 2078360468799299586, 7, 控制系统失效, 7, ZB1-A-15-4-7-00-00-A, null, null, null, 1, 0
<==        Row: 2078360473761161217, admin, 2026-07-18 14:05:25.673000, null, null, A01, 2078348945532030978, 2078360468799299586, 8, 其它应急程序或失效状况, 8, ZB1-A-15-4-8-00-00-A, null, null, null, 1, 0
<==        Row: 2078360473937321985, admin, 2026-07-18 14:05:25.825000, null, null, A01, 2078348945532030978, 2078360468799299586, 9, 多功能显示器给出的紧急情况信息, 9, ZB1-A-15-4-9-00-00-A, null, null, null, 1, 0
<==        Row: 2078360475128504321, admin, 2026-07-18 14:05:25.997000, null, null, A01, 2078348945532030978, 2078360466605678593, 5, 特殊条件, 5, ZB1-A-15-5-0-00-00-A, null, null, null, 1, 0
<==        Row: 2078360475636015105, admin, 2026-07-18 14:05:26.128000, null, null, A01, 2078348945532030978, 2078360466605678593, 6, 性能数据, 6, ZB1-A-15-6-0-00-00-A, null, null, null, 1, 0
<==        Row: 2078360476122554370, admin, 2026-07-18 14:05:26.243000, null, null, A01, 2078348945532030978, 2078360466605678593, 7, 任务操作程序, 7, ZB1-A-15-7-0-00-00-A, null, null, null, 1, 0
<==        Row: 2078360477452148738, admin, 2026-07-18 14:05:26.553000, null, null, A01, 2078348945532030978, 2078360466605678593, 8, 构型, 8, ZB1-A-15-8-0-00-00-A, null, null, null, 1, 0
<==        Row: 2078360477879967745, admin, 2026-07-18 14:05:26.657000, admin, 2026-07-18 14:05:26.781000, A01, 2078348945532030978, 2078360422452240386, 16, 任务变更（总论）, 17, ZB1-A-16-0-0-00-00-A, null, null, null, 1, 1
<==        Row: 2078360478450393090, admin, 2026-07-18 14:05:26.791000, null, null, A01, 2078348945532030978, 2078360477879967745, 1, 任务变更, 1, ZB1-A-16-1-0-00-00-A, null, null, null, 1, 0
<==        Row: 2078360478882406402, admin, 2026-07-18 14:05:26.894000, null, null, A01, 2078348945532030978, 2078360422452240386, 17, 项目自定义, 18, ZB1-A-17-0-0-00-00-A, null, null, null, 1, 0
<==        Row: 2078360479234727938, admin, 2026-07-18 14:05:26.986000, admin, 2026-07-18 14:05:27.120000, A01, 2078348945532030978, 2078360422452240386, 18, 震动、噪音分析与衰减（总论）, 19, ZB1-A-18-0-0-00-00-A, null, null, null, 1, 1
<==        Row: 2078360479863873537, admin, 2026-07-18 14:05:27.128000, null, null, A01, 2078348945532030978, 2078360479234727938, 1, 震动分析, 1, ZB1-A-18-1-0-00-00-A, null, null, null, 1, 0
<==        Row: 2078360480434298881, admin, 2026-07-18 14:05:27.275000, null, null, A01, 2078348945532030978, 2078360479234727938, 2, 噪音分析, 2, ZB1-A-18-2-0-00-00-A, null, null, null, 1, 0
<==        Row: 2078360480929226754, admin, 2026-07-18 14:05:27.402000, null, null, A01, 2078348945532030978, 2078360479234727938, 3, 有源衰减/激励, 3, ZB1-A-18-3-0-00-00-A, null, null, null, 1, 0
<==        Row: 2078360481562566658, admin, 2026-07-18 14:05:27.535000, null, null, A01, 2078348945532030978, 2078360479234727938, 4, 传感器, 4, ZB1-A-18-4-0-00-00-A, null, null, null, 1, 0
<==        Row: 2078360482091048962, admin, 2026-07-18 14:05:27.661000, null, null, A01, 2078348945532030978, 2078360479234727938, 5, 控制/计算, 5, ZB1-A-18-5-0-00-00-A, null, null, null, 1, 0
<==        Row: 2078360482648891394, admin, 2026-07-18 14:05:27.800000, null, null, A01, 2078348945532030978, 2078360479234727938, 6, 无源衰减, 6, ZB1-A-18-6-0-00-00-A, null, null, null, 1, 0
<==        Row: 2078360483554861058, admin, 2026-07-18 14:05:28.008000, null, null, A01, 2078348945532030978, 2078360422452240386, 19, 项目自定义, 20, ZB1-A-19-0-0-00-00-A, null, null, null, 1, 0
<==        Row: 2078360483936542722, admin, 2026-07-18 14:05:28.110000, null, null, A01, 2078348945532030978, 2078360422452240386, 20, 项目自定义, 21, ZB1-A-20-0-0-00-00-A, null, null, null, 1, 0
<==      Total: 111
Closing non transactional SqlSession [org.apache.ibatis.session.defaults.DefaultSqlSession@23dc0377]
Creating a new SqlSession
SqlSession [org.apache.ibatis.session.defaults.DefaultSqlSession@714a8592] was not registered for synchronization because synchronization is not active
original SQL: SELECT
            t1.id, t1.project_id, t1.project_name, t1.sns, t1.info_code, t1.info_code_variant,
            t1.ietm_location_code, t1.originator, t1.originator_name, t1.issue_no, t1.in_work,
            t1.version_type, t1.tech_name, t1.info_name, t1.cm_node_id, t1.cm_node_name, t1.cm_node_path,
            t1.is_latest, t1.status, t1.checkout_user, t1.checkout_time, t1.checkout_dm_id,
            t1.workflow_instance_id, t1.workflow_status, t1.dmc_code, t1.create_time, t1.update_time,
            -- 列表/详情展示所需字段（DM类型/密级/签发日期/语言/国家/责任单位）
            t1.dm_type, t1.security, t1.issue_date, t1.language_iso_code, t1.country_iso_code,
            t1.rpc, t1.rpc_name,
            -- 从流程视图获取动态字段
            v.activityalias_ AS activityalias_,  -- 流程当前步骤（实时计算）
            v.currenthandler_ AS currenthandler_  -- 当前待办人（实时）
        FROM ietm_data_module t1
        LEFT JOIN v_wf_instance v ON t1.id = v.formid_
        WHERE t1.status = '1'
          AND t1.is_latest = '1'
           
              AND t1.project_id = ?
           
           
               
                      AND t1.cm_node_id = ?
                   
           
        ORDER BY t1.create_time DESC
SQL to parse, SQL: SELECT
            t1.id, t1.project_id, t1.project_name, t1.sns, t1.info_code, t1.info_code_variant,
            t1.ietm_location_code, t1.originator, t1.originator_name, t1.issue_no, t1.in_work,
            t1.version_type, t1.tech_name, t1.info_name, t1.cm_node_id, t1.cm_node_name, t1.cm_node_path,
            t1.is_latest, t1.status, t1.checkout_user, t1.checkout_time, t1.checkout_dm_id,
            t1.workflow_instance_id, t1.workflow_status, t1.dmc_code, t1.create_time, t1.update_time,
            -- 列表/详情展示所需字段（DM类型/密级/签发日期/语言/国家/责任单位）
            t1.dm_type, t1.security, t1.issue_date, t1.language_iso_code, t1.country_iso_code,
            t1.rpc, t1.rpc_name,
            -- 从流程视图获取动态字段
            v.activityalias_ AS activityalias_,  -- 流程当前步骤（实时计算）
            v.currenthandler_ AS currenthandler_  -- 当前待办人（实时）
        FROM ietm_data_module t1
        LEFT JOIN v_wf_instance v ON t1.id = v.formid_
        WHERE t1.status = '1'
          AND t1.is_latest = '1'
           
              AND t1.project_id = ?
           
           
               
                      AND t1.cm_node_id = ?
                   
           
        ORDER BY t1.create_time DESC
parse the finished SQL: SELECT t1.id, t1.project_id, t1.project_name, t1.sns, t1.info_code, t1.info_code_variant, t1.ietm_location_code, t1.originator, t1.originator_name, t1.issue_no, t1.in_work, t1.version_type, t1.tech_name, t1.info_name, t1.cm_node_id, t1.cm_node_name, t1.cm_node_path, t1.is_latest, t1.status, t1.checkout_user, t1.checkout_time, t1.checkout_dm_id, t1.workflow_instance_id, t1.workflow_status, t1.dmc_code, t1.create_time, t1.update_time, t1.dm_type, t1.security, t1.issue_date, t1.language_iso_code, t1.country_iso_code, t1.rpc, t1.rpc_name, v.activityalias_ AS activityalias_, v.currenthandler_ AS currenthandler_ FROM ietm_data_module t1 LEFT JOIN v_wf_instance v ON t1.id = v.formid_ WHERE t1.status = '1' AND t1.is_latest = '1' AND t1.project_id = ? AND t1.cm_node_id = ? ORDER BY t1.create_time DESC
JDBC Connection [dm.jdbc.driver.DmdbConnection@2d3edb0b] will not be managed by Spring
==>  Preparing: SELECT COUNT(*) AS total FROM ietm_data_module t1 WHERE t1.status = '1' AND t1.is_latest = '1' AND t1.project_id = ? AND t1.cm_node_id = ?
==> Parameters: 2078348945532030978(String), 2078360422452240386(String)
<==    Columns: total
<==        Row: 0
<==      Total: 1
Closing non transactional SqlSession [org.apache.ibatis.session.defaults.DefaultSqlSession@714a8592]
Creating a new SqlSession
SqlSession [org.apache.ibatis.session.defaults.DefaultSqlSession@592099c7] was not registered for synchronization because synchronization is not active
JDBC Connection [dm.jdbc.driver.DmdbConnection@2d3edb0b] will not be managed by Spring
==>  Preparing: insert into sys_log (id, log_type, log_content, method, operate_type, request_url, request_type, request_param, ip, userid, username, cost_time, create_time,create_by) values( ?, ?, ?, ?, ?, ?, ?, ?, ?, ?, ?, ?, ?, ? )
==> Parameters: 2085973866269614081(String), 2(Integer), 数据模块管理-分页查询(String), org.jeecg.modules.ietm.ietmdatamodulemanagement.controller.IetmDataModuleController.queryPageList()(String), 1(Integer), null, null,   dataModule: IetmDataModule(id=null, projectId=2078348945532030978, projectName=null, schema=null, sns=null, infoCode=null, infoCodeVariant=null, ietmLocationCode=null, learnCode=null, learnEventCode=null, yearOfChange=null, seqNo=null, languageIsoCode=null, countryIsoCode=null, originator=null, originatorName=null, rpc=null, rpcName=null, issueNo=null, inWork=null, versionType=null, techName=null, infoName=null, techNameEn=null, infoNameEn=null, cmNodeId=2078360422452240386, cmNodeName=null, cmNodePath=null, isLatest=null, status=null, checkoutUser=null, checkoutTime=null, checkinTime=null, checkoutDmId=null, publishDate=null, workflowInstanceId=null, workflowStatus=null, workflowStep=null, workflowHandler=null, dmContent=null, dmType=null, dmTypeName=null, security=null, refCount=null, refedCount=null, remark=null, reason=null, createBy=null, createTime=null, updateBy=null, updateTime=null, version=null, sysOrgCode=null, infoCodePart=null, dmcCode=null, issueDate=null, securityClassification=null, language=null, attribute05=null)  pageNo: 1  pageSize: 10  projectId: 2078348945532030978  cmNodeId: 2078360422452240386  nodePath: null  showChildren: null  req: org.apache.shiro.web.servlet.ShiroHttpServletRequest@23240b3e(String), 0:0:0:0:0:0:0:1(String), admin(String), 管理员(String), 85(Long), 2026-08-08 14:18:19.913(Timestamp), null
<==    Updates: 1
Closing non transactional SqlSession [org.apache.ibatis.session.defaults.DefaultSqlSession@592099c7]
Creating a new SqlSession
SqlSession [org.apache.ibatis.session.defaults.DefaultSqlSession@28bd6bb5] was not registered for synchronization because synchronization is not active
original SQL: SELECT
            t1.id, t1.project_id, t1.project_name, t1.sns, t1.info_code, t1.info_code_variant,
            t1.ietm_location_code, t1.originator, t1.originator_name, t1.issue_no, t1.in_work,
            t1.version_type, t1.tech_name, t1.info_name, t1.cm_node_id, t1.cm_node_name, t1.cm_node_path,
            t1.is_latest, t1.status, t1.checkout_user, t1.checkout_time, t1.checkout_dm_id,
            t1.workflow_instance_id, t1.workflow_status, t1.dmc_code, t1.create_time, t1.update_time,
            -- 列表/详情展示所需字段（DM类型/密级/签发日期/语言/国家/责任单位）
            t1.dm_type, t1.security, t1.issue_date, t1.language_iso_code, t1.country_iso_code,
            t1.rpc, t1.rpc_name,
            -- 从流程视图获取动态字段
            v.activityalias_ AS activityalias_,  -- 流程当前步骤（实时计算）
            v.currenthandler_ AS currenthandler_  -- 当前待办人（实时）
        FROM ietm_data_module t1
        LEFT JOIN v_wf_instance v ON t1.id = v.formid_
        WHERE t1.status = '1'
          AND t1.is_latest = '1'
           
              AND t1.project_id = ?
           
           
               
                      AND t1.cm_node_id = ?
                   
           
        ORDER BY t1.create_time DESC
SQL to parse, SQL: SELECT
            t1.id, t1.project_id, t1.project_name, t1.sns, t1.info_code, t1.info_code_variant,
            t1.ietm_location_code, t1.originator, t1.originator_name, t1.issue_no, t1.in_work,
            t1.version_type, t1.tech_name, t1.info_name, t1.cm_node_id, t1.cm_node_name, t1.cm_node_path,
            t1.is_latest, t1.status, t1.checkout_user, t1.checkout_time, t1.checkout_dm_id,
            t1.workflow_instance_id, t1.workflow_status, t1.dmc_code, t1.create_time, t1.update_time,
            -- 列表/详情展示所需字段（DM类型/密级/签发日期/语言/国家/责任单位）
            t1.dm_type, t1.security, t1.issue_date, t1.language_iso_code, t1.country_iso_code,
            t1.rpc, t1.rpc_name,
            -- 从流程视图获取动态字段
            v.activityalias_ AS activityalias_,  -- 流程当前步骤（实时计算）
            v.currenthandler_ AS currenthandler_  -- 当前待办人（实时）
        FROM ietm_data_module t1
        LEFT JOIN v_wf_instance v ON t1.id = v.formid_
        WHERE t1.status = '1'
          AND t1.is_latest = '1'
           
              AND t1.project_id = ?
           
           
               
                      AND t1.cm_node_id = ?
                   
           
        ORDER BY t1.create_time DESC
parse the finished SQL: SELECT t1.id, t1.project_id, t1.project_name, t1.sns, t1.info_code, t1.info_code_variant, t1.ietm_location_code, t1.originator, t1.originator_name, t1.issue_no, t1.in_work, t1.version_type, t1.tech_name, t1.info_name, t1.cm_node_id, t1.cm_node_name, t1.cm_node_path, t1.is_latest, t1.status, t1.checkout_user, t1.checkout_time, t1.checkout_dm_id, t1.workflow_instance_id, t1.workflow_status, t1.dmc_code, t1.create_time, t1.update_time, t1.dm_type, t1.security, t1.issue_date, t1.language_iso_code, t1.country_iso_code, t1.rpc, t1.rpc_name, v.activityalias_ AS activityalias_, v.currenthandler_ AS currenthandler_ FROM ietm_data_module t1 LEFT JOIN v_wf_instance v ON t1.id = v.formid_ WHERE t1.status = '1' AND t1.is_latest = '1' AND t1.project_id = ? AND t1.cm_node_id = ? ORDER BY t1.create_time DESC
JDBC Connection [dm.jdbc.driver.DmdbConnection@2d3edb0b] will not be managed by Spring
==>  Preparing: SELECT COUNT(*) AS total FROM ietm_data_module t1 WHERE t1.status = '1' AND t1.is_latest = '1' AND t1.project_id = ? AND t1.cm_node_id = ?
==> Parameters: 2078348945532030978(String), 2078360430056513538(String)
<==    Columns: total
<==        Row: 1
<==      Total: 1
==>  Preparing: SELECT * FROM ( SELECT TMP.*, ROWNUM ROW_ID FROM ( SELECT t1.id, t1.project_id, t1.project_name, t1.sns, t1.info_code, t1.info_code_variant, t1.ietm_location_code, t1.originator, t1.originator_name, t1.issue_no, t1.in_work, t1.version_type, t1.tech_name, t1.info_name, t1.cm_node_id, t1.cm_node_name, t1.cm_node_path, t1.is_latest, t1.status, t1.checkout_user, t1.checkout_time, t1.checkout_dm_id, t1.workflow_instance_id, t1.workflow_status, t1.dmc_code, t1.create_time, t1.update_time, t1.dm_type, t1.security, t1.issue_date, t1.language_iso_code, t1.country_iso_code, t1.rpc, t1.rpc_name, v.activityalias_ AS activityalias_, v.currenthandler_ AS currenthandler_ FROM ietm_data_module t1 LEFT JOIN v_wf_instance v ON t1.id = v.formid_ WHERE t1.status = '1' AND t1.is_latest = '1' AND t1.project_id = ? AND t1.cm_node_id = ? ORDER BY t1.create_time DESC ) TMP WHERE ROWNUM <=?) WHERE ROW_ID > ?
==> Parameters: 2078348945532030978(String), 2078360430056513538(String), 10(Long), 0(Long)
<==    Columns: id, project_id, project_name, sns, info_code, info_code_variant, ietm_location_code, originator, originator_name, issue_no, in_work, version_type, tech_name, info_name, cm_node_id, cm_node_name, cm_node_path, is_latest, status, checkout_user, checkout_time, checkout_dm_id, workflow_instance_id, workflow_status, dmc_code, create_time, update_time, dm_type, security, issue_date, language_iso_code, country_iso_code, rpc, rpc_name, activityalias_, currenthandler_, ROW_ID
<==        Row: 2084954557183365121, 2078348945532030978, null, ZB1-A-02-00-00-00A, 007, A, A, 30101, null, 001, 03, 0, 项目自定义, 符号清单, 2078360430056513538, null, , 1, 1, admin, 2026-08-05 18:47:57.628000, 2084945965503942657, null, 1, DMC-ZB1-A-02-00-00-00A-007A-A_001-03_ZH-CN, 2026-08-05 18:47:57.628000, 2026-08-08 09:22:55.092000, description, 1, null, ZH, CN, 60101, null, null, null, 1
<==      Total: 1
Closing non transactional SqlSession [org.apache.ibatis.session.defaults.DefaultSqlSession@28bd6bb5]
Creating a new SqlSession
SqlSession [org.apache.ibatis.session.defaults.DefaultSqlSession@78cd3381] was not registered for synchronization because synchronization is not active
original SQL: SELECT
			dict.dict_code,
			item.item_text AS "text",
			item.item_value AS "value"
		FROM
			sys_dict_item item
		INNER JOIN sys_dict dict ON dict.id = item.dict_id
		WHERE dict.dict_code IN (
			  
				?
			 , 
				?
			 , 
				?
			 , 
				?
			 , 
				?
			 , 
				?
			 , 
				?
			 , 
				?
			 , 
				?
			 
		)
		AND item.item_value IN (
			  
				?
			 , 
				?
			 , 
				?
			 
		)
SQL to parse, SQL: SELECT
			dict.dict_code,
			item.item_text AS "text",
			item.item_value AS "value"
		FROM
			sys_dict_item item
		INNER JOIN sys_dict dict ON dict.id = item.dict_id
		WHERE dict.dict_code IN (
			  
				?
			 , 
				?
			 , 
				?
			 , 
				?
			 , 
				?
			 , 
				?
			 , 
				?
			 , 
				?
			 , 
				?
			 
		)
		AND item.item_value IN (
			  
				?
			 , 
				?
			 , 
				?
			 
		)
parse the finished SQL: SELECT dict.dict_code, item.item_text AS "text", item.item_value AS "value" FROM sys_dict_item item INNER JOIN sys_dict dict ON dict.id = item.dict_id WHERE dict.dict_code IN (?, ?, ?, ?, ?, ?, ?, ?, ?) AND item.item_value IN (?, ?, ?)
JDBC Connection [dm.jdbc.driver.DmdbConnection@2d3edb0b] will not be managed by Spring
==>  Preparing: SELECT dict.dict_code, item.item_text AS "text", item.item_value AS "value" FROM sys_dict_item item INNER JOIN sys_dict dict ON dict.id = item.dict_id WHERE dict.dict_code IN (?, ?, ?, ?, ?, ?, ?, ?, ?) AND item.item_value IN (?, ?, ?)
==> Parameters: dm_type(String), workflow_status(String), dm_status(String), country(String), security(String), dm_location_code(String), language(String), dm_rpc_type(String), dm_version_type(String), 1(String), ZH(String), 60101(String)
<==    Columns: dict_code, text, value
<==        Row: security, 公开, 1
<==        Row: dm_version_type, 已发布版本, 1
<==        Row: language, zh, zh
<==        Row: workflow_status, 流转中, 1
<==      Total: 4
Closing non transactional SqlSession [org.apache.ibatis.session.defaults.DefaultSqlSession@78cd3381]
Creating a new SqlSession
SqlSession [org.apache.ibatis.session.defaults.DefaultSqlSession@4391c420] was not registered for synchronization because synchronization is not active
JDBC Connection [dm.jdbc.driver.DmdbConnection@2d3edb0b] will not be managed by Spring
==>  Preparing: insert into sys_log (id, log_type, log_content, method, operate_type, request_url, request_type, request_param, ip, userid, username, cost_time, create_time,create_by) values( ?, ?, ?, ?, ?, ?, ?, ?, ?, ?, ?, ?, ?, ? )
==> Parameters: 2085973873672560641(String), 2(Integer), 数据模块管理-分页查询(String), org.jeecg.modules.ietm.ietmdatamodulemanagement.controller.IetmDataModuleController.queryPageList()(String), 1(Integer), null, null,   dataModule: IetmDataModule(id=null, projectId=2078348945532030978, projectName=null, schema=null, sns=null, infoCode=null, infoCodeVariant=null, ietmLocationCode=null, learnCode=null, learnEventCode=null, yearOfChange=null, seqNo=null, languageIsoCode=null, countryIsoCode=null, originator=null, originatorName=null, rpc=null, rpcName=null, issueNo=null, inWork=null, versionType=null, techName=null, infoName=null, techNameEn=null, infoNameEn=null, cmNodeId=2078360430056513538, cmNodeName=null, cmNodePath=null, isLatest=null, status=null, checkoutUser=null, checkoutTime=null, checkinTime=null, checkoutDmId=null, publishDate=null, workflowInstanceId=null, workflowStatus=null, workflowStep=null, workflowHandler=null, dmContent=null, dmType=null, dmTypeName=null, security=null, refCount=null, refedCount=null, remark=null, reason=null, createBy=null, createTime=null, updateBy=null, updateTime=null, version=null, sysOrgCode=null, infoCodePart=null, dmcCode=null, issueDate=null, securityClassification=null, language=null, attribute05=null)  pageNo: 1  pageSize: 10  projectId: 2078348945532030978  cmNodeId: 2078360430056513538  nodePath: null  showChildren: null  req: org.apache.shiro.web.servlet.ShiroHttpServletRequest@4710a7db(String), 0:0:0:0:0:0:0:1(String), admin(String), 管理员(String), 162(Long), 2026-08-08 14:18:21.708(Timestamp), null
<==    Updates: 1
Closing non transactional SqlSession [org.apache.ibatis.session.defaults.DefaultSqlSession@4391c420]
Creating a new SqlSession
SqlSession [org.apache.ibatis.session.defaults.DefaultSqlSession@3c0355b7] was not registered for synchronization because synchronization is not active
original SQL: SELECT * FROM (
			   SELECT p.*
			   FROM  sys_permission p
			   WHERE (exists(
						select a.id from sys_role_permission a
						join sys_role b on a.role_id = b.id
						join sys_user_role c on c.role_id = b.id
						join sys_user d on d.id = c.user_id
						where p.id = a.permission_id AND d.username = ?
					)
					or (p.url like '%:code' and p.url like '/online%' and p.hidden = 1)
					or (p.url like '%:id' and p.url like '/online%' and p.hidden = 1)
					or p.url = '/online')
			   and p.del_flag = 0
			
			   UNION
			   SELECT p.*
			   FROM  sys_permission p
			   WHERE exists(
					select a.id from sys_depart_role_permission a
					join sys_depart_role b on a.role_id = b.id
					join sys_depart_role_user c on c.drole_id = b.id
					join sys_user d on d.id = c.user_id
					where p.id = a.permission_id AND d.username = ?
			   )
			   and p.del_flag = 0
			
		   ) h order by h.sort_no ASC
SQL to parse, SQL: SELECT * FROM (
			   SELECT p.*
			   FROM  sys_permission p
			   WHERE (exists(
						select a.id from sys_role_permission a
						join sys_role b on a.role_id = b.id
						join sys_user_role c on c.role_id = b.id
						join sys_user d on d.id = c.user_id
						where p.id = a.permission_id AND d.username = ?
					)
					or (p.url like '%:code' and p.url like '/online%' and p.hidden = 1)
					or (p.url like '%:id' and p.url like '/online%' and p.hidden = 1)
					or p.url = '/online')
			   and p.del_flag = 0
			
			   UNION
			   SELECT p.*
			   FROM  sys_permission p
			   WHERE exists(
					select a.id from sys_depart_role_permission a
					join sys_depart_role b on a.role_id = b.id
					join sys_depart_role_user c on c.drole_id = b.id
					join sys_user d on d.id = c.user_id
					where p.id = a.permission_id AND d.username = ?
			   )
			   and p.del_flag = 0
			
		   ) h order by h.sort_no ASC
parse the finished SQL: SELECT * FROM (SELECT p.* FROM sys_permission p WHERE (EXISTS (SELECT a.id FROM sys_role_permission a JOIN sys_role b ON a.role_id = b.id JOIN sys_user_role c ON c.role_id = b.id JOIN sys_user d ON d.id = c.user_id WHERE p.id = a.permission_id AND d.username = ?) OR (p.url LIKE '%:code' AND p.url LIKE '/online%' AND p.hidden = 1) OR (p.url LIKE '%:id' AND p.url LIKE '/online%' AND p.hidden = 1) OR p.url = '/online') AND p.del_flag = 0 UNION SELECT p.* FROM sys_permission p WHERE EXISTS (SELECT a.id FROM sys_depart_role_permission a JOIN sys_depart_role b ON a.role_id = b.id JOIN sys_depart_role_user c ON c.drole_id = b.id JOIN sys_user d ON d.id = c.user_id WHERE p.id = a.permission_id AND d.username = ?) AND p.del_flag = 0) h ORDER BY h.sort_no ASC
JDBC Connection [dm.jdbc.driver.DmdbConnection@2d3edb0b] will not be managed by Spring
==>  Preparing: SELECT * FROM (SELECT p.* FROM sys_permission p WHERE (EXISTS (SELECT a.id FROM sys_role_permission a JOIN sys_role b ON a.role_id = b.id JOIN sys_user_role c ON c.role_id = b.id JOIN sys_user d ON d.id = c.user_id WHERE p.id = a.permission_id AND d.username = ?) OR (p.url LIKE '%:code' AND p.url LIKE '/online%' AND p.hidden = 1) OR (p.url LIKE '%:id' AND p.url LIKE '/online%' AND p.hidden = 1) OR p.url = '/online') AND p.del_flag = 0 UNION SELECT p.* FROM sys_permission p WHERE EXISTS (SELECT a.id FROM sys_depart_role_permission a JOIN sys_depart_role b ON a.role_id = b.id JOIN sys_depart_role_user c ON c.drole_id = b.id JOIN sys_user d ON d.id = c.user_id WHERE p.id = a.permission_id AND d.username = ?) AND p.del_flag = 0) h ORDER BY h.sort_no ASC
==> Parameters: admin(String), admin(String)
<==    Columns: ID, PARENT_ID, NAME, URL, COMPONENT, COMPONENT_NAME, REDIRECT, MENU_TYPE, PERMS, PERMS_TYPE, SORT_NO, ALWAYS_SHOW, ICON, IS_ROUTE, IS_LEAF, KEEP_ALIVE, HIDDEN, HIDE_TAB, DESCRIPTION, CREATE_BY, CREATE_TIME, UPDATE_BY, UPDATE_TIME, DEL_FLAG, RULE_FLAG, STATUS, INTERNAL_OR_EXTERNAL
<==        Row: 9502685863ab87f0ad1134142788a385, , 首页, /dashboard/analysis, dashboard/Analysis, null, null, 0, null, null, 0.0, 0, home, 1, 1, 0, 0, 0, null, null, 2018-12-25 20:34:38, admin, 2026-02-06 16:31:17, 0, 0, null, 0
<==        Row: 1260928341675982849, 3f915b2769fc80648e92d04e84ca059d, 添加按钮, null, null, null, null, 2, user:add, 1, 1.0, 0, null, 1, 1, 0, 0, null, null, admin, 2020-05-14 00:00:00, null, null, 0, 0, 1, 0
<==        Row: 2008069295683989506, 2008068007130886145, Word转DM, /302, 111, null, null, 1, null, 1, 1.0, 0, null, 1, 1, 0, 0, 0, null, admin, 2026-01-05 14:53:23, admin, 2026-01-08 20:59:19, 0, 0, 1, 0
<==        Row: 2008069592011567106, 2008069453259796481, 翻译, /305, 1111, null, null, 1, null, 1, 1.0, 0, null, 1, 1, 0, 0, 0, null, admin, 2026-01-05 14:54:34, admin, 2026-01-08 20:59:47, 0, 0, 1, 0
<==        Row: 2008070600762650625, 2008068063753990145, 数据模块导入, /402, 11, null, null, 1, null, 1, 1.0, 0, null, 1, 1, 0, 0, 0, null, admin, 2026-01-05 14:58:34, admin, 2026-01-08 21:00:31, 0, 0, 1, 0
<==        Row: 9cb91b8851db0cf7b19d7ecc2a8193dd, 1939e035e803a99ceecb6f5563570fb2, 我的任务表单, /modules/bpm/task/form/FormModule, modules/bpm/task/form/FormModule, null, null, 1, null, null, 1.0, 0, null, 1, 1, null, 0, null, null, admin, 2019-03-08 00:00:00, admin, 2019-03-08 00:00:00, 0, 0, null, null
<==        Row: 2008068408546750465, 2008067776595161090, 手册标准管理, /standard, ietm/standardmanagement/IetmStandardList, null, null, 1, null, 1, 1.0, 0, null, 1, 1, 0, 0, 0, null, admin, 2026-01-05 14:49:51, admin, 2026-01-08 20:25:41, 0, 0, 1, 0
<==        Row: 1260929666434318338, 3f915b2769fc80648e92d04e84ca059d, 用户编辑, null, null, null, null, 2, user:edit, 1, 1.0, 0, null, 1, 1, 0, 0, null, null, admin, 2020-05-14 00:00:00, null, null, 0, 0, 1, 0
<==        Row: 2008071144147316737, 2008068136860708865, 出版物管理, /602, 2, null, null, 1, null, 1, 1.0, 0, null, 1, 1, 0, 0, 0, null, admin, 2026-01-05 15:00:44, admin, 2026-01-08 21:01:23, 0, 0, 1, 0
<==        Row: 1a0811914300741f4e11838ff37a1d3a, 3f915b2769fc80648e92d04e84ca059d, 手机号禁用, null, null, null, null, 2, user:form:phone, 2, 1.0, 0, null, 0, 1, null, 0, null, null, admin, 2019-05-11 00:00:00, admin, 2019-05-11 00:00:00, 0, 0, 1, null
<==        Row: f2849d3814fc97993bfc519ae6bbf049, e41b69c57a941a3bbcce45032fe57605, AUTO复制表单, /online/copyform/:code, modules/online/cgform/OnlCgformCopyList, null, null, 1, null, 1, 1.0, 0, null, 1, 1, 0, 1, null, null, admin, 2019-08-29 00:00:00, null, null, 0, 0, 1, null
<==        Row: 2008070818400890882, 2008070671243735041, 导出数据模块, /405, 11, null, null, 1, null, 1, 1.0, 0, null, 1, 1, 0, 0, 0, null, admin, 2026-01-05 14:59:26, admin, 2026-01-08 21:00:49, 0, 0, 1, 0
<==        Row: 3f915b2769fc80648e92d04e84ca059d, d7d6e2e4e2934f2c9385a623fd98c6f3, 用户管理, /isystem/user, system/UserList, null, null, 1, null, null, 1.1, 0, null, 1, 0, 1, 0, 0, null, null, 2018-12-25 00:00:00, admin, 2022-10-14 00:00:00, 0, 0, null, 0
<==        Row: 190c2b43bec6a5f7a4194a85db67d96a, d7d6e2e4e2934f2c9385a623fd98c6f3, 角色管理, /isystem/roleUserList, system/RoleUserList, null, null, 1, null, null, 1.2, 0, null, 1, 1, 0, 0, null, null, admin, 2019-04-17 00:00:00, admin, 2019-12-25 00:00:00, 0, 0, null, 0
<==        Row: 1170592628746878978, d7d6e2e4e2934f2c9385a623fd98c6f3, 菜单管理, /isystem/newPermissionList, system/NewPermissionList, null, null, 1, null, 1, 1.3, 0, null, 1, 1, 0, 0, 0, null, admin, 2019-09-08 00:00:00, admin, 2022-10-14 00:00:00, 0, 0, 1, 0
<==        Row: 1280350452934307841, d7d6e2e4e2934f2c9385a623fd98c6f3, 租户管理, /isys/tenant, system/TenantList, null, null, 1, null, 1, 1.31, 0, null, 1, 1, 0, 0, null, null, admin, 2020-07-07 00:00:00, admin, 2021-08-16 00:00:00, 0, 0, 1, 0
<==        Row: 45c966826eeff4c99b8f8ebfe74511fc, d7d6e2e4e2934f2c9385a623fd98c6f3, 部门管理, /isystem/depart, system/DepartList, null, null, 1, null, null, 1.4, 0, null, 1, 1, 0, 0, null, null, admin, 2019-01-29 00:00:00, admin, 2019-12-25 00:00:00, 0, 0, null, 0
<==        Row: 2008069705744314370, 2008069453259796481, 设计视图设置, /306, 222, null, null, 1, null, 1, 2.0, 0, null, 1, 1, 0, 0, 0, null, admin, 2026-01-05 14:55:01, admin, 2026-01-08 20:59:57, 0, 0, 1, 0
<==        Row: 2008070905084571650, 2008070671243735041, 导出出版物模块, /406, 111, null, null, 1, null, 1, 2.0, 0, null, 1, 1, 0, 0, 0, null, admin, 2026-01-05 14:59:47, admin, 2026-01-08 21:00:57, 0, 0, 1, 0
<==        Row: 2008069375518371841, 2008068007130886145, DM离线编辑, /303, 1111, null, null, 1, null, 1, 2.0, 0, null, 1, 1, 0, 0, 0, null, admin, 2026-01-05 14:53:42, admin, 2026-01-08 20:59:28, 0, 0, 1, 0
<==        Row: 5c2f42277948043026b7a14692456828, d7d6e2e4e2934f2c9385a623fd98c6f3, 我的部门, /isystem/departUserList, system/DepartUserList, null, null, 1, null, null, 2.0, 0, null, 1, 1, 0, 0, null, null, admin, 2019-04-17 00:00:00, admin, 2019-12-25 00:00:00, 0, 0, null, 0
<==        Row: 2008068895991984130, 2008067884074201090, 项目信息码管理, /projectinformationcode, ietm/projectinformationcode/IetmProjectInformationCodeList, null, null, 1, null, 1, 2.0, 0, null, 1, 1, 0, 0, 0, null, admin, 2026-01-05 14:51:48, admin, 2026-01-12 10:30:54, 0, 0, 1, 0
<==        Row: 2008071223008620545, 2008068136860708865, 线性出版, /603, 1, null, null, 1, null, 1, 2.0, 0, , 1, 1, 0, 0, 0, null, admin, 2026-01-05 15:01:02, admin, 2026-01-08 21:01:31, 0, 0, 1, 0
<==        Row: 2008070671243735041, 2008068063753990145, 数据导出, /403, 22, null, null, 1, null, 1, 2.0, 0, null, 1, 0, 0, 0, 0, null, admin, 2026-01-05 14:58:51, admin, 2026-01-08 21:00:39, 0, 0, 1, 0
<==        Row: 2008068495435952129, 2008067776595161090, 手册预设模板管理, /standardtemplate, ietm/standardtemplatemanagement/StandardTemplateManagement, null, null, 1, null, 1, 2.0, 0, null, 1, 1, 0, 0, 0, null, admin, 2026-01-05 14:50:12, admin, 2026-01-12 11:32:20, 0, 0, 1, 0
<==        Row: 2008068972047298561, 2008067884074201090, 项目构型管理, /projectconfiguration, ietm/projectconfigurationmanagement/IetmProjectConfigurationManagementList, null, null, 1, null, 1, 3.0, 0, null, 1, 1, 0, 0, 0, null, admin, 2026-01-05 14:52:06, admin, 2026-02-10 11:38:25, 0, 0, 1, 0
<==        Row: 2008069453259796481, 2008068007130886145, 手册编辑设置, /304, 1111, null, null, 1, null, 1, 3.0, 0, null, 1, 0, 0, 0, 0, null, admin, 2026-01-05 14:54:00, admin, 2026-01-08 20:59:37, 0, 0, 1, 0
<==        Row: 2008071067370582018, 2008068063753990145, 数据交换记录, /408, 2, null, null, 1, null, 1, 3.0, 0, null, 1, 1, 0, 0, 0, null, admin, 2026-01-05 15:00:25, admin, 2026-01-08 21:01:11, 0, 0, 1, 0
<==        Row: 2008070986810585090, 2008070671243735041, 导出实体, /407, 111, null, null, 1, null, 1, 3.0, 0, , 1, 1, 0, 0, 0, null, admin, 2026-01-05 15:00:06, admin, 2026-01-08 21:01:03, 0, 0, 1, 0
<==        Row: 2008068602587836418, 2008067776595161090, 手册项目管理, /project, ietm/projectmanagement/IetmProjectList, null, null, 1, null, 1, 3.0, 0, null, 1, 1, 0, 0, 0, null, admin, 2026-01-05 14:50:38, admin, 2026-01-12 09:55:33, 0, 0, 1, 0
<==        Row: 2016742841506177025, 2008068007130886145, Edit, /IetmXmlEditor, ietm/ietmeditor/IetmXmlEditorPage, null, null, 1, null, 1, 4.0, 0, null, 1, 1, 0, 0, 0, null, admin, 2026-01-29 13:18:57, admin, 2026-01-29 14:25:28, 0, 0, 1, 0
<==        Row: 2008069040804524034, 2008067884074201090, 项目实体管理, /icnmanage, ietm/icnmanage/IetmIcnManageList, null, null, 1, null, 1, 4.0, 0, null, 1, 1, 0, 0, 0, null, admin, 2026-01-05 14:52:22, admin, 2026-02-06 11:27:24, 0, 0, 1, 0
<==        Row: 2008068672783708161, 2008067776595161090, 手册授权管理, /1005, ietm/ietmroleauth/IetmRoleauthList, null, null, 1, null, 1, 4.0, 0, null, 1, 1, 0, 0, 0, null, admin, 2026-01-05 14:50:54, admin, 2026-07-15 21:19:16, 0, 0, 1, 0
<==        Row: f1cb187abf927c88b89470d08615f5ac, d7d6e2e4e2934f2c9385a623fd98c6f3, 数据字典, /isystem/dict, system/DictList, null, null, 1, null, null, 5.0, 0, null, 1, 1, 0, 0, null, null, null, 2018-12-28 00:00:00, admin, 2020-02-23 00:00:00, 0, 0, null, 0
<==        Row: 2008069135360913409, 2008067884074201090, 项目数据模块管理, /ietmdatamodulemanagement, ietm/ietmdatamodulemanagement/IetmDataModuleList, null, null, 1, null, 1, 5.0, 0, null, 1, 1, 0, 0, 0, null, admin, 2026-01-05 14:52:45, admin, 2026-07-22 15:56:21, 0, 0, 1, 0
<==        Row: 1229674163694841857, e41b69c57a941a3bbcce45032fe57605, AUTO在线表单ERP, /online/cgformErpList/:code, modules/online/cgform/auto/erp/OnlCgformErpList, null, null, 1, null, 1, 5.0, 0, null, 1, 1, 0, 1, null, null, admin, 2020-02-18 00:00:00, admin, 2020-02-18 00:00:00, 0, 0, 1, 0
<==        Row: 1304032910990495745, e41b69c57a941a3bbcce45032fe57605, AUTO在线表单TAB, /online/cgformTabList/:code, modules/online/cgform/auto/tab/OnlCgformTabList, null, null, 1, null, 1, 8.0, 0, null, 1, 1, 0, 1, null, null, admin, 2020-09-10 00:00:00, admin, 2020-09-10 00:00:00, 0, 0, 1, 0
<==        Row: 22d6a3d39a59dd7ea9a30acfa6bfb0a5, e41b69c57a941a3bbcce45032fe57605, AUTO动态表单, /online/df/:table/:id, modules/online/cgform/auto/OnlineDynamicForm, null, null, 1, null, null, 9.0, 0, null, 0, 1, null, 1, null, null, admin, 2019-04-22 00:00:00, admin, 2019-04-30 00:00:00, 0, 0, null, null
<==        Row: fba41089766888023411a978d13c0aa4, e41b69c57a941a3bbcce45032fe57605, AUTO树表单列表, /online/cgformTreeList/:code, modules/online/cgform/auto/OnlCgformTreeList, null, null, 1, null, 1, 9.0, 0, null, 1, 1, null, 1, null, null, admin, 2019-05-21 00:00:00, admin, 2019-06-11 00:00:00, 0, 0, 1, null
<==        Row: 54097c6a3cf50fad0793a34beff1efdf, e41b69c57a941a3bbcce45032fe57605, AUTO在线表单, /online/cgformList/:code, modules/online/cgform/auto/OnlCgformAutoList, null, null, 1, null, null, 9.0, 0, null, 1, 1, null, 1, null, null, admin, 2019-03-19 00:00:00, admin, 2019-04-30 00:00:00, 0, 0, null, null
<==        Row: 9fe26464838de2ea5e90f2367e35efa0, e41b69c57a941a3bbcce45032fe57605, AUTO在线报表, /online/cgreport/:code, modules/online/cgreport/auto/OnlCgreportAutoList, onlineAutoList, null, 1, null, null, 9.0, 0, null, 1, 1, null, 1, null, null, admin, 2019-03-12 00:00:00, admin, 2019-04-30 00:00:00, 0, 0, null, null
<==        Row: 2008067776595161090, , 手册管理, /101, layouts/RouteView, null, null, 0, null, 1, 10.0, 0, copy, 1, 0, 0, 0, 0, null, admin, 2026-01-05 14:47:21, admin, 2026-01-05 15:29:10, 0, 0, 1, 0
<==        Row: 2008067884074201090, , 项目管理, /102, layouts/RouteView, null, null, 0, null, 1, 11.0, 0, audit, 1, 0, 0, 0, 0, null, admin, 2026-01-05 14:47:46, admin, 2026-01-05 15:26:04, 0, 0, 1, 0
<==        Row: 2008068007130886145, , 手册编辑, /301, layouts/RouteView, null, null, 0, null, 1, 12.0, 0, form, 1, 0, 0, 0, 0, null, admin, 2026-01-05 14:48:16, admin, 2026-01-08 20:59:10, 0, 0, 1, 0
<==        Row: 2008068063753990145, , 数据交换, /401, layouts/RouteView, null, null, 0, null, 1, 13.0, 0, interation, 1, 0, 0, 0, 0, null, admin, 2026-01-05 14:48:29, admin, 2026-01-08 21:00:07, 0, 0, 1, 0
<==        Row: 2008068136860708865, , 数据发布, /601, layouts/RouteView, null, null, 0, null, 1, 14.0, 0, global, 1, 0, 0, 0, 0, null, admin, 2026-01-05 14:48:47, admin, 2026-07-15 15:46:20, 0, 0, 1, 0
<==        Row: EFEDCB8751084A2DBB2471040E731073, , 浏览或编辑DM内容, /ietm/dm-content-editor/:id, ietm/ietmdatamodulemanagement/editor/DmContentEditor, DmContentEditor, null, 0, null, 1, 99.0, 0, null, 1, 1, 0, 1, 0, null, admin, 2026-08-01 17:28:57, admin, 2026-08-01 18:04:38, 0, 0, 1, 0
<==        Row: e41b69c57a941a3bbcce45032fe57605, , 在线开发, /online, layouts/RouteView, null, null, 0, null, null, 110.0, 0, cloud, 1, 0, 0, 0, 0, null, admin, 2019-03-08 00:00:00, admin, 2026-01-05 15:03:59, 0, 0, null, 0
<==        Row: d7d6e2e4e2934f2c9385a623fd98c6f3, , 系统管理, /isystem, layouts/RouteView, null, null, 0, null, null, 111.0, 0, setting, 1, 0, 0, 0, 0, null, null, 2018-12-25 00:00:00, admin, 2026-01-05 15:04:05, 0, 0, null, 0
<==        Row: 1235823781053313025, e41b69c57a941a3bbcce45032fe57605, AUTO在线内嵌子表, /online/cgformInnerTableList/:code, modules/online/cgform/auto/innerTable/OnlCgformInnerTableList, null, null, 1, null, 1, 999.0, 0, null, 1, 1, 0, 1, null, null, admin, 2020-03-06 00:00:00, admin, 2020-03-06 00:00:00, 0, 0, 1, 0
<==      Total: 50
Closing non transactional SqlSession [org.apache.ibatis.session.defaults.DefaultSqlSession@3c0355b7]
Creating a new SqlSession
SqlSession [org.apache.ibatis.session.defaults.DefaultSqlSession@a2f8448] was not registered for synchronization because synchronization is not active
original SQL: select role_code from sys_role where id in (select role_id from sys_user_role where user_id = (select id from sys_user where username=?))
SQL to parse, SQL: select role_code from sys_role where id in (select role_id from sys_user_role where user_id = (select id from sys_user where username=?))
parse the finished SQL: SELECT role_code FROM sys_role WHERE id IN (SELECT role_id FROM sys_user_role WHERE user_id = (SELECT id FROM sys_user WHERE username = ?))
JDBC Connection [dm.jdbc.driver.DmdbConnection@2d3edb0b] will not be managed by Spring
==>  Preparing: SELECT role_code FROM sys_role WHERE id IN (SELECT role_id FROM sys_user_role WHERE user_id = (SELECT id FROM sys_user WHERE username = ?))
==> Parameters: admin(String)
<==    Columns: role_code
<==        Row: vue3
<==        Row: admin
<==      Total: 2
Closing non transactional SqlSession [org.apache.ibatis.session.defaults.DefaultSqlSession@a2f8448]
Creating a new SqlSession
SqlSession [org.apache.ibatis.session.defaults.DefaultSqlSession@24afdd15] was not registered for synchronization because synchronization is not active
original SQL: SELECT  id,parent_id,name,perms,perms_type,icon,component,component_name,url,redirect,sort_no,menu_type,is_leaf AS leaf,is_route AS route,keep_alive,description,create_by,del_flag,rule_flag,hidden,hide_tab,create_time,update_by,update_time,status,always_show,internal_or_external  FROM sys_permission 
 
 WHERE (del_flag = ? AND menu_type = ?)
SQL to parse, SQL: SELECT  id,parent_id,name,perms,perms_type,icon,component,component_name,url,redirect,sort_no,menu_type,is_leaf AS leaf,is_route AS route,keep_alive,description,create_by,del_flag,rule_flag,hidden,hide_tab,create_time,update_by,update_time,status,always_show,internal_or_external  FROM sys_permission 
 
 WHERE (del_flag = ? AND menu_type = ?)
parse the finished SQL: SELECT id, parent_id, name, perms, perms_type, icon, component, component_name, url, redirect, sort_no, menu_type, is_leaf AS leaf, is_route AS route, keep_alive, description, create_by, del_flag, rule_flag, hidden, hide_tab, create_time, update_by, update_time, status, always_show, internal_or_external FROM sys_permission WHERE (del_flag = ? AND menu_type = ?)
JDBC Connection [dm.jdbc.driver.DmdbConnection@2d3edb0b] will not be managed by Spring
==>  Preparing: SELECT id, parent_id, name, perms, perms_type, icon, component, component_name, url, redirect, sort_no, menu_type, is_leaf AS leaf, is_route AS route, keep_alive, description, create_by, del_flag, rule_flag, hidden, hide_tab, create_time, update_by, update_time, status, always_show, internal_or_external FROM sys_permission WHERE (del_flag = ? AND menu_type = ?)
==> Parameters: 0(Integer), 2(Integer)
<==    Columns: id, parent_id, name, perms, perms_type, icon, component, component_name, url, redirect, sort_no, menu_type, leaf, route, keep_alive, description, create_by, del_flag, rule_flag, hidden, hide_tab, create_time, update_by, update_time, status, always_show, internal_or_external
<==        Row: 1400726868091015170, 4148ec82b6acd69f470bea75fe41c357, demo添加功能, demo:add, 1, null, null, null, null, null, null, 2, 1, 1, 0, null, admin, 0, 0, 0, null, 2021-06-04 16:11:24, null, null, 1, 0, 0
<==        Row: 0ac2ad938963b6c6d1af25477d5b8b51, 8d4683aacaa997ab86b966b464360338, 代码生成按钮, online:goGenerateCode, 1, null, null, null, null, null, 1.0, 2, 1, 1, null, null, admin, 0, 0, 0, null, 2019-06-11 00:00:00, null, null, 1, 0, null
<==        Row: 1260928341675982849, 3f915b2769fc80648e92d04e84ca059d, 添加按钮, user:add, 1, null, null, null, null, null, 1.0, 2, 1, 1, 0, null, admin, 0, 0, 0, null, 2020-05-14 00:00:00, null, null, 1, 0, 0
<==        Row: 1260929666434318338, 3f915b2769fc80648e92d04e84ca059d, 用户编辑, user:edit, 1, null, null, null, null, null, 1.0, 2, 1, 1, 0, null, admin, 0, 0, 0, null, 2020-05-14 00:00:00, null, null, 1, 0, 0
<==        Row: 1260931366557696001, 3f915b2769fc80648e92d04e84ca059d, 表单性别可见, user:sex, 1, null, null, null, null, null, 1.0, 2, 1, 1, 0, null, admin, 0, 0, 0, null, 2020-05-14 00:00:00, admin, 2020-05-14 00:00:00, 1, 0, 0
<==        Row: 1260933542969458689, 3f915b2769fc80648e92d04e84ca059d, 禁用生日字段, user:form:birthday, 2, null, null, null, null, null, 1.0, 2, 1, 1, 0, null, admin, 0, 0, 0, null, 2020-05-14 00:00:00, null, null, 1, 0, 0
<==        Row: 1a0811914300741f4e11838ff37a1d3a, 3f915b2769fc80648e92d04e84ca059d, 手机号禁用, user:form:phone, 2, null, null, null, null, null, 1.0, 2, 1, 0, null, null, admin, 0, 0, 0, null, 2019-05-11 00:00:00, admin, 2019-05-11 00:00:00, 1, 0, null
<==      Total: 7
Closing non transactional SqlSession [org.apache.ibatis.session.defaults.DefaultSqlSession@24afdd15]
Creating a new SqlSession
SqlSession [org.apache.ibatis.session.defaults.DefaultSqlSession@1704ed6e] was not registered for synchronization because synchronization is not active
original SQL: SELECT
            id,
            dm_id as dmId,
            resource_name as resourceName,
            file_name as fileName,
            file_path as filePath,
            file_size as fileSize,
            file_type as fileType,
            remark,
            operator,
            TO_CHAR(operate_time, 'YYYY-MM-DD HH24:MI:SS') as operateTime,
            create_by as createBy,
            TO_CHAR(create_time, 'YYYY-MM-DD HH24:MI:SS') as createTime
        FROM ietm_dm_resource
        WHERE dm_id = ?
        ORDER BY create_time DESC
SQL to parse, SQL: SELECT
            id,
            dm_id as dmId,
            resource_name as resourceName,
            file_name as fileName,
            file_path as filePath,
            file_size as fileSize,
            file_type as fileType,
            remark,
            operator,
            TO_CHAR(operate_time, 'YYYY-MM-DD HH24:MI:SS') as operateTime,
            create_by as createBy,
            TO_CHAR(create_time, 'YYYY-MM-DD HH24:MI:SS') as createTime
        FROM ietm_dm_resource
        WHERE dm_id = ?
        ORDER BY create_time DESC
parse the finished SQL: SELECT id, dm_id AS dmId, resource_name AS resourceName, file_name AS fileName, file_path AS filePath, file_size AS fileSize, file_type AS fileType, remark, operator, TO_CHAR(operate_time, 'YYYY-MM-DD HH24:MI:SS') AS operateTime, create_by AS createBy, TO_CHAR(create_time, 'YYYY-MM-DD HH24:MI:SS') AS createTime FROM ietm_dm_resource WHERE dm_id = ? ORDER BY create_time DESC
JDBC Connection [dm.jdbc.driver.DmdbConnection@2d3edb0b] will not be managed by Spring
==>  Preparing: SELECT id, dm_id AS dmId, resource_name AS resourceName, file_name AS fileName, file_path AS filePath, file_size AS fileSize, file_type AS fileType, remark, operator, TO_CHAR(operate_time, 'YYYY-MM-DD HH24:MI:SS') AS operateTime, create_by AS createBy, TO_CHAR(create_time, 'YYYY-MM-DD HH24:MI:SS') AS createTime FROM ietm_dm_resource WHERE dm_id = ? ORDER BY create_time DESC
==> Parameters: 2084954557183365121(String)
<==      Total: 0
Closing non transactional SqlSession [org.apache.ibatis.session.defaults.DefaultSqlSession@1704ed6e]
Creating a new SqlSession
SqlSession [org.apache.ibatis.session.defaults.DefaultSqlSession@58b5c3f7] was not registered for synchronization because synchronization is not active
JDBC Connection [dm.jdbc.driver.DmdbConnection@2d3edb0b] will not be managed by Spring
==>  Preparing: insert into sys_log (id, log_type, log_content, method, operate_type, request_url, request_type, request_param, ip, userid, username, cost_time, create_time,create_by) values( ?, ?, ?, ?, ?, ?, ?, ?, ?, ?, ?, ?, ?, ? )
==> Parameters: 2085973887513763842(String), 2(Integer), 数据模块管理-查询资源(String), org.jeecg.modules.ietm.ietmdatamodulemanagement.controller.IetmDataModuleController.queryDmResources()(String), 1(Integer), null, null,   dmId: 2084954557183365121(String), 0:0:0:0:0:0:0:1(String), admin(String), 管理员(String), 42(Long), 2026-08-08 14:18:24.975(Timestamp), null
<==    Updates: 1
Closing non transactional SqlSession [org.apache.ibatis.session.defaults.DefaultSqlSession@58b5c3f7]
2026-08-08 14:18:26.479 [http-nio-9999-exec-5] [34mINFO [0;39m [36mo.j.m.i.p.c.IetmProjectConfigurationManagementController:83[0;39m - 查询构型列表，projectId=2078348945532030978
2026-08-08 14:18:26.482 [http-nio-9999-exec-5] [34mINFO [0;39m [36morg.jeecg.common.system.query.QueryGenerator:648[0;39m - ---查询过滤器，Query规则---field:project_id, rule:=, value:2078348945532030978
2026-08-08 14:18:26.484 [http-nio-9999-exec-5] [34mINFO [0;39m [36morg.jeecg.common.system.query.QueryGenerator:241[0;39m - 排序规则>>列:null,排序方式:null
Creating a new SqlSession
SqlSession [org.apache.ibatis.session.defaults.DefaultSqlSession@23f7262a] was not registered for synchronization because synchronization is not active
original SQL: SELECT  id,create_by,create_time,update_by,update_time,sys_org_code,project_id,pid,code,title,seq,path,update_ip,version,status,security,has_child  FROM ietm_project_configuration_management 
 
 WHERE (project_id = ? AND pid = ? AND project_id = ?)
SQL to parse, SQL: SELECT  id,create_by,create_time,update_by,update_time,sys_org_code,project_id,pid,code,title,seq,path,update_ip,version,status,security,has_child  FROM ietm_project_configuration_management 
 
 WHERE (project_id = ? AND pid = ? AND project_id = ?)
parse the finished SQL: SELECT id, create_by, create_time, update_by, update_time, sys_org_code, project_id, pid, code, title, seq, path, update_ip, version, status, security, has_child FROM ietm_project_configuration_management WHERE (project_id = ? AND pid = ? AND project_id = ?)
JDBC Connection [dm.jdbc.driver.DmdbConnection@2d3edb0b] will not be managed by Spring
==>  Preparing: SELECT COUNT(*) AS total FROM ietm_project_configuration_management WHERE (project_id = ? AND pid = ? AND project_id = ?)
==> Parameters: 2078348945532030978(String), 0(String), 2078348945532030978(String)
<==    Columns: total
<==        Row: 1
<==      Total: 1
==>  Preparing: SELECT * FROM ( SELECT TMP.*, ROWNUM ROW_ID FROM ( SELECT id, create_by, create_time, update_by, update_time, sys_org_code, project_id, pid, code, title, seq, path, update_ip, version, status, security, has_child FROM ietm_project_configuration_management WHERE (project_id = ? AND pid = ? AND project_id = ?) ) TMP WHERE ROWNUM <=?) WHERE ROW_ID > ?
==> Parameters: 2078348945532030978(String), 0(String), 2078348945532030978(String), 10(Long), 0(Long)
<==    Columns: id, create_by, create_time, update_by, update_time, sys_org_code, project_id, pid, code, title, seq, PATH, update_ip, version, status, security, has_child, ROW_ID
<==        Row: 2078349029430693889, admin, 2026-07-18 13:19:57.140000, admin, 2026-07-18 14:05:13.455000, A01, 2078348945532030978, 0, ZB1, 项目1, null, ZB1-A-00-0-0-00-00-A, null, null, null, 1, 1, 1
<==      Total: 1
Closing non transactional SqlSession [org.apache.ibatis.session.defaults.DefaultSqlSession@23f7262a]
2026-08-08 14:18:26.601 [http-nio-9999-exec-7] [34mINFO [0;39m [36morg.jeecg.common.system.query.QueryGenerator:648[0;39m - ---查询过滤器，Query规则---field:project_id, rule:=, value:2078348945532030978
2026-08-08 14:18:26.603 [http-nio-9999-exec-8] [34mINFO [0;39m [36morg.jeecg.common.system.query.QueryGenerator:648[0;39m - ---查询过滤器，Query规则---field:project_id, rule:=, value:2078348945532030978
2026-08-08 14:18:26.604 [http-nio-9999-exec-7] [34mINFO [0;39m [36morg.jeecg.common.system.query.QueryGenerator:241[0;39m - 排序规则>>列:null,排序方式:null
2026-08-08 14:18:26.605 [http-nio-9999-exec-7] [34mINFO [0;39m [36mo.j.m.i.p.c.IetmProjectConfigurationManagementController:263[0;39m - 查询子节点，pid=null, projectId=2078348945532030978
2026-08-08 14:18:26.606 [http-nio-9999-exec-8] [34mINFO [0;39m [36morg.jeecg.common.system.query.QueryGenerator:241[0;39m - 排序规则>>列:null,排序方式:null
Creating a new SqlSession
SqlSession [org.apache.ibatis.session.defaults.DefaultSqlSession@716bcb56] was not registered for synchronization because synchronization is not active
2026-08-08 14:18:26.607 [http-nio-9999-exec-8] [34mINFO [0;39m [36mo.j.m.i.p.c.IetmProjectConfigurationManagementController:263[0;39m - 查询子节点，pid=null, projectId=2078348945532030978
Creating a new SqlSession
SqlSession [org.apache.ibatis.session.defaults.DefaultSqlSession@538b78e] was not registered for synchronization because synchronization is not active
original SQL: SELECT  id,create_by,create_time,update_by,update_time,sys_org_code,project_id,pid,code,title,seq,path,update_ip,version,status,security,has_child  FROM ietm_project_configuration_management 
 
 WHERE (project_id = ? AND project_id = ?)
original SQL: SELECT  id,create_by,create_time,update_by,update_time,sys_org_code,project_id,pid,code,title,seq,path,update_ip,version,status,security,has_child  FROM ietm_project_configuration_management 
 
 WHERE (project_id = ? AND project_id = ?)
SQL to parse, SQL: SELECT  id,create_by,create_time,update_by,update_time,sys_org_code,project_id,pid,code,title,seq,path,update_ip,version,status,security,has_child  FROM ietm_project_configuration_management 
 
 WHERE (project_id = ? AND project_id = ?)
parse the finished SQL: SELECT id, create_by, create_time, update_by, update_time, sys_org_code, project_id, pid, code, title, seq, path, update_ip, version, status, security, has_child FROM ietm_project_configuration_management WHERE (project_id = ? AND project_id = ?)
JDBC Connection [dm.jdbc.driver.DmdbConnection@2d3edb0b] will not be managed by Spring
SQL to parse, SQL: SELECT  id,create_by,create_time,update_by,update_time,sys_org_code,project_id,pid,code,title,seq,path,update_ip,version,status,security,has_child  FROM ietm_project_configuration_management 
 
 WHERE (project_id = ? AND project_id = ?)
parse the finished SQL: SELECT id, create_by, create_time, update_by, update_time, sys_org_code, project_id, pid, code, title, seq, path, update_ip, version, status, security, has_child FROM ietm_project_configuration_management WHERE (project_id = ? AND project_id = ?)
==>  Preparing: SELECT id, create_by, create_time, update_by, update_time, sys_org_code, project_id, pid, code, title, seq, path, update_ip, version, status, security, has_child FROM ietm_project_configuration_management WHERE (project_id = ? AND project_id = ?)
==> Parameters: 2078348945532030978(String), 2078348945532030978(String)
<==    Columns: id, create_by, create_time, update_by, update_time, sys_org_code, project_id, pid, code, title, seq, PATH, update_ip, version, status, security, has_child
<==        Row: 2078349029430693889, admin, 2026-07-18 13:19:57.140000, admin, 2026-07-18 14:05:13.455000, A01, 2078348945532030978, 0, ZB1, 项目1, null, ZB1-A-00-0-0-00-00-A, null, null, null, 1, 1
<==        Row: 2078360422452240386, admin, 2026-07-18 14:05:13.435000, admin, 2026-07-18 14:05:13.545000, A01, 2078348945532030978, 2078349029430693889, A, 《内置构型》, null, ZB1-A-00-0-0-00-00-A, null, null, null, 1, 1
<==        Row: 2078360422867476482, admin, 2026-07-18 14:05:13.552000, admin, 2026-07-18 14:05:13.664000, A01, 2078348945532030978, 2078360422452240386, 00, 说明（总论）, 1, ZB1-A-00-0-0-00-00-A, null, null, null, 1, 1
<==        Row: 2078360423412736002, admin, 2026-07-18 14:05:13.674000, null, null, A01, 2078348945532030978, 2078360422867476482, 1, 一般性维修, 1, ZB1-A-00-1-0-00-00-A, null, null, null, 1, 0
<==        Row: 2078360423991549953, admin, 2026-07-18 14:05:13.825000, null, null, A01, 2078348945532030978, 2078360422867476482, 2, 安全, 2, ZB1-A-00-2-0-00-00-A, null, null, null, 1, 0
<==        Row: 2078360424473894914, admin, 2026-07-18 14:05:13.933000, null, null, A01, 2078348945532030978, 2078360422867476482, 3, 安全和防护设施, 3, ZB1-A-00-3-0-00-00-A, null, null, null, 1, 0
<==        Row: 2078360424964628481, admin, 2026-07-18 14:05:14.045000, admin, 2026-07-18 14:05:14.180000, A01, 2078348945532030978, 2078360422867476482, 4, 技术出版物, 4, ZB1-A-00-4-0-00-00-A, null, null, null, 1, 1
JDBC Connection [dm.jdbc.driver.DmdbConnection@4daacdbb] will not be managed by Spring
<==        Row: 2078360425585385473, admin, 2026-07-18 14:05:14.188000, null, null, A01, 2078348945532030978, 2078360424964628481, 1, 出版信息, 1, ZB1-A-00-4-1-00-00-A, null, null, null, 1, 0
<==        Row: 2078360426013204481, admin, 2026-07-18 14:05:14.312000, null, null, A01, 2078348945532030978, 2078360424964628481, 2, 信息集合, 2, ZB1-A-00-4-2-00-00-A, null, null, null, 1, 0
<==        Row: 2078360426571046913, admin, 2026-07-18 14:05:14.424000, null, null, A01, 2078348945532030978, 2078360422867476482, 5, 物资数据, 5, ZB1-A-00-5-0-00-00-A, null, null, null, 1, 0
<==        Row: 2078360427061780482, admin, 2026-07-18 14:05:14.539000, null, null, A01, 2078348945532030978, 2078360422867476482, 6, 项目自定义, 6, ZB1-A-00-6-0-00-00-A, null, null, null, 1, 0
<==        Row: 2078360427556708354, admin, 2026-07-18 14:05:14.661000, null, null, A01, 2078348945532030978, 2078360422867476482, 7, 项目自定义, 7, ZB1-A-00-7-0-00-00-A, null, null, null, 1, 0
<==        Row: 2078360428181659650, admin, 2026-07-18 14:05:14.808000, null, null, A01, 2078348945532030978, 2078360422867476482, 8, 项目自定义, 8, ZB1-A-00-8-0-00-00-A, null, null, null, 1, 0
<==        Row: 2078360428668198914, admin, 2026-07-18 14:05:14.926000, null, null, A01, 2078348945532030978, 2078360422867476482, 9, 战斗损伤修理, 9, ZB1-A-00-9-0-00-00-A, null, null, null, 1, 0
<==        Row: 2078360429075046402, admin, 2026-07-18 14:05:15.027000, admin, 2026-07-18 14:05:15.145000, A01, 2078348945532030978, 2078360422452240386, 01, 项目自定义, 2, ZB1-A-01-0-0-00-00-A, null, null, null, 1, 1
<==        Row: 2078360429653860353, admin, 2026-07-18 14:05:15.157000, null, null, A01, 2078348945532030978, 2078360429075046402, 1, 测试, 1, ZB1-A-01-1-0-00-00-A, null, null, null, 1, 0
==>  Preparing: SELECT id, create_by, create_time, update_by, update_time, sys_org_code, project_id, pid, code, title, seq, path, update_ip, version, status, security, has_child FROM ietm_project_configuration_management WHERE (project_id = ? AND project_id = ?)
<==        Row: 2078360430056513538, admin, 2026-07-18 14:05:15.260000, null, null, A01, 2078348945532030978, 2078360422452240386, 02, 项目自定义, 3, ZB1-A-02-0-0-00-00-A, null, null, null, 1, 0
<==        Row: 2078360430551441409, admin, 2026-07-18 14:05:15.380000, null, null, A01, 2078348945532030978, 2078360422452240386, 03, 项目自定义, 4, ZB1-A-03-0-0-00-00-A, null, null, null, 1, 0
<==        Row: 2078360430966677506, admin, 2026-07-18 14:05:15.474000, admin, 2026-07-18 14:05:15.603000, A01, 2078348945532030978, 2078360422452240386, 04, 使用限制（总论）, 5, ZB1-A-04-0-0-00-00-A, null, null, null, 1, 1
<==        Row: 2078360431532908545, admin, 2026-07-18 14:05:15.606000, null, null, A01, 2078348945532030978, 2078360430966677506, 1, 疲劳参数计算, 1, ZB1-A-04-1-0-00-00-A, null, null, null, 1, 0
<==        Row: 2078360432015253506, admin, 2026-07-18 14:05:15.723000, null, null, A01, 2078348945532030978, 2078360430966677506, 2, 使用范围, 2, ZB1-A-04-2-0-00-00-A, null, null, null, 1, 0
<==        Row: 2078360432434683906, admin, 2026-07-18 14:05:15.829000, admin, 2026-07-18 14:05:15.946000, A01, 2078348945532030978, 2078360422452240386, 05, 计划/非计划维修（总论）, 6, ZB1-A-05-0-0-00-00-A, null, null, null, 1, 1
<==        Row: 2078360432992526338, admin, 2026-07-18 14:05:15.956000, null, null, A01, 2078348945532030978, 2078360432434683906, 1, 时限, 1, ZB1-A-05-1-0-00-00-A, null, null, null, 1, 0
==> Parameters: 2078348945532030978(String), 2078348945532030978(String)
<==        Row: 2078360433370013698, admin, 2026-07-18 14:05:16.067000, null, null, A01, 2078348945532030978, 2078360432434683906, 2, 维修检查清单, 2, ZB1-A-05-2-0-00-00-A, null, null, null, 1, 0
<==        Row: 2078360433978187778, admin, 2026-07-18 14:05:16.192000, null, null, A01, 2078348945532030978, 2078360432434683906, 3, 项目自定义, 3, ZB1-A-05-3-0-00-00-A, null, null, null, 1, 0
<==        Row: 2078360434540224514, admin, 2026-07-18 14:05:16.322000, null, null, A01, 2078348945532030978, 2078360432434683906, 4, 计划性维修检查, 4, ZB1-A-05-4-0-00-00-A, null, null, null, 1, 0
<==        Row: 2078360435123232770, admin, 2026-07-18 14:05:16.461000, null, null, A01, 2078348945532030978, 2078360432434683906, 5, 非计划性维修检查, 5, ZB1-A-05-5-0-00-00-A, null, null, null, 1, 0
<==        Row: 2078360435668492290, admin, 2026-07-18 14:05:16.597000, null, null, A01, 2078348945532030978, 2078360432434683906, 6, 验收和功能性检查, 6, ZB1-A-05-6-0-00-00-A, null, null, null, 1, 0
<==        Row: 2078360436142448641, admin, 2026-07-18 14:05:16.716000, admin, 2026-07-18 14:05:16.842000, A01, 2078348945532030978, 2078360422452240386, 06, 尺寸和区域（总论）, 7, ZB1-A-06-0-0-00-00-A, null, null, null, 1, 1
<==        Row: 2078360436721262593, admin, 2026-07-18 14:05:16.851000, null, null, A01, 2078348945532030978, 2078360436142448641, 1, 主要尺寸, 1, ZB1-A-06-1-0-00-00-A, null, null, null, 1, 0
<==        Row: 2078360437274910722, admin, 2026-07-18 14:05:16.983000, null, null, A01, 2078348945532030978, 2078360436142448641, 2, 参考线, 2, ZB1-A-06-2-0-00-00-A, null, null, null, 1, 0
<==        Row: 2078360437832753154, admin, 2026-07-18 14:05:17.119000, null, null, A01, 2078348945532030978, 2078360436142448641, 3, 区域划分, 3, ZB1-A-06-3-0-00-00-A, null, null, null, 1, 0
<==        Row: 2078360438386401281, admin, 2026-07-18 14:05:17.247000, null, null, A01, 2078348945532030978, 2078360436142448641, 4, 口盖, 4, ZB1-A-06-4-0-00-00-A, null, null, null, 1, 0
<==        Row: 2078360438814220289, admin, 2026-07-18 14:05:17.349000, admin, 2026-07-18 14:05:17.467000, A01, 2078348945532030978, 2078360422452240386, 07, 顶起、支撑、恢复和运输（总论）, 8, ZB1-A-07-0-0-00-00-A, null, null, null, 1, 1
<==        Row: 2078360439359479809, admin, 2026-07-18 14:05:17.473000, null, null, A01, 2078348945532030978, 2078360438814220289, 1, 顶起, 1, ZB1-A-07-1-0-00-00-A, null, null, null, 1, 0
<==        Row: 2078360439850213377, admin, 2026-07-18 14:05:17.601000, null, null, A01, 2078348945532030978, 2078360438814220289, 2, 支撑, 2, ZB1-A-07-2-0-00-00-A, null, null, null, 1, 0
<==        Row: 2078360440420638722, admin, 2026-07-18 14:05:17.726000, null, null, A01, 2078348945532030978, 2078360438814220289, 3, 吊挂, 3, ZB1-A-07-3-0-00-00-A, null, null, null, 1, 0
<==        Row: 2078360440974286849, admin, 2026-07-18 14:05:17.863000, null, null, A01, 2078348945532030978, 2078360438814220289, 4, 恢复, 4, ZB1-A-07-4-0-00-00-A, null, null, null, 1, 0
<==        Row: 2078360441532129281, admin, 2026-07-18 14:05:17.999000, null, null, A01, 2078348945532030978, 2078360438814220289, 5, 运输, 5, ZB1-A-07-5-0-00-00-A, null, null, null, 1, 0
<==        Row: 2078360441947365378, admin, 2026-07-18 14:05:18.100000, admin, 2026-07-18 14:05:18.224000, A01, 2078348945532030978, 2078360422452240386, 08, 调平和称重（总论）, 9, ZB1-A-08-0-0-00-00-A, null, null, null, 1, 1
<==        Row: 2078360442517790721, admin, 2026-07-18 14:05:18.232000, null, null, A01, 2078348945532030978, 2078360441947365378, 1, 重量和平衡, 1, ZB1-A-08-1-0-00-00-A, null, null, null, 1, 0
<==        Row: 2078360443071438849, admin, 2026-07-18 14:05:18.351000, null, null, A01, 2078348945532030978, 2078360441947365378, 2, 水平测量, 2, ZB1-A-08-2-0-00-00-A, null, null, null, 1, 0
<==        Row: 2078360443486674946, admin, 2026-07-18 14:05:18.456000, null, null, A01, 2078348945532030978, 2078360441947365378, 3, 称重, 3, ZB1-A-08-3-0-00-00-A, null, null, null, 1, 0
<==        Row: 2078360444099043330, admin, 2026-07-18 14:05:18.609000, null, null, A01, 2078348945532030978, 2078360441947365378, 4, 重量和重心数据, 4, ZB1-A-08-4-0-00-00-A, null, null, null, 1, 0
<==        Row: 2078360444614942721, admin, 2026-07-18 14:05:18.742000, null, null, A01, 2078348945532030978, 2078360441947365378, 5, 静态稳定性, 5, ZB1-A-08-5-0-00-00-A, null, null, null, 1, 0
<==        Row: 2078360445403471874, admin, 2026-07-18 14:05:18.910000, admin, 2026-07-18 14:05:19.061000, A01, 2078348945532030978, 2078360422452240386, 09, 牵引和滑行（总论）, 10, ZB1-A-09-0-0-00-00-A, null, null, null, 1, 1
<==        Row: 2078360446007451650, admin, 2026-07-18 14:05:19.070000, null, null, A01, 2078348945532030978, 2078360445403471874, 1, 牵引, 1, ZB1-A-09-1-0-00-00-A, null, null, null, 1, 0
<==        Row: 2078360446615625730, admin, 2026-07-18 14:05:19.205000, null, null, A01, 2078348945532030978, 2078360445403471874, 2, 滑行, 2, ZB1-A-09-2-0-00-00-A, null, null, null, 1, 0
<==        Row: 2078360447001501698, admin, 2026-07-18 14:05:19.307000, admin, 2026-07-18 14:05:19.423000, A01, 2078348945532030978, 2078360422452240386, 10, 停放、系留、存放和恢复使用（总论）, 11, ZB1-A-10-0-0-00-00-A, null, null, null, 1, 1
<==        Row: 2078360447538372609, admin, 2026-07-18 14:05:19.429000, null, null, A01, 2078348945532030978, 2078360447001501698, 1, 停放, 1, ZB1-A-10-1-0-00-00-A, null, null, null, 1, 0
<==        Row: 2078360448066854913, admin, 2026-07-18 14:05:19.545000, null, null, A01, 2078348945532030978, 2078360447001501698, 2, 系留, 2, ZB1-A-10-2-0-00-00-A, null, null, null, 1, 0
<==        Row: 2078360448524034050, admin, 2026-07-18 14:05:19.662000, null, null, A01, 2078348945532030978, 2078360447001501698, 3, 存放, 3, ZB1-A-10-3-0-00-00-A, null, null, null, 1, 0
<==        Row: 2078360448985407490, admin, 2026-07-18 14:05:19.770000, null, null, A01, 2078348945532030978, 2078360447001501698, 4, 恢复使用, 4, ZB1-A-10-4-0-00-00-A, null, null, null, 1, 0
<==        Row: 2078360449325146113, admin, 2026-07-18 14:05:19.849000, admin, 2026-07-18 14:05:19.957000, A01, 2078348945532030978, 2078360422452240386, 11, 标牌和标志（总论）, 12, ZB1-A-11-0-0-00-00-A, null, null, null, 1, 1
<==        Row: 2078360449786519553, admin, 2026-07-18 14:05:19.960000, null, null, A01, 2078348945532030978, 2078360449325146113, 1, 外部配色方案和标志, 1, ZB1-A-11-1-0-00-00-A, null, null, null, 1, 0
<==        Row: 2078360450176589826, admin, 2026-07-18 14:05:20.059000, null, null, A01, 2078348945532030978, 2078360449325146113, 2, 外部标牌和标志, 2, ZB1-A-11-2-0-00-00-A, null, null, null, 1, 0
<==        Row: 2078360450658934785, admin, 2026-07-18 14:05:20.167000, null, null, A01, 2078348945532030978, 2078360449325146113, 3, 内部标牌和标志, 3, ZB1-A-11-3-0-00-00-A, null, null, null, 1, 0
<==        Row: 2078360451040616449, admin, 2026-07-18 14:05:20.261000, admin, 2026-07-18 14:05:20.369000, A01, 2078348945532030978, 2078360422452240386, 12, 保养（总论）, 13, ZB1-A-12-0-0-00-00-A, null, null, null, 1, 1
<==        Row: 2078360451728482305, admin, 2026-07-18 14:05:20.423000, null, null, A01, 2078348945532030978, 2078360451040616449, 1, 补充和损耗, 1, ZB1-A-12-1-0-00-00-A, null, null, null, 1, 0
<==        Row: 2078360452458291202, admin, 2026-07-18 14:05:20.596000, null, null, A01, 2078348945532030978, 2078360451040616449, 2, 定期保养, 2, ZB1-A-12-2-0-00-00-A, null, null, null, 1, 0
<==        Row: 2078360453204877313, admin, 2026-07-18 14:05:20.770000, null, null, A01, 2078348945532030978, 2078360451040616449, 3, 非定期保养, 3, ZB1-A-12-3-0-00-00-A, null, null, null, 1, 0
<==        Row: 2078360453657862146, admin, 2026-07-18 14:05:20.882000, null, null, A01, 2078348945532030978, 2078360422452240386, 13, 项目自定义, 14, ZB1-A-13-0-0-00-00-A, null, null, null, 1, 0
<==        Row: 2078360454119235585, admin, 2026-07-18 14:05:20.992000, admin, 2026-07-18 14:05:21.148000, A01, 2078348945532030978, 2078360422452240386, 14, 装卸（总论）, 15, ZB1-A-14-0-0-00-00-A, null, null, null, 1, 1
<==        Row: 2078360454802907137, admin, 2026-07-18 14:05:21.159000, null, null, A01, 2078348945532030978, 2078360454119235585, 1, 地面设备, 1, ZB1-A-14-1-0-00-00-A, null, null, null, 1, 0
<==        Row: 2078360455310417922, admin, 2026-07-18 14:05:21.274000, null, null, A01, 2078348945532030978, 2078360454119235585, 2, 货物, 2, ZB1-A-14-2-0-00-00-A, null, null, null, 1, 0
<==        Row: 2078360455683710977, admin, 2026-07-18 14:05:21.395000, admin, 2026-07-18 14:05:21.563000, A01, 2078348945532030978, 2078360454119235585, 3, 物品出入库的装卸, 3, ZB1-A-14-3-0-00-00-A, null, null, null, 1, 1
<==        Row: 2078360456577097729, admin, 2026-07-18 14:05:21.572000, null, null, A01, 2078348945532030978, 2078360455683710977, 1, 基本信息, 1, ZB1-A-14-3-1-00-00-A, null, null, null, 1, 0
<==        Row: 2078360457365626881, admin, 2026-07-18 14:05:21.771000, null, null, A01, 2078348945532030978, 2078360455683710977, 2, 附加信息, 2, ZB1-A-14-3-2-00-00-A, null, null, null, 1, 0
<==        Row: 2078360458149961729, admin, 2026-07-18 14:05:21.953000, null, null, A01, 2078348945532030978, 2078360455683710977, 3, 装载程序, 3, ZB1-A-14-3-3-00-00-A, null, null, null, 1, 0
<==        Row: 2078360458900742146, admin, 2026-07-18 14:05:22.134000, null, null, A01, 2078348945532030978, 2078360455683710977, 4, 卸载程序, 4, ZB1-A-14-3-4-00-00-A, null, null, null, 1, 0
<==        Row: 2078360459693465602, admin, 2026-07-18 14:05:22.323000, null, null, A01, 2078348945532030978, 2078360455683710977, 5, 装卸程序检查清单, 5, ZB1-A-14-3-5-00-00-A, null, null, null, 1, 0
<==        Row: 2078360460209364993, admin, 2026-07-18 14:05:22.454000, admin, 2026-07-18 14:05:22.619000, A01, 2078348945532030978, 2078360454119235585, 4, 非核装备, 4, ZB1-A-14-4-0-00-00-A, null, null, null, 1, 1
<==        Row: 2078360460893036546, admin, 2026-07-18 14:05:22.627000, null, null, A01, 2078348945532030978, 2078360460209364993, 1, 基本信息, 1, ZB1-A-14-4-1-00-00-A, null, null, null, 1, 0
<==        Row: 2078360461580902402, admin, 2026-07-18 14:05:22.779000, null, null, A01, 2078348945532030978, 2078360460209364993, 2, 附加信息, 2, ZB1-A-14-4-2-00-00-A, null, null, null, 1, 0
<==        Row: 2078360462226825217, admin, 2026-07-18 14:05:22.943000, null, null, A01, 2078348945532030978, 2078360460209364993, 3, 装载程序, 3, ZB1-A-14-4-3-00-00-A, null, null, null, 1, 0
<==        Row: 2078360462876942337, admin, 2026-07-18 14:05:23.100000, null, null, A01, 2078348945532030978, 2078360460209364993, 4, 卸载程序, 4, ZB1-A-14-4-4-00-00-A, null, null, null, 1, 0
<==        Row: 2078360463560613890, admin, 2026-07-18 14:05:23.245000, null, null, A01, 2078348945532030978, 2078360460209364993, 5, 装卸程序检查清单, 5, ZB1-A-14-4-5-00-00-A, null, null, null, 1, 0
<==        Row: 2078360464160399362, admin, 2026-07-18 14:05:23.408000, null, null, A01, 2078348945532030978, 2078360460209364993, 6, 综合战转换程序, 6, ZB1-A-14-4-6-00-00-A, null, null, null, 1, 0
<==        Row: 2078360464890208258, admin, 2026-07-18 14:05:23.562000, null, null, A01, 2078348945532030978, 2078360460209364993, 7, 综合战转换程序检查清单, 7, ZB1-A-14-4-7-00-00-A, null, null, null, 1, 0
<==        Row: 2078360465565491201, admin, 2026-07-18 14:05:23.723000, null, null, A01, 2078348945532030978, 2078360460209364993, 8, 交互保养检查单, 8, ZB1-A-14-4-8-00-00-A, null, null, null, 1, 0
<==        Row: 2078360466056224769, admin, 2026-07-18 14:05:23.869000, null, null, A01, 2078348945532030978, 2078360460209364993, 9, 核装备, 9, ZB1-A-14-4-9-00-00-A, null, null, null, 1, 0
<==        Row: 2078360466605678593, admin, 2026-07-18 14:05:23.974000, admin, 2026-07-18 14:05:24.111000, A01, 2078348945532030978, 2078360422452240386, 15, 操作信息（总论）, 16, ZB1-A-15-0-0-00-00-A, null, null, null, 1, 1
<==        Row: 2078360467176103937, admin, 2026-07-18 14:05:24.123000, null, null, A01, 2078348945532030978, 2078360466605678593, 1, 放行/操作限制, 1, ZB1-A-15-1-0-00-00-A, null, null, null, 1, 0
<==        Row: 2078360467708780546, admin, 2026-07-18 14:05:24.242000, null, null, A01, 2078348945532030978, 2078360466605678593, 2, 操作特性, 2, ZB1-A-15-2-0-00-00-A, null, null, null, 1, 0
<==        Row: 2078360468182736898, admin, 2026-07-18 14:05:24.363000, null, null, A01, 2078348945532030978, 2078360466605678593, 3, 正常程序, 3, ZB1-A-15-3-0-00-00-A, null, null, null, 1, 0
<==        Row: 2078360468799299586, admin, 2026-07-18 14:05:24.490000, admin, 2026-07-18 14:05:24.630000, A01, 2078348945532030978, 2078360466605678593, 4, 应急程序, 4, ZB1-A-15-4-0-00-00-A, null, null, null, 1, 1
<==        Row: 2078360469369724930, admin, 2026-07-18 14:05:24.638000, null, null, A01, 2078348945532030978, 2078360468799299586, 1, 概述, 1, ZB1-A-15-4-1-00-00-A, null, null, null, 1, 0
<==        Row: 2078360469994676226, admin, 2026-07-18 14:05:24.777000, null, null, A01, 2078348945532030978, 2078360468799299586, 2, 地面应急程序, 2, ZB1-A-15-4-2-00-00-A, null, null, null, 1, 0
<==        Row: 2078360470577684482, admin, 2026-07-18 14:05:24.920000, null, null, A01, 2078348945532030978, 2078360468799299586, 3, 解除应急状态程序, 3, ZB1-A-15-4-3-00-00-A, null, null, null, 1, 0
<==        Row: 2078360470976143361, admin, 2026-07-18 14:05:25.072000, null, null, A01, 2078348945532030978, 2078360468799299586, 4, 应急程序相关系统, 4, ZB1-A-15-4-4-00-00-A, null, null, null, 1, 0
<==    Columns: id, create_by, create_time, update_by, update_time, sys_org_code, project_id, pid, code, title, seq, PATH, update_ip, version, status, security, has_child
<==        Row: 2078360471949221889, admin, 2026-07-18 14:05:25.239000, null, null, A01, 2078348945532030978, 2078360468799299586, 5, 单个或多重的发动机故障, 5, ZB1-A-15-4-5-00-00-A, null, null, null, 1, 0
<==        Row: 2078360472569978882, admin, 2026-07-18 14:05:25.391000, null, null, A01, 2078348945532030978, 2078360468799299586, 6, 抵达/离开应急程序, 6, ZB1-A-15-4-6-00-00-A, null, null, null, 1, 0
<==        Row: 2078360473115238402, admin, 2026-07-18 14:05:25.527000, null, null, A01, 2078348945532030978, 2078360468799299586, 7, 控制系统失效, 7, ZB1-A-15-4-7-00-00-A, null, null, null, 1, 0
<==        Row: 2078349029430693889, admin, 2026-07-18 13:19:57.140000, admin, 2026-07-18 14:05:13.455000, A01, 2078348945532030978, 0, ZB1, 项目1, null, ZB1-A-00-0-0-00-00-A, null, null, null, 1, 1
<==        Row: 2078360473761161217, admin, 2026-07-18 14:05:25.673000, null, null, A01, 2078348945532030978, 2078360468799299586, 8, 其它应急程序或失效状况, 8, ZB1-A-15-4-8-00-00-A, null, null, null, 1, 0
<==        Row: 2078360473937321985, admin, 2026-07-18 14:05:25.825000, null, null, A01, 2078348945532030978, 2078360468799299586, 9, 多功能显示器给出的紧急情况信息, 9, ZB1-A-15-4-9-00-00-A, null, null, null, 1, 0
<==        Row: 2078360422452240386, admin, 2026-07-18 14:05:13.435000, admin, 2026-07-18 14:05:13.545000, A01, 2078348945532030978, 2078349029430693889, A, 《内置构型》, null, ZB1-A-00-0-0-00-00-A, null, null, null, 1, 1
<==        Row: 2078360475128504321, admin, 2026-07-18 14:05:25.997000, null, null, A01, 2078348945532030978, 2078360466605678593, 5, 特殊条件, 5, ZB1-A-15-5-0-00-00-A, null, null, null, 1, 0
<==        Row: 2078360475636015105, admin, 2026-07-18 14:05:26.128000, null, null, A01, 2078348945532030978, 2078360466605678593, 6, 性能数据, 6, ZB1-A-15-6-0-00-00-A, null, null, null, 1, 0
<==        Row: 2078360476122554370, admin, 2026-07-18 14:05:26.243000, null, null, A01, 2078348945532030978, 2078360466605678593, 7, 任务操作程序, 7, ZB1-A-15-7-0-00-00-A, null, null, null, 1, 0
<==        Row: 2078360477452148738, admin, 2026-07-18 14:05:26.553000, null, null, A01, 2078348945532030978, 2078360466605678593, 8, 构型, 8, ZB1-A-15-8-0-00-00-A, null, null, null, 1, 0
<==        Row: 2078360477879967745, admin, 2026-07-18 14:05:26.657000, admin, 2026-07-18 14:05:26.781000, A01, 2078348945532030978, 2078360422452240386, 16, 任务变更（总论）, 17, ZB1-A-16-0-0-00-00-A, null, null, null, 1, 1
<==        Row: 2078360422867476482, admin, 2026-07-18 14:05:13.552000, admin, 2026-07-18 14:05:13.664000, A01, 2078348945532030978, 2078360422452240386, 00, 说明（总论）, 1, ZB1-A-00-0-0-00-00-A, null, null, null, 1, 1
<==        Row: 2078360423412736002, admin, 2026-07-18 14:05:13.674000, null, null, A01, 2078348945532030978, 2078360422867476482, 1, 一般性维修, 1, ZB1-A-00-1-0-00-00-A, null, null, null, 1, 0
<==        Row: 2078360423991549953, admin, 2026-07-18 14:05:13.825000, null, null, A01, 2078348945532030978, 2078360422867476482, 2, 安全, 2, ZB1-A-00-2-0-00-00-A, null, null, null, 1, 0
<==        Row: 2078360478450393090, admin, 2026-07-18 14:05:26.791000, null, null, A01, 2078348945532030978, 2078360477879967745, 1, 任务变更, 1, ZB1-A-16-1-0-00-00-A, null, null, null, 1, 0
<==        Row: 2078360478882406402, admin, 2026-07-18 14:05:26.894000, null, null, A01, 2078348945532030978, 2078360422452240386, 17, 项目自定义, 18, ZB1-A-17-0-0-00-00-A, null, null, null, 1, 0
<==        Row: 2078360479234727938, admin, 2026-07-18 14:05:26.986000, admin, 2026-07-18 14:05:27.120000, A01, 2078348945532030978, 2078360422452240386, 18, 震动、噪音分析与衰减（总论）, 19, ZB1-A-18-0-0-00-00-A, null, null, null, 1, 1
<==        Row: 2078360479863873537, admin, 2026-07-18 14:05:27.128000, null, null, A01, 2078348945532030978, 2078360479234727938, 1, 震动分析, 1, ZB1-A-18-1-0-00-00-A, null, null, null, 1, 0
<==        Row: 2078360480434298881, admin, 2026-07-18 14:05:27.275000, null, null, A01, 2078348945532030978, 2078360479234727938, 2, 噪音分析, 2, ZB1-A-18-2-0-00-00-A, null, null, null, 1, 0
<==        Row: 2078360480929226754, admin, 2026-07-18 14:05:27.402000, null, null, A01, 2078348945532030978, 2078360479234727938, 3, 有源衰减/激励, 3, ZB1-A-18-3-0-00-00-A, null, null, null, 1, 0
<==        Row: 2078360481562566658, admin, 2026-07-18 14:05:27.535000, null, null, A01, 2078348945532030978, 2078360479234727938, 4, 传感器, 4, ZB1-A-18-4-0-00-00-A, null, null, null, 1, 0
<==        Row: 2078360424473894914, admin, 2026-07-18 14:05:13.933000, null, null, A01, 2078348945532030978, 2078360422867476482, 3, 安全和防护设施, 3, ZB1-A-00-3-0-00-00-A, null, null, null, 1, 0
<==        Row: 2078360482091048962, admin, 2026-07-18 14:05:27.661000, null, null, A01, 2078348945532030978, 2078360479234727938, 5, 控制/计算, 5, ZB1-A-18-5-0-00-00-A, null, null, null, 1, 0
<==        Row: 2078360424964628481, admin, 2026-07-18 14:05:14.045000, admin, 2026-07-18 14:05:14.180000, A01, 2078348945532030978, 2078360422867476482, 4, 技术出版物, 4, ZB1-A-00-4-0-00-00-A, null, null, null, 1, 1
<==        Row: 2078360482648891394, admin, 2026-07-18 14:05:27.800000, null, null, A01, 2078348945532030978, 2078360479234727938, 6, 无源衰减, 6, ZB1-A-18-6-0-00-00-A, null, null, null, 1, 0
<==        Row: 2078360483554861058, admin, 2026-07-18 14:05:28.008000, null, null, A01, 2078348945532030978, 2078360422452240386, 19, 项目自定义, 20, ZB1-A-19-0-0-00-00-A, null, null, null, 1, 0
<==        Row: 2078360483936542722, admin, 2026-07-18 14:05:28.110000, null, null, A01, 2078348945532030978, 2078360422452240386, 20, 项目自定义, 21, ZB1-A-20-0-0-00-00-A, null, null, null, 1, 0
<==      Total: 111
Closing non transactional SqlSession [org.apache.ibatis.session.defaults.DefaultSqlSession@716bcb56]
<==        Row: 2078360425585385473, admin, 2026-07-18 14:05:14.188000, null, null, A01, 2078348945532030978, 2078360424964628481, 1, 出版信息, 1, ZB1-A-00-4-1-00-00-A, null, null, null, 1, 0
<==        Row: 2078360426013204481, admin, 2026-07-18 14:05:14.312000, null, null, A01, 2078348945532030978, 2078360424964628481, 2, 信息集合, 2, ZB1-A-00-4-2-00-00-A, null, null, null, 1, 0
<==        Row: 2078360426571046913, admin, 2026-07-18 14:05:14.424000, null, null, A01, 2078348945532030978, 2078360422867476482, 5, 物资数据, 5, ZB1-A-00-5-0-00-00-A, null, null, null, 1, 0
<==        Row: 2078360427061780482, admin, 2026-07-18 14:05:14.539000, null, null, A01, 2078348945532030978, 2078360422867476482, 6, 项目自定义, 6, ZB1-A-00-6-0-00-00-A, null, null, null, 1, 0
<==        Row: 2078360427556708354, admin, 2026-07-18 14:05:14.661000, null, null, A01, 2078348945532030978, 2078360422867476482, 7, 项目自定义, 7, ZB1-A-00-7-0-00-00-A, null, null, null, 1, 0
<==        Row: 2078360428181659650, admin, 2026-07-18 14:05:14.808000, null, null, A01, 2078348945532030978, 2078360422867476482, 8, 项目自定义, 8, ZB1-A-00-8-0-00-00-A, null, null, null, 1, 0
<==        Row: 2078360428668198914, admin, 2026-07-18 14:05:14.926000, null, null, A01, 2078348945532030978, 2078360422867476482, 9, 战斗损伤修理, 9, ZB1-A-00-9-0-00-00-A, null, null, null, 1, 0
<==        Row: 2078360429075046402, admin, 2026-07-18 14:05:15.027000, admin, 2026-07-18 14:05:15.145000, A01, 2078348945532030978, 2078360422452240386, 01, 项目自定义, 2, ZB1-A-01-0-0-00-00-A, null, null, null, 1, 1
<==        Row: 2078360429653860353, admin, 2026-07-18 14:05:15.157000, null, null, A01, 2078348945532030978, 2078360429075046402, 1, 测试, 1, ZB1-A-01-1-0-00-00-A, null, null, null, 1, 0
<==        Row: 2078360430056513538, admin, 2026-07-18 14:05:15.260000, null, null, A01, 2078348945532030978, 2078360422452240386, 02, 项目自定义, 3, ZB1-A-02-0-0-00-00-A, null, null, null, 1, 0
<==        Row: 2078360430551441409, admin, 2026-07-18 14:05:15.380000, null, null, A01, 2078348945532030978, 2078360422452240386, 03, 项目自定义, 4, ZB1-A-03-0-0-00-00-A, null, null, null, 1, 0
<==        Row: 2078360430966677506, admin, 2026-07-18 14:05:15.474000, admin, 2026-07-18 14:05:15.603000, A01, 2078348945532030978, 2078360422452240386, 04, 使用限制（总论）, 5, ZB1-A-04-0-0-00-00-A, null, null, null, 1, 1
<==        Row: 2078360431532908545, admin, 2026-07-18 14:05:15.606000, null, null, A01, 2078348945532030978, 2078360430966677506, 1, 疲劳参数计算, 1, ZB1-A-04-1-0-00-00-A, null, null, null, 1, 0
<==        Row: 2078360432015253506, admin, 2026-07-18 14:05:15.723000, null, null, A01, 2078348945532030978, 2078360430966677506, 2, 使用范围, 2, ZB1-A-04-2-0-00-00-A, null, null, null, 1, 0
<==        Row: 2078360432434683906, admin, 2026-07-18 14:05:15.829000, admin, 2026-07-18 14:05:15.946000, A01, 2078348945532030978, 2078360422452240386, 05, 计划/非计划维修（总论）, 6, ZB1-A-05-0-0-00-00-A, null, null, null, 1, 1
<==        Row: 2078360432992526338, admin, 2026-07-18 14:05:15.956000, null, null, A01, 2078348945532030978, 2078360432434683906, 1, 时限, 1, ZB1-A-05-1-0-00-00-A, null, null, null, 1, 0
<==        Row: 2078360433370013698, admin, 2026-07-18 14:05:16.067000, null, null, A01, 2078348945532030978, 2078360432434683906, 2, 维修检查清单, 2, ZB1-A-05-2-0-00-00-A, null, null, null, 1, 0
<==        Row: 2078360433978187778, admin, 2026-07-18 14:05:16.192000, null, null, A01, 2078348945532030978, 2078360432434683906, 3, 项目自定义, 3, ZB1-A-05-3-0-00-00-A, null, null, null, 1, 0
<==        Row: 2078360434540224514, admin, 2026-07-18 14:05:16.322000, null, null, A01, 2078348945532030978, 2078360432434683906, 4, 计划性维修检查, 4, ZB1-A-05-4-0-00-00-A, null, null, null, 1, 0
<==        Row: 2078360435123232770, admin, 2026-07-18 14:05:16.461000, null, null, A01, 2078348945532030978, 2078360432434683906, 5, 非计划性维修检查, 5, ZB1-A-05-5-0-00-00-A, null, null, null, 1, 0
<==        Row: 2078360435668492290, admin, 2026-07-18 14:05:16.597000, null, null, A01, 2078348945532030978, 2078360432434683906, 6, 验收和功能性检查, 6, ZB1-A-05-6-0-00-00-A, null, null, null, 1, 0
<==        Row: 2078360436142448641, admin, 2026-07-18 14:05:16.716000, admin, 2026-07-18 14:05:16.842000, A01, 2078348945532030978, 2078360422452240386, 06, 尺寸和区域（总论）, 7, ZB1-A-06-0-0-00-00-A, null, null, null, 1, 1
<==        Row: 2078360436721262593, admin, 2026-07-18 14:05:16.851000, null, null, A01, 2078348945532030978, 2078360436142448641, 1, 主要尺寸, 1, ZB1-A-06-1-0-00-00-A, null, null, null, 1, 0
<==        Row: 2078360437274910722, admin, 2026-07-18 14:05:16.983000, null, null, A01, 2078348945532030978, 2078360436142448641, 2, 参考线, 2, ZB1-A-06-2-0-00-00-A, null, null, null, 1, 0
<==        Row: 2078360437832753154, admin, 2026-07-18 14:05:17.119000, null, null, A01, 2078348945532030978, 2078360436142448641, 3, 区域划分, 3, ZB1-A-06-3-0-00-00-A, null, null, null, 1, 0
<==        Row: 2078360438386401281, admin, 2026-07-18 14:05:17.247000, null, null, A01, 2078348945532030978, 2078360436142448641, 4, 口盖, 4, ZB1-A-06-4-0-00-00-A, null, null, null, 1, 0
<==        Row: 2078360438814220289, admin, 2026-07-18 14:05:17.349000, admin, 2026-07-18 14:05:17.467000, A01, 2078348945532030978, 2078360422452240386, 07, 顶起、支撑、恢复和运输（总论）, 8, ZB1-A-07-0-0-00-00-A, null, null, null, 1, 1
<==        Row: 2078360439359479809, admin, 2026-07-18 14:05:17.473000, null, null, A01, 2078348945532030978, 2078360438814220289, 1, 顶起, 1, ZB1-A-07-1-0-00-00-A, null, null, null, 1, 0
<==        Row: 2078360439850213377, admin, 2026-07-18 14:05:17.601000, null, null, A01, 2078348945532030978, 2078360438814220289, 2, 支撑, 2, ZB1-A-07-2-0-00-00-A, null, null, null, 1, 0
<==        Row: 2078360440420638722, admin, 2026-07-18 14:05:17.726000, null, null, A01, 2078348945532030978, 2078360438814220289, 3, 吊挂, 3, ZB1-A-07-3-0-00-00-A, null, null, null, 1, 0
<==        Row: 2078360440974286849, admin, 2026-07-18 14:05:17.863000, null, null, A01, 2078348945532030978, 2078360438814220289, 4, 恢复, 4, ZB1-A-07-4-0-00-00-A, null, null, null, 1, 0
<==        Row: 2078360441532129281, admin, 2026-07-18 14:05:17.999000, null, null, A01, 2078348945532030978, 2078360438814220289, 5, 运输, 5, ZB1-A-07-5-0-00-00-A, null, null, null, 1, 0
<==        Row: 2078360441947365378, admin, 2026-07-18 14:05:18.100000, admin, 2026-07-18 14:05:18.224000, A01, 2078348945532030978, 2078360422452240386, 08, 调平和称重（总论）, 9, ZB1-A-08-0-0-00-00-A, null, null, null, 1, 1
<==        Row: 2078360442517790721, admin, 2026-07-18 14:05:18.232000, null, null, A01, 2078348945532030978, 2078360441947365378, 1, 重量和平衡, 1, ZB1-A-08-1-0-00-00-A, null, null, null, 1, 0
<==        Row: 2078360443071438849, admin, 2026-07-18 14:05:18.351000, null, null, A01, 2078348945532030978, 2078360441947365378, 2, 水平测量, 2, ZB1-A-08-2-0-00-00-A, null, null, null, 1, 0
<==        Row: 2078360443486674946, admin, 2026-07-18 14:05:18.456000, null, null, A01, 2078348945532030978, 2078360441947365378, 3, 称重, 3, ZB1-A-08-3-0-00-00-A, null, null, null, 1, 0
<==        Row: 2078360444099043330, admin, 2026-07-18 14:05:18.609000, null, null, A01, 2078348945532030978, 2078360441947365378, 4, 重量和重心数据, 4, ZB1-A-08-4-0-00-00-A, null, null, null, 1, 0
<==        Row: 2078360444614942721, admin, 2026-07-18 14:05:18.742000, null, null, A01, 2078348945532030978, 2078360441947365378, 5, 静态稳定性, 5, ZB1-A-08-5-0-00-00-A, null, null, null, 1, 0
<==        Row: 2078360445403471874, admin, 2026-07-18 14:05:18.910000, admin, 2026-07-18 14:05:19.061000, A01, 2078348945532030978, 2078360422452240386, 09, 牵引和滑行（总论）, 10, ZB1-A-09-0-0-00-00-A, null, null, null, 1, 1
<==        Row: 2078360446007451650, admin, 2026-07-18 14:05:19.070000, null, null, A01, 2078348945532030978, 2078360445403471874, 1, 牵引, 1, ZB1-A-09-1-0-00-00-A, null, null, null, 1, 0
<==        Row: 2078360446615625730, admin, 2026-07-18 14:05:19.205000, null, null, A01, 2078348945532030978, 2078360445403471874, 2, 滑行, 2, ZB1-A-09-2-0-00-00-A, null, null, null, 1, 0
<==        Row: 2078360447001501698, admin, 2026-07-18 14:05:19.307000, admin, 2026-07-18 14:05:19.423000, A01, 2078348945532030978, 2078360422452240386, 10, 停放、系留、存放和恢复使用（总论）, 11, ZB1-A-10-0-0-00-00-A, null, null, null, 1, 1
<==        Row: 2078360447538372609, admin, 2026-07-18 14:05:19.429000, null, null, A01, 2078348945532030978, 2078360447001501698, 1, 停放, 1, ZB1-A-10-1-0-00-00-A, null, null, null, 1, 0
<==        Row: 2078360448066854913, admin, 2026-07-18 14:05:19.545000, null, null, A01, 2078348945532030978, 2078360447001501698, 2, 系留, 2, ZB1-A-10-2-0-00-00-A, null, null, null, 1, 0
<==        Row: 2078360448524034050, admin, 2026-07-18 14:05:19.662000, null, null, A01, 2078348945532030978, 2078360447001501698, 3, 存放, 3, ZB1-A-10-3-0-00-00-A, null, null, null, 1, 0
<==        Row: 2078360448985407490, admin, 2026-07-18 14:05:19.770000, null, null, A01, 2078348945532030978, 2078360447001501698, 4, 恢复使用, 4, ZB1-A-10-4-0-00-00-A, null, null, null, 1, 0
<==        Row: 2078360449325146113, admin, 2026-07-18 14:05:19.849000, admin, 2026-07-18 14:05:19.957000, A01, 2078348945532030978, 2078360422452240386, 11, 标牌和标志（总论）, 12, ZB1-A-11-0-0-00-00-A, null, null, null, 1, 1
<==        Row: 2078360449786519553, admin, 2026-07-18 14:05:19.960000, null, null, A01, 2078348945532030978, 2078360449325146113, 1, 外部配色方案和标志, 1, ZB1-A-11-1-0-00-00-A, null, null, null, 1, 0
<==        Row: 2078360450176589826, admin, 2026-07-18 14:05:20.059000, null, null, A01, 2078348945532030978, 2078360449325146113, 2, 外部标牌和标志, 2, ZB1-A-11-2-0-00-00-A, null, null, null, 1, 0
<==        Row: 2078360450658934785, admin, 2026-07-18 14:05:20.167000, null, null, A01, 2078348945532030978, 2078360449325146113, 3, 内部标牌和标志, 3, ZB1-A-11-3-0-00-00-A, null, null, null, 1, 0
<==        Row: 2078360451040616449, admin, 2026-07-18 14:05:20.261000, admin, 2026-07-18 14:05:20.369000, A01, 2078348945532030978, 2078360422452240386, 12, 保养（总论）, 13, ZB1-A-12-0-0-00-00-A, null, null, null, 1, 1
<==        Row: 2078360451728482305, admin, 2026-07-18 14:05:20.423000, null, null, A01, 2078348945532030978, 2078360451040616449, 1, 补充和损耗, 1, ZB1-A-12-1-0-00-00-A, null, null, null, 1, 0
<==        Row: 2078360452458291202, admin, 2026-07-18 14:05:20.596000, null, null, A01, 2078348945532030978, 2078360451040616449, 2, 定期保养, 2, ZB1-A-12-2-0-00-00-A, null, null, null, 1, 0
<==        Row: 2078360453204877313, admin, 2026-07-18 14:05:20.770000, null, null, A01, 2078348945532030978, 2078360451040616449, 3, 非定期保养, 3, ZB1-A-12-3-0-00-00-A, null, null, null, 1, 0
<==        Row: 2078360453657862146, admin, 2026-07-18 14:05:20.882000, null, null, A01, 2078348945532030978, 2078360422452240386, 13, 项目自定义, 14, ZB1-A-13-0-0-00-00-A, null, null, null, 1, 0
<==        Row: 2078360454119235585, admin, 2026-07-18 14:05:20.992000, admin, 2026-07-18 14:05:21.148000, A01, 2078348945532030978, 2078360422452240386, 14, 装卸（总论）, 15, ZB1-A-14-0-0-00-00-A, null, null, null, 1, 1
<==        Row: 2078360454802907137, admin, 2026-07-18 14:05:21.159000, null, null, A01, 2078348945532030978, 2078360454119235585, 1, 地面设备, 1, ZB1-A-14-1-0-00-00-A, null, null, null, 1, 0
<==        Row: 2078360455310417922, admin, 2026-07-18 14:05:21.274000, null, null, A01, 2078348945532030978, 2078360454119235585, 2, 货物, 2, ZB1-A-14-2-0-00-00-A, null, null, null, 1, 0
<==        Row: 2078360455683710977, admin, 2026-07-18 14:05:21.395000, admin, 2026-07-18 14:05:21.563000, A01, 2078348945532030978, 2078360454119235585, 3, 物品出入库的装卸, 3, ZB1-A-14-3-0-00-00-A, null, null, null, 1, 1
<==        Row: 2078360456577097729, admin, 2026-07-18 14:05:21.572000, null, null, A01, 2078348945532030978, 2078360455683710977, 1, 基本信息, 1, ZB1-A-14-3-1-00-00-A, null, null, null, 1, 0
<==        Row: 2078360457365626881, admin, 2026-07-18 14:05:21.771000, null, null, A01, 2078348945532030978, 2078360455683710977, 2, 附加信息, 2, ZB1-A-14-3-2-00-00-A, null, null, null, 1, 0
<==        Row: 2078360458149961729, admin, 2026-07-18 14:05:21.953000, null, null, A01, 2078348945532030978, 2078360455683710977, 3, 装载程序, 3, ZB1-A-14-3-3-00-00-A, null, null, null, 1, 0
<==        Row: 2078360458900742146, admin, 2026-07-18 14:05:22.134000, null, null, A01, 2078348945532030978, 2078360455683710977, 4, 卸载程序, 4, ZB1-A-14-3-4-00-00-A, null, null, null, 1, 0
<==        Row: 2078360459693465602, admin, 2026-07-18 14:05:22.323000, null, null, A01, 2078348945532030978, 2078360455683710977, 5, 装卸程序检查清单, 5, ZB1-A-14-3-5-00-00-A, null, null, null, 1, 0
<==        Row: 2078360460209364993, admin, 2026-07-18 14:05:22.454000, admin, 2026-07-18 14:05:22.619000, A01, 2078348945532030978, 2078360454119235585, 4, 非核装备, 4, ZB1-A-14-4-0-00-00-A, null, null, null, 1, 1
<==        Row: 2078360460893036546, admin, 2026-07-18 14:05:22.627000, null, null, A01, 2078348945532030978, 2078360460209364993, 1, 基本信息, 1, ZB1-A-14-4-1-00-00-A, null, null, null, 1, 0
<==        Row: 2078360461580902402, admin, 2026-07-18 14:05:22.779000, null, null, A01, 2078348945532030978, 2078360460209364993, 2, 附加信息, 2, ZB1-A-14-4-2-00-00-A, null, null, null, 1, 0
<==        Row: 2078360462226825217, admin, 2026-07-18 14:05:22.943000, null, null, A01, 2078348945532030978, 2078360460209364993, 3, 装载程序, 3, ZB1-A-14-4-3-00-00-A, null, null, null, 1, 0
<==        Row: 2078360462876942337, admin, 2026-07-18 14:05:23.100000, null, null, A01, 2078348945532030978, 2078360460209364993, 4, 卸载程序, 4, ZB1-A-14-4-4-00-00-A, null, null, null, 1, 0
<==        Row: 2078360463560613890, admin, 2026-07-18 14:05:23.245000, null, null, A01, 2078348945532030978, 2078360460209364993, 5, 装卸程序检查清单, 5, ZB1-A-14-4-5-00-00-A, null, null, null, 1, 0
<==        Row: 2078360464160399362, admin, 2026-07-18 14:05:23.408000, null, null, A01, 2078348945532030978, 2078360460209364993, 6, 综合战转换程序, 6, ZB1-A-14-4-6-00-00-A, null, null, null, 1, 0
<==        Row: 2078360464890208258, admin, 2026-07-18 14:05:23.562000, null, null, A01, 2078348945532030978, 2078360460209364993, 7, 综合战转换程序检查清单, 7, ZB1-A-14-4-7-00-00-A, null, null, null, 1, 0
<==        Row: 2078360465565491201, admin, 2026-07-18 14:05:23.723000, null, null, A01, 2078348945532030978, 2078360460209364993, 8, 交互保养检查单, 8, ZB1-A-14-4-8-00-00-A, null, null, null, 1, 0
<==        Row: 2078360466056224769, admin, 2026-07-18 14:05:23.869000, null, null, A01, 2078348945532030978, 2078360460209364993, 9, 核装备, 9, ZB1-A-14-4-9-00-00-A, null, null, null, 1, 0
<==        Row: 2078360466605678593, admin, 2026-07-18 14:05:23.974000, admin, 2026-07-18 14:05:24.111000, A01, 2078348945532030978, 2078360422452240386, 15, 操作信息（总论）, 16, ZB1-A-15-0-0-00-00-A, null, null, null, 1, 1
<==        Row: 2078360467176103937, admin, 2026-07-18 14:05:24.123000, null, null, A01, 2078348945532030978, 2078360466605678593, 1, 放行/操作限制, 1, ZB1-A-15-1-0-00-00-A, null, null, null, 1, 0
<==        Row: 2078360467708780546, admin, 2026-07-18 14:05:24.242000, null, null, A01, 2078348945532030978, 2078360466605678593, 2, 操作特性, 2, ZB1-A-15-2-0-00-00-A, null, null, null, 1, 0
<==        Row: 2078360468182736898, admin, 2026-07-18 14:05:24.363000, null, null, A01, 2078348945532030978, 2078360466605678593, 3, 正常程序, 3, ZB1-A-15-3-0-00-00-A, null, null, null, 1, 0
<==        Row: 2078360468799299586, admin, 2026-07-18 14:05:24.490000, admin, 2026-07-18 14:05:24.630000, A01, 2078348945532030978, 2078360466605678593, 4, 应急程序, 4, ZB1-A-15-4-0-00-00-A, null, null, null, 1, 1
<==        Row: 2078360469369724930, admin, 2026-07-18 14:05:24.638000, null, null, A01, 2078348945532030978, 2078360468799299586, 1, 概述, 1, ZB1-A-15-4-1-00-00-A, null, null, null, 1, 0
<==        Row: 2078360469994676226, admin, 2026-07-18 14:05:24.777000, null, null, A01, 2078348945532030978, 2078360468799299586, 2, 地面应急程序, 2, ZB1-A-15-4-2-00-00-A, null, null, null, 1, 0
<==        Row: 2078360470577684482, admin, 2026-07-18 14:05:24.920000, null, null, A01, 2078348945532030978, 2078360468799299586, 3, 解除应急状态程序, 3, ZB1-A-15-4-3-00-00-A, null, null, null, 1, 0
<==        Row: 2078360470976143361, admin, 2026-07-18 14:05:25.072000, null, null, A01, 2078348945532030978, 2078360468799299586, 4, 应急程序相关系统, 4, ZB1-A-15-4-4-00-00-A, null, null, null, 1, 0
<==        Row: 2078360471949221889, admin, 2026-07-18 14:05:25.239000, null, null, A01, 2078348945532030978, 2078360468799299586, 5, 单个或多重的发动机故障, 5, ZB1-A-15-4-5-00-00-A, null, null, null, 1, 0
<==        Row: 2078360472569978882, admin, 2026-07-18 14:05:25.391000, null, null, A01, 2078348945532030978, 2078360468799299586, 6, 抵达/离开应急程序, 6, ZB1-A-15-4-6-00-00-A, null, null, null, 1, 0
<==        Row: 2078360473115238402, admin, 2026-07-18 14:05:25.527000, null, null, A01, 2078348945532030978, 2078360468799299586, 7, 控制系统失效, 7, ZB1-A-15-4-7-00-00-A, null, null, null, 1, 0
<==        Row: 2078360473761161217, admin, 2026-07-18 14:05:25.673000, null, null, A01, 2078348945532030978, 2078360468799299586, 8, 其它应急程序或失效状况, 8, ZB1-A-15-4-8-00-00-A, null, null, null, 1, 0
<==        Row: 2078360473937321985, admin, 2026-07-18 14:05:25.825000, null, null, A01, 2078348945532030978, 2078360468799299586, 9, 多功能显示器给出的紧急情况信息, 9, ZB1-A-15-4-9-00-00-A, null, null, null, 1, 0
<==        Row: 2078360475128504321, admin, 2026-07-18 14:05:25.997000, null, null, A01, 2078348945532030978, 2078360466605678593, 5, 特殊条件, 5, ZB1-A-15-5-0-00-00-A, null, null, null, 1, 0
<==        Row: 2078360475636015105, admin, 2026-07-18 14:05:26.128000, null, null, A01, 2078348945532030978, 2078360466605678593, 6, 性能数据, 6, ZB1-A-15-6-0-00-00-A, null, null, null, 1, 0
<==        Row: 2078360476122554370, admin, 2026-07-18 14:05:26.243000, null, null, A01, 2078348945532030978, 2078360466605678593, 7, 任务操作程序, 7, ZB1-A-15-7-0-00-00-A, null, null, null, 1, 0
<==        Row: 2078360477452148738, admin, 2026-07-18 14:05:26.553000, null, null, A01, 2078348945532030978, 2078360466605678593, 8, 构型, 8, ZB1-A-15-8-0-00-00-A, null, null, null, 1, 0
<==        Row: 2078360477879967745, admin, 2026-07-18 14:05:26.657000, admin, 2026-07-18 14:05:26.781000, A01, 2078348945532030978, 2078360422452240386, 16, 任务变更（总论）, 17, ZB1-A-16-0-0-00-00-A, null, null, null, 1, 1
<==        Row: 2078360478450393090, admin, 2026-07-18 14:05:26.791000, null, null, A01, 2078348945532030978, 2078360477879967745, 1, 任务变更, 1, ZB1-A-16-1-0-00-00-A, null, null, null, 1, 0
<==        Row: 2078360478882406402, admin, 2026-07-18 14:05:26.894000, null, null, A01, 2078348945532030978, 2078360422452240386, 17, 项目自定义, 18, ZB1-A-17-0-0-00-00-A, null, null, null, 1, 0
<==        Row: 2078360479234727938, admin, 2026-07-18 14:05:26.986000, admin, 2026-07-18 14:05:27.120000, A01, 2078348945532030978, 2078360422452240386, 18, 震动、噪音分析与衰减（总论）, 19, ZB1-A-18-0-0-00-00-A, null, null, null, 1, 1
<==        Row: 2078360479863873537, admin, 2026-07-18 14:05:27.128000, null, null, A01, 2078348945532030978, 2078360479234727938, 1, 震动分析, 1, ZB1-A-18-1-0-00-00-A, null, null, null, 1, 0
<==        Row: 2078360480434298881, admin, 2026-07-18 14:05:27.275000, null, null, A01, 2078348945532030978, 2078360479234727938, 2, 噪音分析, 2, ZB1-A-18-2-0-00-00-A, null, null, null, 1, 0
<==        Row: 2078360480929226754, admin, 2026-07-18 14:05:27.402000, null, null, A01, 2078348945532030978, 2078360479234727938, 3, 有源衰减/激励, 3, ZB1-A-18-3-0-00-00-A, null, null, null, 1, 0
<==        Row: 2078360481562566658, admin, 2026-07-18 14:05:27.535000, null, null, A01, 2078348945532030978, 2078360479234727938, 4, 传感器, 4, ZB1-A-18-4-0-00-00-A, null, null, null, 1, 0
<==        Row: 2078360482091048962, admin, 2026-07-18 14:05:27.661000, null, null, A01, 2078348945532030978, 2078360479234727938, 5, 控制/计算, 5, ZB1-A-18-5-0-00-00-A, null, null, null, 1, 0
<==        Row: 2078360482648891394, admin, 2026-07-18 14:05:27.800000, null, null, A01, 2078348945532030978, 2078360479234727938, 6, 无源衰减, 6, ZB1-A-18-6-0-00-00-A, null, null, null, 1, 0
<==        Row: 2078360483554861058, admin, 2026-07-18 14:05:28.008000, null, null, A01, 2078348945532030978, 2078360422452240386, 19, 项目自定义, 20, ZB1-A-19-0-0-00-00-A, null, null, null, 1, 0
<==        Row: 2078360483936542722, admin, 2026-07-18 14:05:28.110000, null, null, A01, 2078348945532030978, 2078360422452240386, 20, 项目自定义, 21, ZB1-A-20-0-0-00-00-A, null, null, null, 1, 0
<==      Total: 111
Closing non transactional SqlSession [org.apache.ibatis.session.defaults.DefaultSqlSession@538b78e]
2026-08-08 14:18:26.815 [http-nio-9999-exec-6] [34mINFO [0;39m [36morg.jeecg.common.system.query.QueryGenerator:648[0;39m - ---查询过滤器，Query规则---field:project_id, rule:=, value:2078348945532030978
2026-08-08 14:18:26.817 [http-nio-9999-exec-6] [34mINFO [0;39m [36morg.jeecg.common.system.query.QueryGenerator:241[0;39m - 排序规则>>列:null,排序方式:null
2026-08-08 14:18:26.818 [http-nio-9999-exec-6] [34mINFO [0;39m [36mo.j.m.i.p.c.IetmProjectConfigurationManagementController:263[0;39m - 查询子节点，pid=null, projectId=2078348945532030978
Creating a new SqlSession
SqlSession [org.apache.ibatis.session.defaults.DefaultSqlSession@77a39789] was not registered for synchronization because synchronization is not active
original SQL: SELECT  id,create_by,create_time,update_by,update_time,sys_org_code,project_id,pid,code,title,seq,path,update_ip,version,status,security,has_child  FROM ietm_project_configuration_management 
 
 WHERE (project_id = ? AND project_id = ?)
SQL to parse, SQL: SELECT  id,create_by,create_time,update_by,update_time,sys_org_code,project_id,pid,code,title,seq,path,update_ip,version,status,security,has_child  FROM ietm_project_configuration_management 
 
 WHERE (project_id = ? AND project_id = ?)
parse the finished SQL: SELECT id, create_by, create_time, update_by, update_time, sys_org_code, project_id, pid, code, title, seq, path, update_ip, version, status, security, has_child FROM ietm_project_configuration_management WHERE (project_id = ? AND project_id = ?)
JDBC Connection [dm.jdbc.driver.DmdbConnection@4daacdbb] will not be managed by Spring
==>  Preparing: SELECT id, create_by, create_time, update_by, update_time, sys_org_code, project_id, pid, code, title, seq, path, update_ip, version, status, security, has_child FROM ietm_project_configuration_management WHERE (project_id = ? AND project_id = ?)
==> Parameters: 2078348945532030978(String), 2078348945532030978(String)
<==    Columns: id, create_by, create_time, update_by, update_time, sys_org_code, project_id, pid, code, title, seq, PATH, update_ip, version, status, security, has_child
<==        Row: 2078349029430693889, admin, 2026-07-18 13:19:57.140000, admin, 2026-07-18 14:05:13.455000, A01, 2078348945532030978, 0, ZB1, 项目1, null, ZB1-A-00-0-0-00-00-A, null, null, null, 1, 1
<==        Row: 2078360422452240386, admin, 2026-07-18 14:05:13.435000, admin, 2026-07-18 14:05:13.545000, A01, 2078348945532030978, 2078349029430693889, A, 《内置构型》, null, ZB1-A-00-0-0-00-00-A, null, null, null, 1, 1
<==        Row: 2078360422867476482, admin, 2026-07-18 14:05:13.552000, admin, 2026-07-18 14:05:13.664000, A01, 2078348945532030978, 2078360422452240386, 00, 说明（总论）, 1, ZB1-A-00-0-0-00-00-A, null, null, null, 1, 1
<==        Row: 2078360423412736002, admin, 2026-07-18 14:05:13.674000, null, null, A01, 2078348945532030978, 2078360422867476482, 1, 一般性维修, 1, ZB1-A-00-1-0-00-00-A, null, null, null, 1, 0
<==        Row: 2078360423991549953, admin, 2026-07-18 14:05:13.825000, null, null, A01, 2078348945532030978, 2078360422867476482, 2, 安全, 2, ZB1-A-00-2-0-00-00-A, null, null, null, 1, 0
<==        Row: 2078360424473894914, admin, 2026-07-18 14:05:13.933000, null, null, A01, 2078348945532030978, 2078360422867476482, 3, 安全和防护设施, 3, ZB1-A-00-3-0-00-00-A, null, null, null, 1, 0
<==        Row: 2078360424964628481, admin, 2026-07-18 14:05:14.045000, admin, 2026-07-18 14:05:14.180000, A01, 2078348945532030978, 2078360422867476482, 4, 技术出版物, 4, ZB1-A-00-4-0-00-00-A, null, null, null, 1, 1
<==        Row: 2078360425585385473, admin, 2026-07-18 14:05:14.188000, null, null, A01, 2078348945532030978, 2078360424964628481, 1, 出版信息, 1, ZB1-A-00-4-1-00-00-A, null, null, null, 1, 0
<==        Row: 2078360426013204481, admin, 2026-07-18 14:05:14.312000, null, null, A01, 2078348945532030978, 2078360424964628481, 2, 信息集合, 2, ZB1-A-00-4-2-00-00-A, null, null, null, 1, 0
<==        Row: 2078360426571046913, admin, 2026-07-18 14:05:14.424000, null, null, A01, 2078348945532030978, 2078360422867476482, 5, 物资数据, 5, ZB1-A-00-5-0-00-00-A, null, null, null, 1, 0
<==        Row: 2078360427061780482, admin, 2026-07-18 14:05:14.539000, null, null, A01, 2078348945532030978, 2078360422867476482, 6, 项目自定义, 6, ZB1-A-00-6-0-00-00-A, null, null, null, 1, 0
<==        Row: 2078360427556708354, admin, 2026-07-18 14:05:14.661000, null, null, A01, 2078348945532030978, 2078360422867476482, 7, 项目自定义, 7, ZB1-A-00-7-0-00-00-A, null, null, null, 1, 0
<==        Row: 2078360428181659650, admin, 2026-07-18 14:05:14.808000, null, null, A01, 2078348945532030978, 2078360422867476482, 8, 项目自定义, 8, ZB1-A-00-8-0-00-00-A, null, null, null, 1, 0
<==        Row: 2078360428668198914, admin, 2026-07-18 14:05:14.926000, null, null, A01, 2078348945532030978, 2078360422867476482, 9, 战斗损伤修理, 9, ZB1-A-00-9-0-00-00-A, null, null, null, 1, 0
<==        Row: 2078360429075046402, admin, 2026-07-18 14:05:15.027000, admin, 2026-07-18 14:05:15.145000, A01, 2078348945532030978, 2078360422452240386, 01, 项目自定义, 2, ZB1-A-01-0-0-00-00-A, null, null, null, 1, 1
<==        Row: 2078360429653860353, admin, 2026-07-18 14:05:15.157000, null, null, A01, 2078348945532030978, 2078360429075046402, 1, 测试, 1, ZB1-A-01-1-0-00-00-A, null, null, null, 1, 0
<==        Row: 2078360430056513538, admin, 2026-07-18 14:05:15.260000, null, null, A01, 2078348945532030978, 2078360422452240386, 02, 项目自定义, 3, ZB1-A-02-0-0-00-00-A, null, null, null, 1, 0
<==        Row: 2078360430551441409, admin, 2026-07-18 14:05:15.380000, null, null, A01, 2078348945532030978, 2078360422452240386, 03, 项目自定义, 4, ZB1-A-03-0-0-00-00-A, null, null, null, 1, 0
<==        Row: 2078360430966677506, admin, 2026-07-18 14:05:15.474000, admin, 2026-07-18 14:05:15.603000, A01, 2078348945532030978, 2078360422452240386, 04, 使用限制（总论）, 5, ZB1-A-04-0-0-00-00-A, null, null, null, 1, 1
<==        Row: 2078360431532908545, admin, 2026-07-18 14:05:15.606000, null, null, A01, 2078348945532030978, 2078360430966677506, 1, 疲劳参数计算, 1, ZB1-A-04-1-0-00-00-A, null, null, null, 1, 0
<==        Row: 2078360432015253506, admin, 2026-07-18 14:05:15.723000, null, null, A01, 2078348945532030978, 2078360430966677506, 2, 使用范围, 2, ZB1-A-04-2-0-00-00-A, null, null, null, 1, 0
<==        Row: 2078360432434683906, admin, 2026-07-18 14:05:15.829000, admin, 2026-07-18 14:05:15.946000, A01, 2078348945532030978, 2078360422452240386, 05, 计划/非计划维修（总论）, 6, ZB1-A-05-0-0-00-00-A, null, null, null, 1, 1
<==        Row: 2078360432992526338, admin, 2026-07-18 14:05:15.956000, null, null, A01, 2078348945532030978, 2078360432434683906, 1, 时限, 1, ZB1-A-05-1-0-00-00-A, null, null, null, 1, 0
<==        Row: 2078360433370013698, admin, 2026-07-18 14:05:16.067000, null, null, A01, 2078348945532030978, 2078360432434683906, 2, 维修检查清单, 2, ZB1-A-05-2-0-00-00-A, null, null, null, 1, 0
<==        Row: 2078360433978187778, admin, 2026-07-18 14:05:16.192000, null, null, A01, 2078348945532030978, 2078360432434683906, 3, 项目自定义, 3, ZB1-A-05-3-0-00-00-A, null, null, null, 1, 0
<==        Row: 2078360434540224514, admin, 2026-07-18 14:05:16.322000, null, null, A01, 2078348945532030978, 2078360432434683906, 4, 计划性维修检查, 4, ZB1-A-05-4-0-00-00-A, null, null, null, 1, 0
<==        Row: 2078360435123232770, admin, 2026-07-18 14:05:16.461000, null, null, A01, 2078348945532030978, 2078360432434683906, 5, 非计划性维修检查, 5, ZB1-A-05-5-0-00-00-A, null, null, null, 1, 0
<==        Row: 2078360435668492290, admin, 2026-07-18 14:05:16.597000, null, null, A01, 2078348945532030978, 2078360432434683906, 6, 验收和功能性检查, 6, ZB1-A-05-6-0-00-00-A, null, null, null, 1, 0
<==        Row: 2078360436142448641, admin, 2026-07-18 14:05:16.716000, admin, 2026-07-18 14:05:16.842000, A01, 2078348945532030978, 2078360422452240386, 06, 尺寸和区域（总论）, 7, ZB1-A-06-0-0-00-00-A, null, null, null, 1, 1
<==        Row: 2078360436721262593, admin, 2026-07-18 14:05:16.851000, null, null, A01, 2078348945532030978, 2078360436142448641, 1, 主要尺寸, 1, ZB1-A-06-1-0-00-00-A, null, null, null, 1, 0
<==        Row: 2078360437274910722, admin, 2026-07-18 14:05:16.983000, null, null, A01, 2078348945532030978, 2078360436142448641, 2, 参考线, 2, ZB1-A-06-2-0-00-00-A, null, null, null, 1, 0
<==        Row: 2078360437832753154, admin, 2026-07-18 14:05:17.119000, null, null, A01, 2078348945532030978, 2078360436142448641, 3, 区域划分, 3, ZB1-A-06-3-0-00-00-A, null, null, null, 1, 0
<==        Row: 2078360438386401281, admin, 2026-07-18 14:05:17.247000, null, null, A01, 2078348945532030978, 2078360436142448641, 4, 口盖, 4, ZB1-A-06-4-0-00-00-A, null, null, null, 1, 0
<==        Row: 2078360438814220289, admin, 2026-07-18 14:05:17.349000, admin, 2026-07-18 14:05:17.467000, A01, 2078348945532030978, 2078360422452240386, 07, 顶起、支撑、恢复和运输（总论）, 8, ZB1-A-07-0-0-00-00-A, null, null, null, 1, 1
<==        Row: 2078360439359479809, admin, 2026-07-18 14:05:17.473000, null, null, A01, 2078348945532030978, 2078360438814220289, 1, 顶起, 1, ZB1-A-07-1-0-00-00-A, null, null, null, 1, 0
<==        Row: 2078360439850213377, admin, 2026-07-18 14:05:17.601000, null, null, A01, 2078348945532030978, 2078360438814220289, 2, 支撑, 2, ZB1-A-07-2-0-00-00-A, null, null, null, 1, 0
<==        Row: 2078360440420638722, admin, 2026-07-18 14:05:17.726000, null, null, A01, 2078348945532030978, 2078360438814220289, 3, 吊挂, 3, ZB1-A-07-3-0-00-00-A, null, null, null, 1, 0
<==        Row: 2078360440974286849, admin, 2026-07-18 14:05:17.863000, null, null, A01, 2078348945532030978, 2078360438814220289, 4, 恢复, 4, ZB1-A-07-4-0-00-00-A, null, null, null, 1, 0
<==        Row: 2078360441532129281, admin, 2026-07-18 14:05:17.999000, null, null, A01, 2078348945532030978, 2078360438814220289, 5, 运输, 5, ZB1-A-07-5-0-00-00-A, null, null, null, 1, 0
<==        Row: 2078360441947365378, admin, 2026-07-18 14:05:18.100000, admin, 2026-07-18 14:05:18.224000, A01, 2078348945532030978, 2078360422452240386, 08, 调平和称重（总论）, 9, ZB1-A-08-0-0-00-00-A, null, null, null, 1, 1
<==        Row: 2078360442517790721, admin, 2026-07-18 14:05:18.232000, null, null, A01, 2078348945532030978, 2078360441947365378, 1, 重量和平衡, 1, ZB1-A-08-1-0-00-00-A, null, null, null, 1, 0
<==        Row: 2078360443071438849, admin, 2026-07-18 14:05:18.351000, null, null, A01, 2078348945532030978, 2078360441947365378, 2, 水平测量, 2, ZB1-A-08-2-0-00-00-A, null, null, null, 1, 0
<==        Row: 2078360443486674946, admin, 2026-07-18 14:05:18.456000, null, null, A01, 2078348945532030978, 2078360441947365378, 3, 称重, 3, ZB1-A-08-3-0-00-00-A, null, null, null, 1, 0
<==        Row: 2078360444099043330, admin, 2026-07-18 14:05:18.609000, null, null, A01, 2078348945532030978, 2078360441947365378, 4, 重量和重心数据, 4, ZB1-A-08-4-0-00-00-A, null, null, null, 1, 0
<==        Row: 2078360444614942721, admin, 2026-07-18 14:05:18.742000, null, null, A01, 2078348945532030978, 2078360441947365378, 5, 静态稳定性, 5, ZB1-A-08-5-0-00-00-A, null, null, null, 1, 0
<==        Row: 2078360445403471874, admin, 2026-07-18 14:05:18.910000, admin, 2026-07-18 14:05:19.061000, A01, 2078348945532030978, 2078360422452240386, 09, 牵引和滑行（总论）, 10, ZB1-A-09-0-0-00-00-A, null, null, null, 1, 1
<==        Row: 2078360446007451650, admin, 2026-07-18 14:05:19.070000, null, null, A01, 2078348945532030978, 2078360445403471874, 1, 牵引, 1, ZB1-A-09-1-0-00-00-A, null, null, null, 1, 0
<==        Row: 2078360446615625730, admin, 2026-07-18 14:05:19.205000, null, null, A01, 2078348945532030978, 2078360445403471874, 2, 滑行, 2, ZB1-A-09-2-0-00-00-A, null, null, null, 1, 0
<==        Row: 2078360447001501698, admin, 2026-07-18 14:05:19.307000, admin, 2026-07-18 14:05:19.423000, A01, 2078348945532030978, 2078360422452240386, 10, 停放、系留、存放和恢复使用（总论）, 11, ZB1-A-10-0-0-00-00-A, null, null, null, 1, 1
<==        Row: 2078360447538372609, admin, 2026-07-18 14:05:19.429000, null, null, A01, 2078348945532030978, 2078360447001501698, 1, 停放, 1, ZB1-A-10-1-0-00-00-A, null, null, null, 1, 0
<==        Row: 2078360448066854913, admin, 2026-07-18 14:05:19.545000, null, null, A01, 2078348945532030978, 2078360447001501698, 2, 系留, 2, ZB1-A-10-2-0-00-00-A, null, null, null, 1, 0
<==        Row: 2078360448524034050, admin, 2026-07-18 14:05:19.662000, null, null, A01, 2078348945532030978, 2078360447001501698, 3, 存放, 3, ZB1-A-10-3-0-00-00-A, null, null, null, 1, 0
<==        Row: 2078360448985407490, admin, 2026-07-18 14:05:19.770000, null, null, A01, 2078348945532030978, 2078360447001501698, 4, 恢复使用, 4, ZB1-A-10-4-0-00-00-A, null, null, null, 1, 0
<==        Row: 2078360449325146113, admin, 2026-07-18 14:05:19.849000, admin, 2026-07-18 14:05:19.957000, A01, 2078348945532030978, 2078360422452240386, 11, 标牌和标志（总论）, 12, ZB1-A-11-0-0-00-00-A, null, null, null, 1, 1
<==        Row: 2078360449786519553, admin, 2026-07-18 14:05:19.960000, null, null, A01, 2078348945532030978, 2078360449325146113, 1, 外部配色方案和标志, 1, ZB1-A-11-1-0-00-00-A, null, null, null, 1, 0
<==        Row: 2078360450176589826, admin, 2026-07-18 14:05:20.059000, null, null, A01, 2078348945532030978, 2078360449325146113, 2, 外部标牌和标志, 2, ZB1-A-11-2-0-00-00-A, null, null, null, 1, 0
<==        Row: 2078360450658934785, admin, 2026-07-18 14:05:20.167000, null, null, A01, 2078348945532030978, 2078360449325146113, 3, 内部标牌和标志, 3, ZB1-A-11-3-0-00-00-A, null, null, null, 1, 0
<==        Row: 2078360451040616449, admin, 2026-07-18 14:05:20.261000, admin, 2026-07-18 14:05:20.369000, A01, 2078348945532030978, 2078360422452240386, 12, 保养（总论）, 13, ZB1-A-12-0-0-00-00-A, null, null, null, 1, 1
<==        Row: 2078360451728482305, admin, 2026-07-18 14:05:20.423000, null, null, A01, 2078348945532030978, 2078360451040616449, 1, 补充和损耗, 1, ZB1-A-12-1-0-00-00-A, null, null, null, 1, 0
<==        Row: 2078360452458291202, admin, 2026-07-18 14:05:20.596000, null, null, A01, 2078348945532030978, 2078360451040616449, 2, 定期保养, 2, ZB1-A-12-2-0-00-00-A, null, null, null, 1, 0
<==        Row: 2078360453204877313, admin, 2026-07-18 14:05:20.770000, null, null, A01, 2078348945532030978, 2078360451040616449, 3, 非定期保养, 3, ZB1-A-12-3-0-00-00-A, null, null, null, 1, 0
<==        Row: 2078360453657862146, admin, 2026-07-18 14:05:20.882000, null, null, A01, 2078348945532030978, 2078360422452240386, 13, 项目自定义, 14, ZB1-A-13-0-0-00-00-A, null, null, null, 1, 0
<==        Row: 2078360454119235585, admin, 2026-07-18 14:05:20.992000, admin, 2026-07-18 14:05:21.148000, A01, 2078348945532030978, 2078360422452240386, 14, 装卸（总论）, 15, ZB1-A-14-0-0-00-00-A, null, null, null, 1, 1
<==        Row: 2078360454802907137, admin, 2026-07-18 14:05:21.159000, null, null, A01, 2078348945532030978, 2078360454119235585, 1, 地面设备, 1, ZB1-A-14-1-0-00-00-A, null, null, null, 1, 0
<==        Row: 2078360455310417922, admin, 2026-07-18 14:05:21.274000, null, null, A01, 2078348945532030978, 2078360454119235585, 2, 货物, 2, ZB1-A-14-2-0-00-00-A, null, null, null, 1, 0
<==        Row: 2078360455683710977, admin, 2026-07-18 14:05:21.395000, admin, 2026-07-18 14:05:21.563000, A01, 2078348945532030978, 2078360454119235585, 3, 物品出入库的装卸, 3, ZB1-A-14-3-0-00-00-A, null, null, null, 1, 1
<==        Row: 2078360456577097729, admin, 2026-07-18 14:05:21.572000, null, null, A01, 2078348945532030978, 2078360455683710977, 1, 基本信息, 1, ZB1-A-14-3-1-00-00-A, null, null, null, 1, 0
<==        Row: 2078360457365626881, admin, 2026-07-18 14:05:21.771000, null, null, A01, 2078348945532030978, 2078360455683710977, 2, 附加信息, 2, ZB1-A-14-3-2-00-00-A, null, null, null, 1, 0
<==        Row: 2078360458149961729, admin, 2026-07-18 14:05:21.953000, null, null, A01, 2078348945532030978, 2078360455683710977, 3, 装载程序, 3, ZB1-A-14-3-3-00-00-A, null, null, null, 1, 0
<==        Row: 2078360458900742146, admin, 2026-07-18 14:05:22.134000, null, null, A01, 2078348945532030978, 2078360455683710977, 4, 卸载程序, 4, ZB1-A-14-3-4-00-00-A, null, null, null, 1, 0
<==        Row: 2078360459693465602, admin, 2026-07-18 14:05:22.323000, null, null, A01, 2078348945532030978, 2078360455683710977, 5, 装卸程序检查清单, 5, ZB1-A-14-3-5-00-00-A, null, null, null, 1, 0
<==        Row: 2078360460209364993, admin, 2026-07-18 14:05:22.454000, admin, 2026-07-18 14:05:22.619000, A01, 2078348945532030978, 2078360454119235585, 4, 非核装备, 4, ZB1-A-14-4-0-00-00-A, null, null, null, 1, 1
<==        Row: 2078360460893036546, admin, 2026-07-18 14:05:22.627000, null, null, A01, 2078348945532030978, 2078360460209364993, 1, 基本信息, 1, ZB1-A-14-4-1-00-00-A, null, null, null, 1, 0
<==        Row: 2078360461580902402, admin, 2026-07-18 14:05:22.779000, null, null, A01, 2078348945532030978, 2078360460209364993, 2, 附加信息, 2, ZB1-A-14-4-2-00-00-A, null, null, null, 1, 0
<==        Row: 2078360462226825217, admin, 2026-07-18 14:05:22.943000, null, null, A01, 2078348945532030978, 2078360460209364993, 3, 装载程序, 3, ZB1-A-14-4-3-00-00-A, null, null, null, 1, 0
<==        Row: 2078360462876942337, admin, 2026-07-18 14:05:23.100000, null, null, A01, 2078348945532030978, 2078360460209364993, 4, 卸载程序, 4, ZB1-A-14-4-4-00-00-A, null, null, null, 1, 0
<==        Row: 2078360463560613890, admin, 2026-07-18 14:05:23.245000, null, null, A01, 2078348945532030978, 2078360460209364993, 5, 装卸程序检查清单, 5, ZB1-A-14-4-5-00-00-A, null, null, null, 1, 0
<==        Row: 2078360464160399362, admin, 2026-07-18 14:05:23.408000, null, null, A01, 2078348945532030978, 2078360460209364993, 6, 综合战转换程序, 6, ZB1-A-14-4-6-00-00-A, null, null, null, 1, 0
<==        Row: 2078360464890208258, admin, 2026-07-18 14:05:23.562000, null, null, A01, 2078348945532030978, 2078360460209364993, 7, 综合战转换程序检查清单, 7, ZB1-A-14-4-7-00-00-A, null, null, null, 1, 0
<==        Row: 2078360465565491201, admin, 2026-07-18 14:05:23.723000, null, null, A01, 2078348945532030978, 2078360460209364993, 8, 交互保养检查单, 8, ZB1-A-14-4-8-00-00-A, null, null, null, 1, 0
<==        Row: 2078360466056224769, admin, 2026-07-18 14:05:23.869000, null, null, A01, 2078348945532030978, 2078360460209364993, 9, 核装备, 9, ZB1-A-14-4-9-00-00-A, null, null, null, 1, 0
<==        Row: 2078360466605678593, admin, 2026-07-18 14:05:23.974000, admin, 2026-07-18 14:05:24.111000, A01, 2078348945532030978, 2078360422452240386, 15, 操作信息（总论）, 16, ZB1-A-15-0-0-00-00-A, null, null, null, 1, 1
<==        Row: 2078360467176103937, admin, 2026-07-18 14:05:24.123000, null, null, A01, 2078348945532030978, 2078360466605678593, 1, 放行/操作限制, 1, ZB1-A-15-1-0-00-00-A, null, null, null, 1, 0
<==        Row: 2078360467708780546, admin, 2026-07-18 14:05:24.242000, null, null, A01, 2078348945532030978, 2078360466605678593, 2, 操作特性, 2, ZB1-A-15-2-0-00-00-A, null, null, null, 1, 0
<==        Row: 2078360468182736898, admin, 2026-07-18 14:05:24.363000, null, null, A01, 2078348945532030978, 2078360466605678593, 3, 正常程序, 3, ZB1-A-15-3-0-00-00-A, null, null, null, 1, 0
<==        Row: 2078360468799299586, admin, 2026-07-18 14:05:24.490000, admin, 2026-07-18 14:05:24.630000, A01, 2078348945532030978, 2078360466605678593, 4, 应急程序, 4, ZB1-A-15-4-0-00-00-A, null, null, null, 1, 1
<==        Row: 2078360469369724930, admin, 2026-07-18 14:05:24.638000, null, null, A01, 2078348945532030978, 2078360468799299586, 1, 概述, 1, ZB1-A-15-4-1-00-00-A, null, null, null, 1, 0
<==        Row: 2078360469994676226, admin, 2026-07-18 14:05:24.777000, null, null, A01, 2078348945532030978, 2078360468799299586, 2, 地面应急程序, 2, ZB1-A-15-4-2-00-00-A, null, null, null, 1, 0
<==        Row: 2078360470577684482, admin, 2026-07-18 14:05:24.920000, null, null, A01, 2078348945532030978, 2078360468799299586, 3, 解除应急状态程序, 3, ZB1-A-15-4-3-00-00-A, null, null, null, 1, 0
<==        Row: 2078360470976143361, admin, 2026-07-18 14:05:25.072000, null, null, A01, 2078348945532030978, 2078360468799299586, 4, 应急程序相关系统, 4, ZB1-A-15-4-4-00-00-A, null, null, null, 1, 0
<==        Row: 2078360471949221889, admin, 2026-07-18 14:05:25.239000, null, null, A01, 2078348945532030978, 2078360468799299586, 5, 单个或多重的发动机故障, 5, ZB1-A-15-4-5-00-00-A, null, null, null, 1, 0
<==        Row: 2078360472569978882, admin, 2026-07-18 14:05:25.391000, null, null, A01, 2078348945532030978, 2078360468799299586, 6, 抵达/离开应急程序, 6, ZB1-A-15-4-6-00-00-A, null, null, null, 1, 0
<==        Row: 2078360473115238402, admin, 2026-07-18 14:05:25.527000, null, null, A01, 2078348945532030978, 2078360468799299586, 7, 控制系统失效, 7, ZB1-A-15-4-7-00-00-A, null, null, null, 1, 0
<==        Row: 2078360473761161217, admin, 2026-07-18 14:05:25.673000, null, null, A01, 2078348945532030978, 2078360468799299586, 8, 其它应急程序或失效状况, 8, ZB1-A-15-4-8-00-00-A, null, null, null, 1, 0
<==        Row: 2078360473937321985, admin, 2026-07-18 14:05:25.825000, null, null, A01, 2078348945532030978, 2078360468799299586, 9, 多功能显示器给出的紧急情况信息, 9, ZB1-A-15-4-9-00-00-A, null, null, null, 1, 0
<==        Row: 2078360475128504321, admin, 2026-07-18 14:05:25.997000, null, null, A01, 2078348945532030978, 2078360466605678593, 5, 特殊条件, 5, ZB1-A-15-5-0-00-00-A, null, null, null, 1, 0
<==        Row: 2078360475636015105, admin, 2026-07-18 14:05:26.128000, null, null, A01, 2078348945532030978, 2078360466605678593, 6, 性能数据, 6, ZB1-A-15-6-0-00-00-A, null, null, null, 1, 0
<==        Row: 2078360476122554370, admin, 2026-07-18 14:05:26.243000, null, null, A01, 2078348945532030978, 2078360466605678593, 7, 任务操作程序, 7, ZB1-A-15-7-0-00-00-A, null, null, null, 1, 0
<==        Row: 2078360477452148738, admin, 2026-07-18 14:05:26.553000, null, null, A01, 2078348945532030978, 2078360466605678593, 8, 构型, 8, ZB1-A-15-8-0-00-00-A, null, null, null, 1, 0
<==        Row: 2078360477879967745, admin, 2026-07-18 14:05:26.657000, admin, 2026-07-18 14:05:26.781000, A01, 2078348945532030978, 2078360422452240386, 16, 任务变更（总论）, 17, ZB1-A-16-0-0-00-00-A, null, null, null, 1, 1
<==        Row: 2078360478450393090, admin, 2026-07-18 14:05:26.791000, null, null, A01, 2078348945532030978, 2078360477879967745, 1, 任务变更, 1, ZB1-A-16-1-0-00-00-A, null, null, null, 1, 0
<==        Row: 2078360478882406402, admin, 2026-07-18 14:05:26.894000, null, null, A01, 2078348945532030978, 2078360422452240386, 17, 项目自定义, 18, ZB1-A-17-0-0-00-00-A, null, null, null, 1, 0
<==        Row: 2078360479234727938, admin, 2026-07-18 14:05:26.986000, admin, 2026-07-18 14:05:27.120000, A01, 2078348945532030978, 2078360422452240386, 18, 震动、噪音分析与衰减（总论）, 19, ZB1-A-18-0-0-00-00-A, null, null, null, 1, 1
<==        Row: 2078360479863873537, admin, 2026-07-18 14:05:27.128000, null, null, A01, 2078348945532030978, 2078360479234727938, 1, 震动分析, 1, ZB1-A-18-1-0-00-00-A, null, null, null, 1, 0
<==        Row: 2078360480434298881, admin, 2026-07-18 14:05:27.275000, null, null, A01, 2078348945532030978, 2078360479234727938, 2, 噪音分析, 2, ZB1-A-18-2-0-00-00-A, null, null, null, 1, 0
<==        Row: 2078360480929226754, admin, 2026-07-18 14:05:27.402000, null, null, A01, 2078348945532030978, 2078360479234727938, 3, 有源衰减/激励, 3, ZB1-A-18-3-0-00-00-A, null, null, null, 1, 0
<==        Row: 2078360481562566658, admin, 2026-07-18 14:05:27.535000, null, null, A01, 2078348945532030978, 2078360479234727938, 4, 传感器, 4, ZB1-A-18-4-0-00-00-A, null, null, null, 1, 0
<==        Row: 2078360482091048962, admin, 2026-07-18 14:05:27.661000, null, null, A01, 2078348945532030978, 2078360479234727938, 5, 控制/计算, 5, ZB1-A-18-5-0-00-00-A, null, null, null, 1, 0
<==        Row: 2078360482648891394, admin, 2026-07-18 14:05:27.800000, null, null, A01, 2078348945532030978, 2078360479234727938, 6, 无源衰减, 6, ZB1-A-18-6-0-00-00-A, null, null, null, 1, 0
<==        Row: 2078360483554861058, admin, 2026-07-18 14:05:28.008000, null, null, A01, 2078348945532030978, 2078360422452240386, 19, 项目自定义, 20, ZB1-A-19-0-0-00-00-A, null, null, null, 1, 0
<==        Row: 2078360483936542722, admin, 2026-07-18 14:05:28.110000, null, null, A01, 2078348945532030978, 2078360422452240386, 20, 项目自定义, 21, ZB1-A-20-0-0-00-00-A, null, null, null, 1, 0
<==      Total: 111
Closing non transactional SqlSession [org.apache.ibatis.session.defaults.DefaultSqlSession@77a39789]
2026-08-08 14:18:27.078 [http-nio-9999-exec-4] [34mINFO [0;39m [36morg.jeecg.common.system.query.QueryGenerator:648[0;39m - ---查询过滤器，Query规则---field:project_id, rule:=, value:2078348945532030978
2026-08-08 14:18:27.080 [http-nio-9999-exec-4] [34mINFO [0;39m [36morg.jeecg.common.system.query.QueryGenerator:241[0;39m - 排序规则>>列:null,排序方式:null
2026-08-08 14:18:27.081 [http-nio-9999-exec-4] [34mINFO [0;39m [36mo.j.m.i.p.c.IetmProjectConfigurationManagementController:263[0;39m - 查询子节点，pid=null, projectId=2078348945532030978
Creating a new SqlSession
SqlSession [org.apache.ibatis.session.defaults.DefaultSqlSession@358f75e8] was not registered for synchronization because synchronization is not active
original SQL: SELECT  id,create_by,create_time,update_by,update_time,sys_org_code,project_id,pid,code,title,seq,path,update_ip,version,status,security,has_child  FROM ietm_project_configuration_management 
 
 WHERE (project_id = ? AND project_id = ?)
SQL to parse, SQL: SELECT  id,create_by,create_time,update_by,update_time,sys_org_code,project_id,pid,code,title,seq,path,update_ip,version,status,security,has_child  FROM ietm_project_configuration_management 
 
 WHERE (project_id = ? AND project_id = ?)
parse the finished SQL: SELECT id, create_by, create_time, update_by, update_time, sys_org_code, project_id, pid, code, title, seq, path, update_ip, version, status, security, has_child FROM ietm_project_configuration_management WHERE (project_id = ? AND project_id = ?)
JDBC Connection [dm.jdbc.driver.DmdbConnection@4daacdbb] will not be managed by Spring
==>  Preparing: SELECT id, create_by, create_time, update_by, update_time, sys_org_code, project_id, pid, code, title, seq, path, update_ip, version, status, security, has_child FROM ietm_project_configuration_management WHERE (project_id = ? AND project_id = ?)
==> Parameters: 2078348945532030978(String), 2078348945532030978(String)
<==    Columns: id, create_by, create_time, update_by, update_time, sys_org_code, project_id, pid, code, title, seq, PATH, update_ip, version, status, security, has_child
<==        Row: 2078349029430693889, admin, 2026-07-18 13:19:57.140000, admin, 2026-07-18 14:05:13.455000, A01, 2078348945532030978, 0, ZB1, 项目1, null, ZB1-A-00-0-0-00-00-A, null, null, null, 1, 1
<==        Row: 2078360422452240386, admin, 2026-07-18 14:05:13.435000, admin, 2026-07-18 14:05:13.545000, A01, 2078348945532030978, 2078349029430693889, A, 《内置构型》, null, ZB1-A-00-0-0-00-00-A, null, null, null, 1, 1
<==        Row: 2078360422867476482, admin, 2026-07-18 14:05:13.552000, admin, 2026-07-18 14:05:13.664000, A01, 2078348945532030978, 2078360422452240386, 00, 说明（总论）, 1, ZB1-A-00-0-0-00-00-A, null, null, null, 1, 1
<==        Row: 2078360423412736002, admin, 2026-07-18 14:05:13.674000, null, null, A01, 2078348945532030978, 2078360422867476482, 1, 一般性维修, 1, ZB1-A-00-1-0-00-00-A, null, null, null, 1, 0
<==        Row: 2078360423991549953, admin, 2026-07-18 14:05:13.825000, null, null, A01, 2078348945532030978, 2078360422867476482, 2, 安全, 2, ZB1-A-00-2-0-00-00-A, null, null, null, 1, 0
<==        Row: 2078360424473894914, admin, 2026-07-18 14:05:13.933000, null, null, A01, 2078348945532030978, 2078360422867476482, 3, 安全和防护设施, 3, ZB1-A-00-3-0-00-00-A, null, null, null, 1, 0
<==        Row: 2078360424964628481, admin, 2026-07-18 14:05:14.045000, admin, 2026-07-18 14:05:14.180000, A01, 2078348945532030978, 2078360422867476482, 4, 技术出版物, 4, ZB1-A-00-4-0-00-00-A, null, null, null, 1, 1
<==        Row: 2078360425585385473, admin, 2026-07-18 14:05:14.188000, null, null, A01, 2078348945532030978, 2078360424964628481, 1, 出版信息, 1, ZB1-A-00-4-1-00-00-A, null, null, null, 1, 0
<==        Row: 2078360426013204481, admin, 2026-07-18 14:05:14.312000, null, null, A01, 2078348945532030978, 2078360424964628481, 2, 信息集合, 2, ZB1-A-00-4-2-00-00-A, null, null, null, 1, 0
<==        Row: 2078360426571046913, admin, 2026-07-18 14:05:14.424000, null, null, A01, 2078348945532030978, 2078360422867476482, 5, 物资数据, 5, ZB1-A-00-5-0-00-00-A, null, null, null, 1, 0
<==        Row: 2078360427061780482, admin, 2026-07-18 14:05:14.539000, null, null, A01, 2078348945532030978, 2078360422867476482, 6, 项目自定义, 6, ZB1-A-00-6-0-00-00-A, null, null, null, 1, 0
<==        Row: 2078360427556708354, admin, 2026-07-18 14:05:14.661000, null, null, A01, 2078348945532030978, 2078360422867476482, 7, 项目自定义, 7, ZB1-A-00-7-0-00-00-A, null, null, null, 1, 0
<==        Row: 2078360428181659650, admin, 2026-07-18 14:05:14.808000, null, null, A01, 2078348945532030978, 2078360422867476482, 8, 项目自定义, 8, ZB1-A-00-8-0-00-00-A, null, null, null, 1, 0
<==        Row: 2078360428668198914, admin, 2026-07-18 14:05:14.926000, null, null, A01, 2078348945532030978, 2078360422867476482, 9, 战斗损伤修理, 9, ZB1-A-00-9-0-00-00-A, null, null, null, 1, 0
<==        Row: 2078360429075046402, admin, 2026-07-18 14:05:15.027000, admin, 2026-07-18 14:05:15.145000, A01, 2078348945532030978, 2078360422452240386, 01, 项目自定义, 2, ZB1-A-01-0-0-00-00-A, null, null, null, 1, 1
<==        Row: 2078360429653860353, admin, 2026-07-18 14:05:15.157000, null, null, A01, 2078348945532030978, 2078360429075046402, 1, 测试, 1, ZB1-A-01-1-0-00-00-A, null, null, null, 1, 0
<==        Row: 2078360430056513538, admin, 2026-07-18 14:05:15.260000, null, null, A01, 2078348945532030978, 2078360422452240386, 02, 项目自定义, 3, ZB1-A-02-0-0-00-00-A, null, null, null, 1, 0
<==        Row: 2078360430551441409, admin, 2026-07-18 14:05:15.380000, null, null, A01, 2078348945532030978, 2078360422452240386, 03, 项目自定义, 4, ZB1-A-03-0-0-00-00-A, null, null, null, 1, 0
<==        Row: 2078360430966677506, admin, 2026-07-18 14:05:15.474000, admin, 2026-07-18 14:05:15.603000, A01, 2078348945532030978, 2078360422452240386, 04, 使用限制（总论）, 5, ZB1-A-04-0-0-00-00-A, null, null, null, 1, 1
<==        Row: 2078360431532908545, admin, 2026-07-18 14:05:15.606000, null, null, A01, 2078348945532030978, 2078360430966677506, 1, 疲劳参数计算, 1, ZB1-A-04-1-0-00-00-A, null, null, null, 1, 0
<==        Row: 2078360432015253506, admin, 2026-07-18 14:05:15.723000, null, null, A01, 2078348945532030978, 2078360430966677506, 2, 使用范围, 2, ZB1-A-04-2-0-00-00-A, null, null, null, 1, 0
<==        Row: 2078360432434683906, admin, 2026-07-18 14:05:15.829000, admin, 2026-07-18 14:05:15.946000, A01, 2078348945532030978, 2078360422452240386, 05, 计划/非计划维修（总论）, 6, ZB1-A-05-0-0-00-00-A, null, null, null, 1, 1
<==        Row: 2078360432992526338, admin, 2026-07-18 14:05:15.956000, null, null, A01, 2078348945532030978, 2078360432434683906, 1, 时限, 1, ZB1-A-05-1-0-00-00-A, null, null, null, 1, 0
<==        Row: 2078360433370013698, admin, 2026-07-18 14:05:16.067000, null, null, A01, 2078348945532030978, 2078360432434683906, 2, 维修检查清单, 2, ZB1-A-05-2-0-00-00-A, null, null, null, 1, 0
<==        Row: 2078360433978187778, admin, 2026-07-18 14:05:16.192000, null, null, A01, 2078348945532030978, 2078360432434683906, 3, 项目自定义, 3, ZB1-A-05-3-0-00-00-A, null, null, null, 1, 0
<==        Row: 2078360434540224514, admin, 2026-07-18 14:05:16.322000, null, null, A01, 2078348945532030978, 2078360432434683906, 4, 计划性维修检查, 4, ZB1-A-05-4-0-00-00-A, null, null, null, 1, 0
<==        Row: 2078360435123232770, admin, 2026-07-18 14:05:16.461000, null, null, A01, 2078348945532030978, 2078360432434683906, 5, 非计划性维修检查, 5, ZB1-A-05-5-0-00-00-A, null, null, null, 1, 0
<==        Row: 2078360435668492290, admin, 2026-07-18 14:05:16.597000, null, null, A01, 2078348945532030978, 2078360432434683906, 6, 验收和功能性检查, 6, ZB1-A-05-6-0-00-00-A, null, null, null, 1, 0
<==        Row: 2078360436142448641, admin, 2026-07-18 14:05:16.716000, admin, 2026-07-18 14:05:16.842000, A01, 2078348945532030978, 2078360422452240386, 06, 尺寸和区域（总论）, 7, ZB1-A-06-0-0-00-00-A, null, null, null, 1, 1
<==        Row: 2078360436721262593, admin, 2026-07-18 14:05:16.851000, null, null, A01, 2078348945532030978, 2078360436142448641, 1, 主要尺寸, 1, ZB1-A-06-1-0-00-00-A, null, null, null, 1, 0
<==        Row: 2078360437274910722, admin, 2026-07-18 14:05:16.983000, null, null, A01, 2078348945532030978, 2078360436142448641, 2, 参考线, 2, ZB1-A-06-2-0-00-00-A, null, null, null, 1, 0
<==        Row: 2078360437832753154, admin, 2026-07-18 14:05:17.119000, null, null, A01, 2078348945532030978, 2078360436142448641, 3, 区域划分, 3, ZB1-A-06-3-0-00-00-A, null, null, null, 1, 0
<==        Row: 2078360438386401281, admin, 2026-07-18 14:05:17.247000, null, null, A01, 2078348945532030978, 2078360436142448641, 4, 口盖, 4, ZB1-A-06-4-0-00-00-A, null, null, null, 1, 0
<==        Row: 2078360438814220289, admin, 2026-07-18 14:05:17.349000, admin, 2026-07-18 14:05:17.467000, A01, 2078348945532030978, 2078360422452240386, 07, 顶起、支撑、恢复和运输（总论）, 8, ZB1-A-07-0-0-00-00-A, null, null, null, 1, 1
<==        Row: 2078360439359479809, admin, 2026-07-18 14:05:17.473000, null, null, A01, 2078348945532030978, 2078360438814220289, 1, 顶起, 1, ZB1-A-07-1-0-00-00-A, null, null, null, 1, 0
<==        Row: 2078360439850213377, admin, 2026-07-18 14:05:17.601000, null, null, A01, 2078348945532030978, 2078360438814220289, 2, 支撑, 2, ZB1-A-07-2-0-00-00-A, null, null, null, 1, 0
<==        Row: 2078360440420638722, admin, 2026-07-18 14:05:17.726000, null, null, A01, 2078348945532030978, 2078360438814220289, 3, 吊挂, 3, ZB1-A-07-3-0-00-00-A, null, null, null, 1, 0
<==        Row: 2078360440974286849, admin, 2026-07-18 14:05:17.863000, null, null, A01, 2078348945532030978, 2078360438814220289, 4, 恢复, 4, ZB1-A-07-4-0-00-00-A, null, null, null, 1, 0
<==        Row: 2078360441532129281, admin, 2026-07-18 14:05:17.999000, null, null, A01, 2078348945532030978, 2078360438814220289, 5, 运输, 5, ZB1-A-07-5-0-00-00-A, null, null, null, 1, 0
<==        Row: 2078360441947365378, admin, 2026-07-18 14:05:18.100000, admin, 2026-07-18 14:05:18.224000, A01, 2078348945532030978, 2078360422452240386, 08, 调平和称重（总论）, 9, ZB1-A-08-0-0-00-00-A, null, null, null, 1, 1
<==        Row: 2078360442517790721, admin, 2026-07-18 14:05:18.232000, null, null, A01, 2078348945532030978, 2078360441947365378, 1, 重量和平衡, 1, ZB1-A-08-1-0-00-00-A, null, null, null, 1, 0
<==        Row: 2078360443071438849, admin, 2026-07-18 14:05:18.351000, null, null, A01, 2078348945532030978, 2078360441947365378, 2, 水平测量, 2, ZB1-A-08-2-0-00-00-A, null, null, null, 1, 0
<==        Row: 2078360443486674946, admin, 2026-07-18 14:05:18.456000, null, null, A01, 2078348945532030978, 2078360441947365378, 3, 称重, 3, ZB1-A-08-3-0-00-00-A, null, null, null, 1, 0
<==        Row: 2078360444099043330, admin, 2026-07-18 14:05:18.609000, null, null, A01, 2078348945532030978, 2078360441947365378, 4, 重量和重心数据, 4, ZB1-A-08-4-0-00-00-A, null, null, null, 1, 0
<==        Row: 2078360444614942721, admin, 2026-07-18 14:05:18.742000, null, null, A01, 2078348945532030978, 2078360441947365378, 5, 静态稳定性, 5, ZB1-A-08-5-0-00-00-A, null, null, null, 1, 0
<==        Row: 2078360445403471874, admin, 2026-07-18 14:05:18.910000, admin, 2026-07-18 14:05:19.061000, A01, 2078348945532030978, 2078360422452240386, 09, 牵引和滑行（总论）, 10, ZB1-A-09-0-0-00-00-A, null, null, null, 1, 1
<==        Row: 2078360446007451650, admin, 2026-07-18 14:05:19.070000, null, null, A01, 2078348945532030978, 2078360445403471874, 1, 牵引, 1, ZB1-A-09-1-0-00-00-A, null, null, null, 1, 0
<==        Row: 2078360446615625730, admin, 2026-07-18 14:05:19.205000, null, null, A01, 2078348945532030978, 2078360445403471874, 2, 滑行, 2, ZB1-A-09-2-0-00-00-A, null, null, null, 1, 0
<==        Row: 2078360447001501698, admin, 2026-07-18 14:05:19.307000, admin, 2026-07-18 14:05:19.423000, A01, 2078348945532030978, 2078360422452240386, 10, 停放、系留、存放和恢复使用（总论）, 11, ZB1-A-10-0-0-00-00-A, null, null, null, 1, 1
<==        Row: 2078360447538372609, admin, 2026-07-18 14:05:19.429000, null, null, A01, 2078348945532030978, 2078360447001501698, 1, 停放, 1, ZB1-A-10-1-0-00-00-A, null, null, null, 1, 0
<==        Row: 2078360448066854913, admin, 2026-07-18 14:05:19.545000, null, null, A01, 2078348945532030978, 2078360447001501698, 2, 系留, 2, ZB1-A-10-2-0-00-00-A, null, null, null, 1, 0
<==        Row: 2078360448524034050, admin, 2026-07-18 14:05:19.662000, null, null, A01, 2078348945532030978, 2078360447001501698, 3, 存放, 3, ZB1-A-10-3-0-00-00-A, null, null, null, 1, 0
<==        Row: 2078360448985407490, admin, 2026-07-18 14:05:19.770000, null, null, A01, 2078348945532030978, 2078360447001501698, 4, 恢复使用, 4, ZB1-A-10-4-0-00-00-A, null, null, null, 1, 0
<==        Row: 2078360449325146113, admin, 2026-07-18 14:05:19.849000, admin, 2026-07-18 14:05:19.957000, A01, 2078348945532030978, 2078360422452240386, 11, 标牌和标志（总论）, 12, ZB1-A-11-0-0-00-00-A, null, null, null, 1, 1
<==        Row: 2078360449786519553, admin, 2026-07-18 14:05:19.960000, null, null, A01, 2078348945532030978, 2078360449325146113, 1, 外部配色方案和标志, 1, ZB1-A-11-1-0-00-00-A, null, null, null, 1, 0
<==        Row: 2078360450176589826, admin, 2026-07-18 14:05:20.059000, null, null, A01, 2078348945532030978, 2078360449325146113, 2, 外部标牌和标志, 2, ZB1-A-11-2-0-00-00-A, null, null, null, 1, 0
<==        Row: 2078360450658934785, admin, 2026-07-18 14:05:20.167000, null, null, A01, 2078348945532030978, 2078360449325146113, 3, 内部标牌和标志, 3, ZB1-A-11-3-0-00-00-A, null, null, null, 1, 0
<==        Row: 2078360451040616449, admin, 2026-07-18 14:05:20.261000, admin, 2026-07-18 14:05:20.369000, A01, 2078348945532030978, 2078360422452240386, 12, 保养（总论）, 13, ZB1-A-12-0-0-00-00-A, null, null, null, 1, 1
<==        Row: 2078360451728482305, admin, 2026-07-18 14:05:20.423000, null, null, A01, 2078348945532030978, 2078360451040616449, 1, 补充和损耗, 1, ZB1-A-12-1-0-00-00-A, null, null, null, 1, 0
<==        Row: 2078360452458291202, admin, 2026-07-18 14:05:20.596000, null, null, A01, 2078348945532030978, 2078360451040616449, 2, 定期保养, 2, ZB1-A-12-2-0-00-00-A, null, null, null, 1, 0
<==        Row: 2078360453204877313, admin, 2026-07-18 14:05:20.770000, null, null, A01, 2078348945532030978, 2078360451040616449, 3, 非定期保养, 3, ZB1-A-12-3-0-00-00-A, null, null, null, 1, 0
<==        Row: 2078360453657862146, admin, 2026-07-18 14:05:20.882000, null, null, A01, 2078348945532030978, 2078360422452240386, 13, 项目自定义, 14, ZB1-A-13-0-0-00-00-A, null, null, null, 1, 0
<==        Row: 2078360454119235585, admin, 2026-07-18 14:05:20.992000, admin, 2026-07-18 14:05:21.148000, A01, 2078348945532030978, 2078360422452240386, 14, 装卸（总论）, 15, ZB1-A-14-0-0-00-00-A, null, null, null, 1, 1
<==        Row: 2078360454802907137, admin, 2026-07-18 14:05:21.159000, null, null, A01, 2078348945532030978, 2078360454119235585, 1, 地面设备, 1, ZB1-A-14-1-0-00-00-A, null, null, null, 1, 0
<==        Row: 2078360455310417922, admin, 2026-07-18 14:05:21.274000, null, null, A01, 2078348945532030978, 2078360454119235585, 2, 货物, 2, ZB1-A-14-2-0-00-00-A, null, null, null, 1, 0
<==        Row: 2078360455683710977, admin, 2026-07-18 14:05:21.395000, admin, 2026-07-18 14:05:21.563000, A01, 2078348945532030978, 2078360454119235585, 3, 物品出入库的装卸, 3, ZB1-A-14-3-0-00-00-A, null, null, null, 1, 1
<==        Row: 2078360456577097729, admin, 2026-07-18 14:05:21.572000, null, null, A01, 2078348945532030978, 2078360455683710977, 1, 基本信息, 1, ZB1-A-14-3-1-00-00-A, null, null, null, 1, 0
<==        Row: 2078360457365626881, admin, 2026-07-18 14:05:21.771000, null, null, A01, 2078348945532030978, 2078360455683710977, 2, 附加信息, 2, ZB1-A-14-3-2-00-00-A, null, null, null, 1, 0
<==        Row: 2078360458149961729, admin, 2026-07-18 14:05:21.953000, null, null, A01, 2078348945532030978, 2078360455683710977, 3, 装载程序, 3, ZB1-A-14-3-3-00-00-A, null, null, null, 1, 0
<==        Row: 2078360458900742146, admin, 2026-07-18 14:05:22.134000, null, null, A01, 2078348945532030978, 2078360455683710977, 4, 卸载程序, 4, ZB1-A-14-3-4-00-00-A, null, null, null, 1, 0
<==        Row: 2078360459693465602, admin, 2026-07-18 14:05:22.323000, null, null, A01, 2078348945532030978, 2078360455683710977, 5, 装卸程序检查清单, 5, ZB1-A-14-3-5-00-00-A, null, null, null, 1, 0
<==        Row: 2078360460209364993, admin, 2026-07-18 14:05:22.454000, admin, 2026-07-18 14:05:22.619000, A01, 2078348945532030978, 2078360454119235585, 4, 非核装备, 4, ZB1-A-14-4-0-00-00-A, null, null, null, 1, 1
<==        Row: 2078360460893036546, admin, 2026-07-18 14:05:22.627000, null, null, A01, 2078348945532030978, 2078360460209364993, 1, 基本信息, 1, ZB1-A-14-4-1-00-00-A, null, null, null, 1, 0
<==        Row: 2078360461580902402, admin, 2026-07-18 14:05:22.779000, null, null, A01, 2078348945532030978, 2078360460209364993, 2, 附加信息, 2, ZB1-A-14-4-2-00-00-A, null, null, null, 1, 0
<==        Row: 2078360462226825217, admin, 2026-07-18 14:05:22.943000, null, null, A01, 2078348945532030978, 2078360460209364993, 3, 装载程序, 3, ZB1-A-14-4-3-00-00-A, null, null, null, 1, 0
<==        Row: 2078360462876942337, admin, 2026-07-18 14:05:23.100000, null, null, A01, 2078348945532030978, 2078360460209364993, 4, 卸载程序, 4, ZB1-A-14-4-4-00-00-A, null, null, null, 1, 0
<==        Row: 2078360463560613890, admin, 2026-07-18 14:05:23.245000, null, null, A01, 2078348945532030978, 2078360460209364993, 5, 装卸程序检查清单, 5, ZB1-A-14-4-5-00-00-A, null, null, null, 1, 0
<==        Row: 2078360464160399362, admin, 2026-07-18 14:05:23.408000, null, null, A01, 2078348945532030978, 2078360460209364993, 6, 综合战转换程序, 6, ZB1-A-14-4-6-00-00-A, null, null, null, 1, 0
<==        Row: 2078360464890208258, admin, 2026-07-18 14:05:23.562000, null, null, A01, 2078348945532030978, 2078360460209364993, 7, 综合战转换程序检查清单, 7, ZB1-A-14-4-7-00-00-A, null, null, null, 1, 0
<==        Row: 2078360465565491201, admin, 2026-07-18 14:05:23.723000, null, null, A01, 2078348945532030978, 2078360460209364993, 8, 交互保养检查单, 8, ZB1-A-14-4-8-00-00-A, null, null, null, 1, 0
<==        Row: 2078360466056224769, admin, 2026-07-18 14:05:23.869000, null, null, A01, 2078348945532030978, 2078360460209364993, 9, 核装备, 9, ZB1-A-14-4-9-00-00-A, null, null, null, 1, 0
<==        Row: 2078360466605678593, admin, 2026-07-18 14:05:23.974000, admin, 2026-07-18 14:05:24.111000, A01, 2078348945532030978, 2078360422452240386, 15, 操作信息（总论）, 16, ZB1-A-15-0-0-00-00-A, null, null, null, 1, 1
<==        Row: 2078360467176103937, admin, 2026-07-18 14:05:24.123000, null, null, A01, 2078348945532030978, 2078360466605678593, 1, 放行/操作限制, 1, ZB1-A-15-1-0-00-00-A, null, null, null, 1, 0
<==        Row: 2078360467708780546, admin, 2026-07-18 14:05:24.242000, null, null, A01, 2078348945532030978, 2078360466605678593, 2, 操作特性, 2, ZB1-A-15-2-0-00-00-A, null, null, null, 1, 0
<==        Row: 2078360468182736898, admin, 2026-07-18 14:05:24.363000, null, null, A01, 2078348945532030978, 2078360466605678593, 3, 正常程序, 3, ZB1-A-15-3-0-00-00-A, null, null, null, 1, 0
<==        Row: 2078360468799299586, admin, 2026-07-18 14:05:24.490000, admin, 2026-07-18 14:05:24.630000, A01, 2078348945532030978, 2078360466605678593, 4, 应急程序, 4, ZB1-A-15-4-0-00-00-A, null, null, null, 1, 1
<==        Row: 2078360469369724930, admin, 2026-07-18 14:05:24.638000, null, null, A01, 2078348945532030978, 2078360468799299586, 1, 概述, 1, ZB1-A-15-4-1-00-00-A, null, null, null, 1, 0
<==        Row: 2078360469994676226, admin, 2026-07-18 14:05:24.777000, null, null, A01, 2078348945532030978, 2078360468799299586, 2, 地面应急程序, 2, ZB1-A-15-4-2-00-00-A, null, null, null, 1, 0
<==        Row: 2078360470577684482, admin, 2026-07-18 14:05:24.920000, null, null, A01, 2078348945532030978, 2078360468799299586, 3, 解除应急状态程序, 3, ZB1-A-15-4-3-00-00-A, null, null, null, 1, 0
<==        Row: 2078360470976143361, admin, 2026-07-18 14:05:25.072000, null, null, A01, 2078348945532030978, 2078360468799299586, 4, 应急程序相关系统, 4, ZB1-A-15-4-4-00-00-A, null, null, null, 1, 0
<==        Row: 2078360471949221889, admin, 2026-07-18 14:05:25.239000, null, null, A01, 2078348945532030978, 2078360468799299586, 5, 单个或多重的发动机故障, 5, ZB1-A-15-4-5-00-00-A, null, null, null, 1, 0
<==        Row: 2078360472569978882, admin, 2026-07-18 14:05:25.391000, null, null, A01, 2078348945532030978, 2078360468799299586, 6, 抵达/离开应急程序, 6, ZB1-A-15-4-6-00-00-A, null, null, null, 1, 0
<==        Row: 2078360473115238402, admin, 2026-07-18 14:05:25.527000, null, null, A01, 2078348945532030978, 2078360468799299586, 7, 控制系统失效, 7, ZB1-A-15-4-7-00-00-A, null, null, null, 1, 0
<==        Row: 2078360473761161217, admin, 2026-07-18 14:05:25.673000, null, null, A01, 2078348945532030978, 2078360468799299586, 8, 其它应急程序或失效状况, 8, ZB1-A-15-4-8-00-00-A, null, null, null, 1, 0
<==        Row: 2078360473937321985, admin, 2026-07-18 14:05:25.825000, null, null, A01, 2078348945532030978, 2078360468799299586, 9, 多功能显示器给出的紧急情况信息, 9, ZB1-A-15-4-9-00-00-A, null, null, null, 1, 0
<==        Row: 2078360475128504321, admin, 2026-07-18 14:05:25.997000, null, null, A01, 2078348945532030978, 2078360466605678593, 5, 特殊条件, 5, ZB1-A-15-5-0-00-00-A, null, null, null, 1, 0
<==        Row: 2078360475636015105, admin, 2026-07-18 14:05:26.128000, null, null, A01, 2078348945532030978, 2078360466605678593, 6, 性能数据, 6, ZB1-A-15-6-0-00-00-A, null, null, null, 1, 0
<==        Row: 2078360476122554370, admin, 2026-07-18 14:05:26.243000, null, null, A01, 2078348945532030978, 2078360466605678593, 7, 任务操作程序, 7, ZB1-A-15-7-0-00-00-A, null, null, null, 1, 0
<==        Row: 2078360477452148738, admin, 2026-07-18 14:05:26.553000, null, null, A01, 2078348945532030978, 2078360466605678593, 8, 构型, 8, ZB1-A-15-8-0-00-00-A, null, null, null, 1, 0
<==        Row: 2078360477879967745, admin, 2026-07-18 14:05:26.657000, admin, 2026-07-18 14:05:26.781000, A01, 2078348945532030978, 2078360422452240386, 16, 任务变更（总论）, 17, ZB1-A-16-0-0-00-00-A, null, null, null, 1, 1
<==        Row: 2078360478450393090, admin, 2026-07-18 14:05:26.791000, null, null, A01, 2078348945532030978, 2078360477879967745, 1, 任务变更, 1, ZB1-A-16-1-0-00-00-A, null, null, null, 1, 0
<==        Row: 2078360478882406402, admin, 2026-07-18 14:05:26.894000, null, null, A01, 2078348945532030978, 2078360422452240386, 17, 项目自定义, 18, ZB1-A-17-0-0-00-00-A, null, null, null, 1, 0
<==        Row: 2078360479234727938, admin, 2026-07-18 14:05:26.986000, admin, 2026-07-18 14:05:27.120000, A01, 2078348945532030978, 2078360422452240386, 18, 震动、噪音分析与衰减（总论）, 19, ZB1-A-18-0-0-00-00-A, null, null, null, 1, 1
<==        Row: 2078360479863873537, admin, 2026-07-18 14:05:27.128000, null, null, A01, 2078348945532030978, 2078360479234727938, 1, 震动分析, 1, ZB1-A-18-1-0-00-00-A, null, null, null, 1, 0
<==        Row: 2078360480434298881, admin, 2026-07-18 14:05:27.275000, null, null, A01, 2078348945532030978, 2078360479234727938, 2, 噪音分析, 2, ZB1-A-18-2-0-00-00-A, null, null, null, 1, 0
<==        Row: 2078360480929226754, admin, 2026-07-18 14:05:27.402000, null, null, A01, 2078348945532030978, 2078360479234727938, 3, 有源衰减/激励, 3, ZB1-A-18-3-0-00-00-A, null, null, null, 1, 0
<==        Row: 2078360481562566658, admin, 2026-07-18 14:05:27.535000, null, null, A01, 2078348945532030978, 2078360479234727938, 4, 传感器, 4, ZB1-A-18-4-0-00-00-A, null, null, null, 1, 0
<==        Row: 2078360482091048962, admin, 2026-07-18 14:05:27.661000, null, null, A01, 2078348945532030978, 2078360479234727938, 5, 控制/计算, 5, ZB1-A-18-5-0-00-00-A, null, null, null, 1, 0
<==        Row: 2078360482648891394, admin, 2026-07-18 14:05:27.800000, null, null, A01, 2078348945532030978, 2078360479234727938, 6, 无源衰减, 6, ZB1-A-18-6-0-00-00-A, null, null, null, 1, 0
<==        Row: 2078360483554861058, admin, 2026-07-18 14:05:28.008000, null, null, A01, 2078348945532030978, 2078360422452240386, 19, 项目自定义, 20, ZB1-A-19-0-0-00-00-A, null, null, null, 1, 0
<==        Row: 2078360483936542722, admin, 2026-07-18 14:05:28.110000, null, null, A01, 2078348945532030978, 2078360422452240386, 20, 项目自定义, 21, ZB1-A-20-0-0-00-00-A, null, null, null, 1, 0
<==      Total: 111
Closing non transactional SqlSession [org.apache.ibatis.session.defaults.DefaultSqlSession@358f75e8]
Creating a new SqlSession
SqlSession [org.apache.ibatis.session.defaults.DefaultSqlSession@28bed1fe] was not registered for synchronization because synchronization is not active
original SQL: SELECT
            t1.id, t1.project_id, t1.project_name, t1.sns, t1.info_code, t1.info_code_variant,
            t1.ietm_location_code, t1.originator, t1.originator_name, t1.issue_no, t1.in_work,
            t1.version_type, t1.tech_name, t1.info_name, t1.cm_node_id, t1.cm_node_name, t1.cm_node_path,
            t1.is_latest, t1.status, t1.checkout_user, t1.checkout_time, t1.checkout_dm_id,
            t1.workflow_instance_id, t1.workflow_status, t1.dmc_code, t1.create_time, t1.update_time,
            -- 列表/详情展示所需字段（DM类型/密级/签发日期/语言/国家/责任单位）
            t1.dm_type, t1.security, t1.issue_date, t1.language_iso_code, t1.country_iso_code,
            t1.rpc, t1.rpc_name,
            -- 从流程视图获取动态字段
            v.activityalias_ AS activityalias_,  -- 流程当前步骤（实时计算）
            v.currenthandler_ AS currenthandler_  -- 当前待办人（实时）
        FROM ietm_data_module t1
        LEFT JOIN v_wf_instance v ON t1.id = v.formid_
        WHERE t1.status = '1'
          AND t1.is_latest = '1'
           
              AND t1.project_id = ?
           
           
               
                      AND t1.cm_node_id = ?
                   
           
        ORDER BY t1.create_time DESC
SQL to parse, SQL: SELECT
            t1.id, t1.project_id, t1.project_name, t1.sns, t1.info_code, t1.info_code_variant,
            t1.ietm_location_code, t1.originator, t1.originator_name, t1.issue_no, t1.in_work,
            t1.version_type, t1.tech_name, t1.info_name, t1.cm_node_id, t1.cm_node_name, t1.cm_node_path,
            t1.is_latest, t1.status, t1.checkout_user, t1.checkout_time, t1.checkout_dm_id,
            t1.workflow_instance_id, t1.workflow_status, t1.dmc_code, t1.create_time, t1.update_time,
            -- 列表/详情展示所需字段（DM类型/密级/签发日期/语言/国家/责任单位）
            t1.dm_type, t1.security, t1.issue_date, t1.language_iso_code, t1.country_iso_code,
            t1.rpc, t1.rpc_name,
            -- 从流程视图获取动态字段
            v.activityalias_ AS activityalias_,  -- 流程当前步骤（实时计算）
            v.currenthandler_ AS currenthandler_  -- 当前待办人（实时）
        FROM ietm_data_module t1
        LEFT JOIN v_wf_instance v ON t1.id = v.formid_
        WHERE t1.status = '1'
          AND t1.is_latest = '1'
           
              AND t1.project_id = ?
           
           
               
                      AND t1.cm_node_id = ?
                   
           
        ORDER BY t1.create_time DESC
parse the finished SQL: SELECT t1.id, t1.project_id, t1.project_name, t1.sns, t1.info_code, t1.info_code_variant, t1.ietm_location_code, t1.originator, t1.originator_name, t1.issue_no, t1.in_work, t1.version_type, t1.tech_name, t1.info_name, t1.cm_node_id, t1.cm_node_name, t1.cm_node_path, t1.is_latest, t1.status, t1.checkout_user, t1.checkout_time, t1.checkout_dm_id, t1.workflow_instance_id, t1.workflow_status, t1.dmc_code, t1.create_time, t1.update_time, t1.dm_type, t1.security, t1.issue_date, t1.language_iso_code, t1.country_iso_code, t1.rpc, t1.rpc_name, v.activityalias_ AS activityalias_, v.currenthandler_ AS currenthandler_ FROM ietm_data_module t1 LEFT JOIN v_wf_instance v ON t1.id = v.formid_ WHERE t1.status = '1' AND t1.is_latest = '1' AND t1.project_id = ? AND t1.cm_node_id = ? ORDER BY t1.create_time DESC
JDBC Connection [dm.jdbc.driver.DmdbConnection@4daacdbb] will not be managed by Spring
==>  Preparing: SELECT COUNT(*) AS total FROM ietm_data_module t1 WHERE t1.status = '1' AND t1.is_latest = '1' AND t1.project_id = ? AND t1.cm_node_id = ?
==> Parameters: 2078348945532030978(String), 2078360422452240386(String)
<==    Columns: total
<==        Row: 0
<==      Total: 1
Closing non transactional SqlSession [org.apache.ibatis.session.defaults.DefaultSqlSession@28bed1fe]
Creating a new SqlSession
SqlSession [org.apache.ibatis.session.defaults.DefaultSqlSession@7cbf6615] was not registered for synchronization because synchronization is not active
JDBC Connection [dm.jdbc.driver.DmdbConnection@4daacdbb] will not be managed by Spring
==>  Preparing: insert into sys_log (id, log_type, log_content, method, operate_type, request_url, request_type, request_param, ip, userid, username, cost_time, create_time,create_by) values( ?, ?, ?, ?, ?, ?, ?, ?, ?, ?, ?, ?, ?, ? )
==> Parameters: 2085973896791564290(String), 2(Integer), 数据模块管理-分页查询(String), org.jeecg.modules.ietm.ietmdatamodulemanagement.controller.IetmDataModuleController.queryPageList()(String), 1(Integer), null, null,   dataModule: IetmDataModule(id=null, projectId=2078348945532030978, projectName=null, schema=null, sns=null, infoCode=null, infoCodeVariant=null, ietmLocationCode=null, learnCode=null, learnEventCode=null, yearOfChange=null, seqNo=null, languageIsoCode=null, countryIsoCode=null, originator=null, originatorName=null, rpc=null, rpcName=null, issueNo=null, inWork=null, versionType=null, techName=null, infoName=null, techNameEn=null, infoNameEn=null, cmNodeId=2078360422452240386, cmNodeName=null, cmNodePath=null, isLatest=null, status=null, checkoutUser=null, checkoutTime=null, checkinTime=null, checkoutDmId=null, publishDate=null, workflowInstanceId=null, workflowStatus=null, workflowStep=null, workflowHandler=null, dmContent=null, dmType=null, dmTypeName=null, security=null, refCount=null, refedCount=null, remark=null, reason=null, createBy=null, createTime=null, updateBy=null, updateTime=null, version=null, sysOrgCode=null, infoCodePart=null, dmcCode=null, issueDate=null, securityClassification=null, language=null, attribute05=null)  pageNo: 1  pageSize: 10  projectId: 2078348945532030978  cmNodeId: 2078360422452240386  nodePath: null  showChildren: null  req: org.apache.shiro.web.servlet.ShiroHttpServletRequest@22507280(String), 0:0:0:0:0:0:0:1(String), admin(String), 管理员(String), 25(Long), 2026-08-08 14:18:27.185(Timestamp), null
<==    Updates: 1
Closing non transactional SqlSession [org.apache.ibatis.session.defaults.DefaultSqlSession@7cbf6615]
Creating a new SqlSession
SqlSession [org.apache.ibatis.session.defaults.DefaultSqlSession@27d7ff2e] was not registered for synchronization because synchronization is not active
original SQL: SELECT
            t1.id, t1.project_id, t1.project_name, t1.sns, t1.info_code, t1.info_code_variant,
            t1.ietm_location_code, t1.originator, t1.originator_name, t1.issue_no, t1.in_work,
            t1.version_type, t1.tech_name, t1.info_name, t1.cm_node_id, t1.cm_node_name, t1.cm_node_path,
            t1.is_latest, t1.status, t1.checkout_user, t1.checkout_time, t1.checkout_dm_id,
            t1.workflow_instance_id, t1.workflow_status, t1.dmc_code, t1.create_time, t1.update_time,
            -- 列表/详情展示所需字段（DM类型/密级/签发日期/语言/国家/责任单位）
            t1.dm_type, t1.security, t1.issue_date, t1.language_iso_code, t1.country_iso_code,
            t1.rpc, t1.rpc_name,
            -- 从流程视图获取动态字段
            v.activityalias_ AS activityalias_,  -- 流程当前步骤（实时计算）
            v.currenthandler_ AS currenthandler_  -- 当前待办人（实时）
        FROM ietm_data_module t1
        LEFT JOIN v_wf_instance v ON t1.id = v.formid_
        WHERE t1.status = '1'
          AND t1.is_latest = '1'
           
              AND t1.project_id = ?
           
           
               
                      AND t1.cm_node_id = ?
                   
           
        ORDER BY t1.create_time DESC
SQL to parse, SQL: SELECT
            t1.id, t1.project_id, t1.project_name, t1.sns, t1.info_code, t1.info_code_variant,
            t1.ietm_location_code, t1.originator, t1.originator_name, t1.issue_no, t1.in_work,
            t1.version_type, t1.tech_name, t1.info_name, t1.cm_node_id, t1.cm_node_name, t1.cm_node_path,
            t1.is_latest, t1.status, t1.checkout_user, t1.checkout_time, t1.checkout_dm_id,
            t1.workflow_instance_id, t1.workflow_status, t1.dmc_code, t1.create_time, t1.update_time,
            -- 列表/详情展示所需字段（DM类型/密级/签发日期/语言/国家/责任单位）
            t1.dm_type, t1.security, t1.issue_date, t1.language_iso_code, t1.country_iso_code,
            t1.rpc, t1.rpc_name,
            -- 从流程视图获取动态字段
            v.activityalias_ AS activityalias_,  -- 流程当前步骤（实时计算）
            v.currenthandler_ AS currenthandler_  -- 当前待办人（实时）
        FROM ietm_data_module t1
        LEFT JOIN v_wf_instance v ON t1.id = v.formid_
        WHERE t1.status = '1'
          AND t1.is_latest = '1'
           
              AND t1.project_id = ?
           
           
               
                      AND t1.cm_node_id = ?
                   
           
        ORDER BY t1.create_time DESC
parse the finished SQL: SELECT t1.id, t1.project_id, t1.project_name, t1.sns, t1.info_code, t1.info_code_variant, t1.ietm_location_code, t1.originator, t1.originator_name, t1.issue_no, t1.in_work, t1.version_type, t1.tech_name, t1.info_name, t1.cm_node_id, t1.cm_node_name, t1.cm_node_path, t1.is_latest, t1.status, t1.checkout_user, t1.checkout_time, t1.checkout_dm_id, t1.workflow_instance_id, t1.workflow_status, t1.dmc_code, t1.create_time, t1.update_time, t1.dm_type, t1.security, t1.issue_date, t1.language_iso_code, t1.country_iso_code, t1.rpc, t1.rpc_name, v.activityalias_ AS activityalias_, v.currenthandler_ AS currenthandler_ FROM ietm_data_module t1 LEFT JOIN v_wf_instance v ON t1.id = v.formid_ WHERE t1.status = '1' AND t1.is_latest = '1' AND t1.project_id = ? AND t1.cm_node_id = ? ORDER BY t1.create_time DESC
JDBC Connection [dm.jdbc.driver.DmdbConnection@4daacdbb] will not be managed by Spring
==>  Preparing: SELECT COUNT(*) AS total FROM ietm_data_module t1 WHERE t1.status = '1' AND t1.is_latest = '1' AND t1.project_id = ? AND t1.cm_node_id = ?
==> Parameters: 2078348945532030978(String), 2078360430056513538(String)
<==    Columns: total
<==        Row: 1
<==      Total: 1
==>  Preparing: SELECT * FROM ( SELECT TMP.*, ROWNUM ROW_ID FROM ( SELECT t1.id, t1.project_id, t1.project_name, t1.sns, t1.info_code, t1.info_code_variant, t1.ietm_location_code, t1.originator, t1.originator_name, t1.issue_no, t1.in_work, t1.version_type, t1.tech_name, t1.info_name, t1.cm_node_id, t1.cm_node_name, t1.cm_node_path, t1.is_latest, t1.status, t1.checkout_user, t1.checkout_time, t1.checkout_dm_id, t1.workflow_instance_id, t1.workflow_status, t1.dmc_code, t1.create_time, t1.update_time, t1.dm_type, t1.security, t1.issue_date, t1.language_iso_code, t1.country_iso_code, t1.rpc, t1.rpc_name, v.activityalias_ AS activityalias_, v.currenthandler_ AS currenthandler_ FROM ietm_data_module t1 LEFT JOIN v_wf_instance v ON t1.id = v.formid_ WHERE t1.status = '1' AND t1.is_latest = '1' AND t1.project_id = ? AND t1.cm_node_id = ? ORDER BY t1.create_time DESC ) TMP WHERE ROWNUM <=?) WHERE ROW_ID > ?
==> Parameters: 2078348945532030978(String), 2078360430056513538(String), 10(Long), 0(Long)
<==    Columns: id, project_id, project_name, sns, info_code, info_code_variant, ietm_location_code, originator, originator_name, issue_no, in_work, version_type, tech_name, info_name, cm_node_id, cm_node_name, cm_node_path, is_latest, status, checkout_user, checkout_time, checkout_dm_id, workflow_instance_id, workflow_status, dmc_code, create_time, update_time, dm_type, security, issue_date, language_iso_code, country_iso_code, rpc, rpc_name, activityalias_, currenthandler_, ROW_ID
<==        Row: 2084954557183365121, 2078348945532030978, null, ZB1-A-02-00-00-00A, 007, A, A, 30101, null, 001, 03, 0, 项目自定义, 符号清单, 2078360430056513538, null, , 1, 1, admin, 2026-08-05 18:47:57.628000, 2084945965503942657, null, 1, DMC-ZB1-A-02-00-00-00A-007A-A_001-03_ZH-CN, 2026-08-05 18:47:57.628000, 2026-08-08 09:22:55.092000, description, 1, null, ZH, CN, 60101, null, null, null, 1
<==      Total: 1
Closing non transactional SqlSession [org.apache.ibatis.session.defaults.DefaultSqlSession@27d7ff2e]
Creating a new SqlSession
SqlSession [org.apache.ibatis.session.defaults.DefaultSqlSession@77e20c2e] was not registered for synchronization because synchronization is not active
original SQL: SELECT
			dict.dict_code,
			item.item_text AS "text",
			item.item_value AS "value"
		FROM
			sys_dict_item item
		INNER JOIN sys_dict dict ON dict.id = item.dict_id
		WHERE dict.dict_code IN (
			  
				?
			 , 
				?
			 , 
				?
			 , 
				?
			 , 
				?
			 , 
				?
			 , 
				?
			 , 
				?
			 , 
				?
			 
		)
		AND item.item_value IN (
			  
				?
			 , 
				?
			 , 
				?
			 
		)
SQL to parse, SQL: SELECT
			dict.dict_code,
			item.item_text AS "text",
			item.item_value AS "value"
		FROM
			sys_dict_item item
		INNER JOIN sys_dict dict ON dict.id = item.dict_id
		WHERE dict.dict_code IN (
			  
				?
			 , 
				?
			 , 
				?
			 , 
				?
			 , 
				?
			 , 
				?
			 , 
				?
			 , 
				?
			 , 
				?
			 
		)
		AND item.item_value IN (
			  
				?
			 , 
				?
			 , 
				?
			 
		)
parse the finished SQL: SELECT dict.dict_code, item.item_text AS "text", item.item_value AS "value" FROM sys_dict_item item INNER JOIN sys_dict dict ON dict.id = item.dict_id WHERE dict.dict_code IN (?, ?, ?, ?, ?, ?, ?, ?, ?) AND item.item_value IN (?, ?, ?)
JDBC Connection [dm.jdbc.driver.DmdbConnection@4daacdbb] will not be managed by Spring
==>  Preparing: SELECT dict.dict_code, item.item_text AS "text", item.item_value AS "value" FROM sys_dict_item item INNER JOIN sys_dict dict ON dict.id = item.dict_id WHERE dict.dict_code IN (?, ?, ?, ?, ?, ?, ?, ?, ?) AND item.item_value IN (?, ?, ?)
==> Parameters: dm_type(String), workflow_status(String), dm_status(String), country(String), security(String), dm_location_code(String), language(String), dm_rpc_type(String), dm_version_type(String), 1(String), ZH(String), 60101(String)
<==    Columns: dict_code, text, value
<==        Row: security, 公开, 1
<==        Row: dm_version_type, 已发布版本, 1
<==        Row: language, zh, zh
<==        Row: workflow_status, 流转中, 1
<==      Total: 4
Closing non transactional SqlSession [org.apache.ibatis.session.defaults.DefaultSqlSession@77e20c2e]
Creating a new SqlSession
SqlSession [org.apache.ibatis.session.defaults.DefaultSqlSession@2b9e446b] was not registered for synchronization because synchronization is not active
JDBC Connection [dm.jdbc.driver.DmdbConnection@4daacdbb] will not be managed by Spring
==>  Preparing: insert into sys_log (id, log_type, log_content, method, operate_type, request_url, request_type, request_param, ip, userid, username, cost_time, create_time,create_by) values( ?, ?, ?, ?, ?, ?, ?, ?, ?, ?, ?, ?, ?, ? )
==> Parameters: 2085973900549660673(String), 2(Integer), 数据模块管理-分页查询(String), org.jeecg.modules.ietm.ietmdatamodulemanagement.controller.IetmDataModuleController.queryPageList()(String), 1(Integer), null, null,   dataModule: IetmDataModule(id=null, projectId=2078348945532030978, projectName=null, schema=null, sns=null, infoCode=null, infoCodeVariant=null, ietmLocationCode=null, learnCode=null, learnEventCode=null, yearOfChange=null, seqNo=null, languageIsoCode=null, countryIsoCode=null, originator=null, originatorName=null, rpc=null, rpcName=null, issueNo=null, inWork=null, versionType=null, techName=null, infoName=null, techNameEn=null, infoNameEn=null, cmNodeId=2078360430056513538, cmNodeName=null, cmNodePath=null, isLatest=null, status=null, checkoutUser=null, checkoutTime=null, checkinTime=null, checkoutDmId=null, publishDate=null, workflowInstanceId=null, workflowStatus=null, workflowStep=null, workflowHandler=null, dmContent=null, dmType=null, dmTypeName=null, security=null, refCount=null, refedCount=null, remark=null, reason=null, createBy=null, createTime=null, updateBy=null, updateTime=null, version=null, sysOrgCode=null, infoCodePart=null, dmcCode=null, issueDate=null, securityClassification=null, language=null, attribute05=null)  pageNo: 1  pageSize: 10  projectId: 2078348945532030978  cmNodeId: 2078360430056513538  nodePath: null  showChildren: null  req: org.apache.shiro.web.servlet.ShiroHttpServletRequest@1d10a538(String), 0:0:0:0:0:0:0:1(String), admin(String), 管理员(String), 94(Long), 2026-08-08 14:18:28.072(Timestamp), null
<==    Updates: 1
Closing non transactional SqlSession [org.apache.ibatis.session.defaults.DefaultSqlSession@2b9e446b]
Creating a new SqlSession
SqlSession [org.apache.ibatis.session.defaults.DefaultSqlSession@4b02f1aa] was not registered for synchronization because synchronization is not active
original SQL: SELECT
            id,
            dm_id as dmId,
            resource_name as resourceName,
            file_name as fileName,
            file_path as filePath,
            file_size as fileSize,
            file_type as fileType,
            remark,
            operator,
            TO_CHAR(operate_time, 'YYYY-MM-DD HH24:MI:SS') as operateTime,
            create_by as createBy,
            TO_CHAR(create_time, 'YYYY-MM-DD HH24:MI:SS') as createTime
        FROM ietm_dm_resource
        WHERE dm_id = ?
        ORDER BY create_time DESC
SQL to parse, SQL: SELECT
            id,
            dm_id as dmId,
            resource_name as resourceName,
            file_name as fileName,
            file_path as filePath,
            file_size as fileSize,
            file_type as fileType,
            remark,
            operator,
            TO_CHAR(operate_time, 'YYYY-MM-DD HH24:MI:SS') as operateTime,
            create_by as createBy,
            TO_CHAR(create_time, 'YYYY-MM-DD HH24:MI:SS') as createTime
        FROM ietm_dm_resource
        WHERE dm_id = ?
        ORDER BY create_time DESC
parse the finished SQL: SELECT id, dm_id AS dmId, resource_name AS resourceName, file_name AS fileName, file_path AS filePath, file_size AS fileSize, file_type AS fileType, remark, operator, TO_CHAR(operate_time, 'YYYY-MM-DD HH24:MI:SS') AS operateTime, create_by AS createBy, TO_CHAR(create_time, 'YYYY-MM-DD HH24:MI:SS') AS createTime FROM ietm_dm_resource WHERE dm_id = ? ORDER BY create_time DESC
JDBC Connection [dm.jdbc.driver.DmdbConnection@4daacdbb] will not be managed by Spring
==>  Preparing: SELECT id, dm_id AS dmId, resource_name AS resourceName, file_name AS fileName, file_path AS filePath, file_size AS fileSize, file_type AS fileType, remark, operator, TO_CHAR(operate_time, 'YYYY-MM-DD HH24:MI:SS') AS operateTime, create_by AS createBy, TO_CHAR(create_time, 'YYYY-MM-DD HH24:MI:SS') AS createTime FROM ietm_dm_resource WHERE dm_id = ? ORDER BY create_time DESC
==> Parameters: 2084954557183365121(String)
<==      Total: 0
Closing non transactional SqlSession [org.apache.ibatis.session.defaults.DefaultSqlSession@4b02f1aa]
Creating a new SqlSession
SqlSession [org.apache.ibatis.session.defaults.DefaultSqlSession@c55f708] was not registered for synchronization because synchronization is not active
JDBC Connection [dm.jdbc.driver.DmdbConnection@4daacdbb] will not be managed by Spring
==>  Preparing: insert into sys_log (id, log_type, log_content, method, operate_type, request_url, request_type, request_param, ip, userid, username, cost_time, create_time,create_by) values( ?, ?, ?, ?, ?, ?, ?, ?, ?, ?, ?, ?, ?, ? )
==> Parameters: 2085973902726504450(String), 2(Integer), 数据模块管理-查询资源(String), org.jeecg.modules.ietm.ietmdatamodulemanagement.controller.IetmDataModuleController.queryDmResources()(String), 1(Integer), null, null,   dmId: 2084954557183365121(String), 0:0:0:0:0:0:0:1(String), admin(String), 管理员(String), 10(Long), 2026-08-08 14:18:28.591(Timestamp), null
<==    Updates: 1
Closing non transactional SqlSession [org.apache.ibatis.session.defaults.DefaultSqlSession@c55f708]
Creating a new SqlSession
SqlSession [org.apache.ibatis.session.defaults.DefaultSqlSession@e1d1ba4] was not registered for synchronization because synchronization is not active
original SQL: SELECT  id,tmplname_,status_,stagenames_,tmpltype_,create_by,create_time,update_by,update_time  FROM wf_template 
 
 WHERE (status_ = ?) ORDER BY create_time DESC
SQL to parse, SQL: SELECT  id,tmplname_,status_,stagenames_,tmpltype_,create_by,create_time,update_by,update_time  FROM wf_template 
 
 WHERE (status_ = ?) ORDER BY create_time DESC
parse the finished SQL: SELECT id, tmplname_, status_, stagenames_, tmpltype_, create_by, create_time, update_by, update_time FROM wf_template WHERE (status_ = ?) ORDER BY create_time DESC
JDBC Connection [dm.jdbc.driver.DmdbConnection@4daacdbb] will not be managed by Spring
==>  Preparing: SELECT id, tmplname_, status_, stagenames_, tmpltype_, create_by, create_time, update_by, update_time FROM wf_template WHERE (status_ = ?) ORDER BY create_time DESC
==> Parameters: 1(String)
<==    Columns: id, tmplname_, status_, stagenames_, tmpltype_, create_by, create_time, update_by, update_time
<==        Row: template_cm_001, CM配置管理流程, 1, 提交,审核,批准, CM, admin, 2026-07-26 19:35:11.000000, admin, 2026-07-26 19:35:11.000000
<==        Row: template_pm_001, PM流程管理模板, 1, 创建,审批,发布, PM, admin, 2026-07-26 19:35:04.000000, admin, 2026-07-26 19:35:04.000000
<==        Row: template_dm_001, DM数据模块流程模板, 1, 编写,审核,签批, DM, admin, 2026-07-26 19:34:58.000000, admin, 2026-07-26 19:34:58.000000
<==      Total: 3
Closing non transactional SqlSession [org.apache.ibatis.session.defaults.DefaultSqlSession@e1d1ba4]
Creating a new SqlSession
SqlSession [org.apache.ibatis.session.defaults.DefaultSqlSession@ea24b45] was not registered for synchronization because synchronization is not active
JDBC Connection [dm.jdbc.driver.DmdbConnection@4daacdbb] will not be managed by Spring
==>  Preparing: insert into sys_log (id, log_type, log_content, method, operate_type, request_url, request_type, request_param, ip, userid, username, cost_time, create_time,create_by) values( ?, ?, ?, ?, ?, ?, ?, ?, ?, ?, ?, ?, ?, ? )
==> Parameters: 2085973906060976129(String), 2(Integer), 工作流模板-获取已发布模板列表(String), org.jeecg.modules.ietm.workflow.controller.WfTemplateController.getPubOwnWfTemplates()(String), 1(Integer), null, null,   tmpltype: null(String), 0:0:0:0:0:0:0:1(String), admin(String), 管理员(String), 54(Long), 2026-08-08 14:18:29.384(Timestamp), null
<==    Updates: 1
Closing non transactional SqlSession [org.apache.ibatis.session.defaults.DefaultSqlSession@ea24b45]
2026-08-08 14:18:30.830 [http-nio-9999-exec-7] [34mINFO [0;39m [36morg.jeecg.modules.message.websocket.WebSocket:43[0;39m - 【系统 WebSocket】有新的连接，总数为:1
Creating a new SqlSession
SqlSession [org.apache.ibatis.session.defaults.DefaultSqlSession@45aec580] was not registered for synchronization because synchronization is not active
original SQL: SELECT  id,username,realname,password,salt,avatar,birthday,sex,email,phone,org_code,status,del_flag,work_no,post,telephone,create_by,create_time,update_by,update_time,activiti_sync,user_identity,depart_ids,rel_tenant_ids,client_id  FROM sys_user 
 WHERE  del_flag=0

AND (username = ?)
SQL to parse, SQL: SELECT  id,username,realname,password,salt,avatar,birthday,sex,email,phone,org_code,status,del_flag,work_no,post,telephone,create_by,create_time,update_by,update_time,activiti_sync,user_identity,depart_ids,rel_tenant_ids,client_id  FROM sys_user 
 WHERE  del_flag=0

AND (username = ?)
parse the finished SQL: SELECT id, username, realname, password, salt, avatar, birthday, sex, email, phone, org_code, status, del_flag, work_no, post, telephone, create_by, create_time, update_by, update_time, activiti_sync, user_identity, depart_ids, rel_tenant_ids, client_id FROM sys_user WHERE del_flag = 0 AND (username = ?)
JDBC Connection [dm.jdbc.driver.DmdbConnection@4daacdbb] will not be managed by Spring
==>  Preparing: SELECT id, username, realname, password, salt, avatar, birthday, sex, email, phone, org_code, status, del_flag, work_no, post, telephone, create_by, create_time, update_by, update_time, activiti_sync, user_identity, depart_ids, rel_tenant_ids, client_id FROM sys_user WHERE del_flag = 0 AND (username = ?)
==> Parameters: admin(String)
<==    Columns: id, username, realname, password, SALT, avatar, birthday, sex, email, phone, org_code, status, del_flag, work_no, post, telephone, create_by, create_time, update_by, update_time, activiti_sync, user_identity, depart_ids, rel_tenant_ids, client_id
<==        Row: e9ca23d68d884d4ebb19d07889727dae, admin, 管理员, cb362cfeefbf3d8d, RCGTeGiH, https://static.jeecg.com/temp/国炬软件logo_1606575029126.png, 2018-12-05 00:00:00, 1, jeecg@163.com, 18611111111, A01, 1, 0, 00001, 总经理, null, null, 2019-06-21 00:00:00, admin, 2022-10-17 00:00:00, 1, 2, <<BLOB>>, null, null
<==      Total: 1
Closing non transactional SqlSession [org.apache.ibatis.session.defaults.DefaultSqlSession@45aec580]
Creating a new SqlSession
SqlSession [org.apache.ibatis.session.defaults.DefaultSqlSession@6f846c2e] was not registered for synchronization because synchronization is not active
original SQL: select * from sys_depart where id IN ( select dep_id from sys_user_depart where user_id = ? )
SQL to parse, SQL: select * from sys_depart where id IN ( select dep_id from sys_user_depart where user_id = ? )
parse the finished SQL: SELECT * FROM sys_depart WHERE id IN (SELECT dep_id FROM sys_user_depart WHERE user_id = ?)
JDBC Connection [dm.jdbc.driver.DmdbConnection@4daacdbb] will not be managed by Spring
==>  Preparing: SELECT * FROM sys_depart WHERE id IN (SELECT dep_id FROM sys_user_depart WHERE user_id = ?)
==> Parameters: e9ca23d68d884d4ebb19d07889727dae(String)
<==    Columns: ID, PARENT_ID, DEPART_NAME, DEPART_NAME_EN, DEPART_NAME_ABBR, DEPART_ORDER, DESCRIPTION, ORG_CATEGORY, ORG_TYPE, ORG_CODE, MOBILE, FAX, ADDRESS, MEMO, STATUS, DEL_FLAG, QYWX_IDENTIFIER, CREATE_BY, CREATE_TIME, UPDATE_BY, UPDATE_TIME
<==        Row: c6d7cb4deeac411cb3384b1b31278596, , 北京国炬软件, null, null, 0, null, 1, 1, A01, null, null, null, null, null, 0, null, admin, 2019-02-11 14:21:51, admin, 2020-05-02 18:21:27
<==      Total: 1
Closing non transactional SqlSession [org.apache.ibatis.session.defaults.DefaultSqlSession@6f846c2e]
Creating a new SqlSession
SqlSession [org.apache.ibatis.session.defaults.DefaultSqlSession@6641b042] was not registered for synchronization because synchronization is not active
JDBC Connection [dm.jdbc.driver.DmdbConnection@4daacdbb] will not be managed by Spring
original SQL: UPDATE sys_user SET org_code = ? where username = ?
SQL to parse, SQL: UPDATE sys_user SET org_code = ? where username = ?
parse the finished SQL: UPDATE sys_user SET org_code = ? WHERE username = ?
==>  Preparing: UPDATE sys_user SET org_code = ? WHERE username = ?
==> Parameters: A01(String), admin(String)
<==    Updates: 1
Closing non transactional SqlSession [org.apache.ibatis.session.defaults.DefaultSqlSession@6641b042]
2026-08-08 14:19:11.142 [http-nio-9999-exec-10] [34mINFO [0;39m [36mo.j.c.modules.redis.writer.JeecgRedisCacheWriter:113[0;39m - redis remove key:sys:cache:encrypt:user::admin
Creating a new SqlSession
SqlSession [org.apache.ibatis.session.defaults.DefaultSqlSession@71ae29b2] was not registered for synchronization because synchronization is not active
original SQL: SELECT  id,type,dict_name,dict_code,description,del_flag,create_by,create_time,update_by,update_time  FROM sys_dict 
 WHERE del_flag=0
SQL to parse, SQL: SELECT  id,type,dict_name,dict_code,description,del_flag,create_by,create_time,update_by,update_time  FROM sys_dict 
 WHERE del_flag=0
parse the finished SQL: SELECT id, type, dict_name, dict_code, description, del_flag, create_by, create_time, update_by, update_time FROM sys_dict WHERE del_flag = 0
JDBC Connection [dm.jdbc.driver.DmdbConnection@4daacdbb] will not be managed by Spring
==>  Preparing: SELECT id, type, dict_name, dict_code, description, del_flag, create_by, create_time, update_by, update_time FROM sys_dict WHERE del_flag = 0
==> Parameters: 
<==    Columns: id, TYPE, dict_name, dict_code, description, del_flag, create_by, create_time, update_by, update_time
<==        Row: 0b5d19e1fce4b2e6647e6b4a17760c14, 0, 通告类型, msg_category, 消息类型1:通知公告2:系统消息, 0, admin, 2019-04-22 18:01:35, null, null
<==        Row: 1174509082208395266, 0, 职务职级, position_rank, 职务表职级字典, 0, admin, 2019-09-19 10:22:41, null, null
<==        Row: 1174511106530525185, 0, 机构类型, org_category, 机构类型 1公司，2部门 3岗位, 0, admin, 2019-09-19 10:30:43, null, null
<==        Row: 1178295274528845826, null, 表单权限策略, form_perms_type, , 0, admin, 2019-09-29 21:07:39, admin, 2019-09-29 21:08:26
<==        Row: 1199517671259906049, 0, 紧急程度, urgent_level, 日程计划紧急程度, 0, admin, 2019-11-27 10:37:53, null, null
<==        Row: 1199518099888414722, 0, 日程计划类型, eoa_plan_type, , 0, admin, 2019-11-27 10:39:36, null, null
<==        Row: 1199520177767587841, 0, 分类栏目类型, eoa_cms_menu_type, , 0, admin, 2019-11-27 10:47:51, admin, 2019-11-27 10:49:35
<==        Row: 1199525215290306561, 0, 日程计划状态, eoa_plan_status, , 0, admin, 2019-11-27 11:07:52, admin, 2019-11-27 11:10:11
<==        Row: 1209733563293962241, 0, 数据库类型, database_type, , 0, admin, 2019-12-25 15:12:12, null, null
<==        Row: 1232913193820581889, 0, Online表单业务分类, ol_form_biz_type, , 0, admin, 2020-02-27 14:19:46, admin, 2020-02-27 14:20:23
<==        Row: 1242298510024429569, 0, 提醒方式, remindMode, , 0, admin, 2020-03-24 11:53:40, admin, 2020-03-24 12:03:22
<==        Row: 1250687930947620866, null, 定时任务状态, quartz_status, , 0, admin, 2020-04-16 15:30:14, , null
<==        Row: 1280401766745718786, 0, 租户状态, tenant_status, 租户状态, 0, admin, 2020-07-07 15:22:25, null, null
<==        Row: 1356445645198135298, 0, 开关, is_open, , 0, admin, 2021-02-02 11:33:38, admin, 2021-02-02 15:28:12
<==        Row: 236e8a4baff0db8c62c00dd95632834f, 0, 同步工作流引擎, activiti_sync, 同步工作流引擎, 0, admin, 2019-05-15 15:27:33, null, null
<==        Row: 2e02df51611a4b9632828ab7e5338f00, 0, 权限策略, perms_type, 权限策略, 0, admin, 2019-04-26 18:26:55, null, null
<==        Row: 2f0320997ade5dd147c90130f7218c3e, 0, 推送类别, msg_type, , 0, admin, 2019-03-17 21:21:32, admin, 2019-03-26 19:57:45
<==        Row: 3486f32803bb953e7155dab3513dc68b, 0, 删除状态, del_flag, null, 0, admin, 2019-01-18 21:46:26, admin, 2019-03-30 11:17:11
<==        Row: 3d9a351be3436fbefb1307d4cfb49bf2, 1, 性别, sex, null, 0, null, 2019-01-04 14:56:32, admin, 2019-03-30 11:28:27
<==        Row: 4274efc2292239b6f000b153f50823ff, 0, 全局权限策略, global_perms_type, 全局权限策略, 0, admin, 2019-05-10 17:54:05, null, null
<==        Row: 4c03fca6bf1f0299c381213961566349, 0, Online图表展示模板, online_graph_display_template, Online图表展示模板, 0, admin, 2019-04-12 17:28:50, null, null
<==        Row: 4c753b5293304e7a445fd2741b46529d, 1, 字典状态, dict_item_status, null, 0, admin, 2020-06-18 23:18:42, admin, 2019-03-30 19:33:52
<==        Row: 4d7fec1a7799a436d26d02325eff295e, 0, 优先级, priority, 优先级, 0, admin, 2019-03-16 17:03:34, admin, 2019-04-16 17:39:23
<==        Row: 4e4602b3e3686f0911384e188dc7efb4, 0, 条件规则, rule_conditions, , 0, admin, 2019-04-01 10:15:03, admin, 2019-04-01 10:30:47
<==        Row: 4f69be5f507accea8d5df5f11346181a, 0, 发送消息类型, msgType, null, 0, admin, 2019-04-11 14:27:09, null, null
<==        Row: 68168534ff5065a152bfab275c2136f8, 0, 有效无效状态, valid_status, 有效无效状态, 0, admin, 2020-09-26 19:21:14, admin, 2019-04-26 19:21:23
<==        Row: 6b78e3f59faec1a4750acff08030a79b, 0, 用户类型, user_type, null, 0, null, 2019-01-04 14:59:01, admin, 2019-03-18 23:28:18
<==        Row: 72cce0989df68887546746d8f09811aa, 0, Online表单类型, cgform_table_type, , 0, admin, 2019-01-27 10:13:02, admin, 2019-03-30 11:37:36
<==        Row: 78bda155fe380b1b3f175f1e88c284c6, 0, 流程状态, bpm_status, 流程状态, 0, admin, 2019-05-09 16:31:52, null, null
<==        Row: 83bfb33147013cc81640d5fd9eda030c, 1, 日志类型, log_type, null, 0, admin, 2019-03-18 23:22:19, null, null
<==        Row: 845da5006c97754728bf48b6a10f79cc, 0, 状态, status, null, 0, admin, 2019-03-18 21:45:25, admin, 2019-03-18 21:58:25
<==        Row: 880a895c98afeca9d9ac39f29e67c13e, 0, 操作类型, operate_type, 操作类型, 0, admin, 2019-07-22 10:54:29, null, null
<==        Row: 8dfe32e2d29ea9430a988b3b558bf233, 0, 发布状态, send_status, 发布状态, 0, admin, 2019-04-16 17:40:42, null, null
<==        Row: a7adbcd86c37f7dbc9b66945c82ef9e6, 0, 1是0否, yn, , 0, admin, 2019-05-22 19:29:29, null, null
<==        Row: a9d9942bd0eccb6e89de92d130ec4c4a, 0, 消息发送状态, msgSendStatus, null, 0, admin, 2019-04-12 18:18:17, null, null
<==        Row: ac2f7c0c5c5775fcea7e2387bcb22f01, 1, 菜单类型, menu_type, null, 0, admin, 2020-12-18 23:24:32, admin, 2019-04-01 15:27:06
<==        Row: ad7c65ba97c20a6805d5dcdf13cdaf36, 0, onlineT类型, ceshi_online, null, 0, admin, 2019-03-22 16:31:49, admin, 2019-03-22 16:34:16
<==        Row: bd1b8bc28e65d6feefefb6f3c79f42fd, 0, Online图表数据类型, online_graph_data_type, Online图表数据类型, 0, admin, 2019-04-12 17:24:24, admin, 2019-04-12 17:24:57
<==        Row: c36169beb12de8a71c8683ee7c28a503, 0, 部门状态, depart_status, null, 0, admin, 2019-03-18 21:59:51, null, null
<==        Row: c5a14c75172783d72cbee6ee7f5df5d1, 0, Online图表类型, online_graph_type, Online图表类型, 0, admin, 2019-04-12 17:04:06, null, null
<==        Row: d6e1152968b02d69ff358c75b48a6ee1, 0, 流程类型, bpm_process_type, null, 0, admin, 2021-02-22 19:26:54, admin, 2019-03-30 18:14:44
<==        Row: fc6cd58fde2e8481db10d3a1e68ce70c, 1, 用户状态, user_status, null, 0, admin, 2019-03-18 21:57:25, admin, 2019-03-18 23:11:58
<==        Row: 2008794656772255745, 0, 密级, security, 密级（ietm项目用）, 0, admin, 2026-01-07 14:55:42, null, null
<==        Row: 2009149820169641986, 0, 标准版本, standard_type, 标准版本, 0, admin, 2026-01-08 14:27:00, admin, 2026-07-13 19:39:51
<==        Row: 2009158440265474049, 0, 装备类型, equipment_type, , 0, admin, 2026-01-08 15:01:15, admin, 2026-01-08 15:20:23
<==        Row: 9e203d99a790493aa44a964b28d13c7f, 0, 机构评级, agency_rating, 机构评级字典, 0, admin, 2026-04-27 22:23:33, admin, 2026-04-27 22:23:33
<==        Row: 52db14900acf4ef386ed34c0e2030afc, 1, 项目状态, project_status, 项目状态字典, 0, admin, 2026-04-27 22:24:16, null, null
<==        Row: 1750000000011, 0, DM状态, dm_status, IETM数据模块状态, 0, null, 2026-07-22 13:57:03, null, null
<==        Row: 1750000000012, 0, 工作流状态, workflow_status, IETM工作流状态, 0, null, 2026-07-22 13:57:09, null, null
<==        Row: 1750000000013, 0, 语言代码, language, ISO 639-1语言代码, 0, null, 2026-07-22 13:57:16, null, null
<==        Row: 1750000000014, 0, 国家代码, country, ISO 3166-1国家代码, 0, null, 2026-07-22 13:57:22, null, null
<==        Row: 1750000000015, 0, 技术名称, tech_name, IETM技术名称（DMC第9段）, 0, null, 2026-07-22 13:57:28, null, null
<==        Row: 1750000000016, 0, 信息名称, info_name, IETM信息名称（DMC第10段）, 0, null, 2026-07-22 13:57:38, null, null
<==        Row: 1750000000017, 0, 变体代码, variant_code, IETM变体代码（DMC第11段A）, 0, null, 2026-07-22 13:57:45, null, null
<==        Row: 1750000000018, 0, 拆卸代码, disassy_code, IETM拆卸代码（DMC第11段B）, 0, null, 2026-07-22 13:57:49, null, null
<==        Row: 1750000000019, 0, 发布类型, issue_type, IETM发布类型（DMC第11段C）, 0, null, 2026-07-22 13:57:55, null, null
<==        Row: 1750000000010, 0, DM类型, dm_type, IETM数据模块类型分类, 0, null, 2026-07-22 13:58:22, null, null
<==        Row: 1815001, 0, DM签出状态, dm_checkout_status, 数据模块签出状态：未签出/已签出, 0, admin, 2026-07-22 15:22:50, null, null
<==        Row: 1815002, 0, DM技术名称类型, dm_tech_name_type, 数据模块技术名称分类, 0, admin, 2026-07-22 15:22:50, null, null
<==        Row: 1815003, 0, DM信息名称类型, dm_info_name_type, 数据模块信息名称分类, 0, admin, 2026-07-22 15:22:50, null, null
<==        Row: 1815004, 0, DM责任伙伴公司, dm_rpc_type, 责任伙伴公司编号, 0, admin, 2026-07-22 15:22:50, null, null
<==        Row: 1815005, 0, DM更新控制状态, dm_update_control, 数据模块更新控制状态, 0, admin, 2026-07-22 15:22:51, null, null
<==        Row: 1815006, 0, DM应用范围, dm_applicability, 数据模块适用范围, 0, admin, 2026-07-22 15:22:51, null, null
<==        Row: 1815007, 0, DM发布模式, dm_publish_mode, 数据模块发布模式, 0, admin, 2026-07-22 15:22:51, null, null
<==        Row: 1815008, 0, DM校验级别, dm_validate_level, 数据模块校验级别, 0, admin, 2026-07-22 15:22:51, null, null
<==        Row: 1815009, 0, DM复制类型, dm_copy_type, 数据模块复制类型, 0, admin, 2026-07-22 15:22:51, null, null
<==        Row: 1815010, 0, DM版本操作类型, dm_version_action, 数据模块版本操作记录, 0, admin, 2026-07-22 15:22:51, null, null
<==        Row: 1815011, 0, DM文件类型, dm_file_type, 数据模块资源文件类型, 0, admin, 2026-07-22 15:22:51, null, null
<==        Row: 1815012, 0, DM工作流步骤, dm_workflow_step, 数据模块工作流步骤, 0, admin, 2026-07-22 15:22:51, null, null
<==        Row: 1815013, 0, DM引用状态, dm_reference_status, 数据模块引用关系状态, 0, admin, 2026-07-22 15:22:51, null, null
<==        Row: dm_location_code_001, 0, DM位置码, dm_location_code, IETM位置码（A/B/C/D/T）S1000D标准, 0, admin, 2026-07-23 09:10:21, null, null
<==        Row: dm_version_type_001, 0, DM版本类型, dm_version_type, 版本类型（草稿/已发布）, 0, admin, 2026-07-23 09:10:53, null, null
<==        Row: dm_version_action_type_001, 0, DM版本操作类型, dm_version_action_type, 版本操作（inwork/issue）, 0, admin, 2026-07-23 09:11:40, null, null
<==        Row: dm_ref_type_001, 0, DM引用类型, dm_ref_type, DM引用关系类型（dmRef/dmlRef/pmRef）, 0, admin, 2026-07-23 09:11:55, null, null
<==        Row: 7FAAEB0E8EBE406CBCC3A1FD68AE1F36, 0, DM密级, dm_security, 数据模块密级（S1000D标准）, 0, admin, 2026-07-25 00:11:14, null, null
<==      Total: 75
Closing non transactional SqlSession [org.apache.ibatis.session.defaults.DefaultSqlSession@71ae29b2]
Creating a new SqlSession
SqlSession [org.apache.ibatis.session.defaults.DefaultSqlSession@421f60c2] was not registered for synchronization because synchronization is not active
original SQL: SELECT  id,dict_id,item_text,item_value,description,sort_order,status,create_by,create_time,update_by,update_time  FROM sys_dict_item 
 
 WHERE (status = ?) ORDER BY sort_order ASC
SQL to parse, SQL: SELECT  id,dict_id,item_text,item_value,description,sort_order,status,create_by,create_time,update_by,update_time  FROM sys_dict_item 
 
 WHERE (status = ?) ORDER BY sort_order ASC
parse the finished SQL: SELECT id, dict_id, item_text, item_value, description, sort_order, status, create_by, create_time, update_by, update_time FROM sys_dict_item WHERE (status = ?) ORDER BY sort_order ASC
JDBC Connection [dm.jdbc.driver.DmdbConnection@4daacdbb] will not be managed by Spring
==>  Preparing: SELECT id, dict_id, item_text, item_value, description, sort_order, status, create_by, create_time, update_by, update_time FROM sys_dict_item WHERE (status = ?) ORDER BY sort_order ASC
==> Parameters: 1(Integer)
<==    Columns: id, dict_id, item_text, item_value, description, sort_order, status, create_by, create_time, update_by, update_time
<==        Row: f37f90c496ec9841c4c326b065e00bb2, 83bfb33147013cc81640d5fd9eda030c, 登录日志, 1, null, null, 1, admin, 2019-03-18 23:22:37, null, null
<==        Row: f2a7920421f3335afdf6ad2b342f6b5d, 845da5006c97754728bf48b6a10f79cc, 冻结, 2, null, null, 1, admin, 2019-03-18 21:46:02, null, null
<==        Row: b2a8b4bb2c8e66c2c4b1bb086337f393, 3486f32803bb953e7155dab3513dc68b, 正常, 0, null, null, 1, admin, 2022-10-18 21:46:48, admin, 2019-03-28 22:22:20
<==        Row: aa0d8a8042a18715a17f0a888d360aa4, ac2f7c0c5c5775fcea7e2387bcb22f01, 一级菜单, 0, null, null, 1, admin, 2019-03-18 23:24:52, null, null
<==        Row: 86f19c7e0a73a0bae451021ac05b99dd, ac2f7c0c5c5775fcea7e2387bcb22f01, 子菜单, 1, null, null, 1, admin, 2019-03-18 23:25:27, null, null
<==        Row: 81fb2bb0e838dc68b43f96cc309f8257, fc6cd58fde2e8481db10d3a1e68ce70c, 冻结, 2, null, null, 1, admin, 2019-03-18 23:30:37, null, null
<==        Row: 7ccf7b80c70ee002eceb3116854b75cb, ac2f7c0c5c5775fcea7e2387bcb22f01, 按钮权限, 2, null, null, 1, admin, 2019-03-18 23:25:40, null, null
<==        Row: 78ea6cadac457967a4b1c4eb7aaa418c, fc6cd58fde2e8481db10d3a1e68ce70c, 正常, 1, null, null, 1, admin, 2019-03-18 23:30:28, null, null
<==        Row: 7688469db4a3eba61e6e35578dc7c2e5, c36169beb12de8a71c8683ee7c28a503, 启用, 1, null, null, 1, admin, 2019-03-18 23:29:28, null, null
<==        Row: 75b260d7db45a39fc7f21badeabdb0ed, c36169beb12de8a71c8683ee7c28a503, 不启用, 0, null, null, 1, admin, 2019-03-18 23:29:41, admin, 2019-03-18 23:29:54
<==        Row: 700e9f030654f3f90e9ba76ab0713551, 6b78e3f59faec1a4750acff08030a79b, 333, 333, null, null, 1, admin, 2019-02-21 19:59:47, null, null
<==        Row: 5b65a88f076b32e8e69d19bbaadb52d5, 2f0320997ade5dd147c90130f7218c3e, 全体用户, ALL, null, null, 1, admin, 2020-10-17 21:22:43, admin, 2019-03-28 22:17:09
<==        Row: 4f05fb5376f4c61502c5105f52e4dd2b, 83bfb33147013cc81640d5fd9eda030c, 操作日志, 2, null, null, 1, admin, 2019-03-18 23:22:49, null, null
<==        Row: 43d2295b8610adce9510ff196a49c6e9, 845da5006c97754728bf48b6a10f79cc, 正常, 1, null, null, 1, admin, 2019-03-18 21:45:51, null, null
<==        Row: 0c9532916f5cd722017b46bc4d953e41, 2f0320997ade5dd147c90130f7218c3e, 指定用户, USER, null, null, 1, admin, 2019-03-17 21:22:19, admin, 2019-03-17 21:22:28
<==        Row: 05a2e732ce7b00aa52141ecc3e330b4e, 3486f32803bb953e7155dab3513dc68b, 已删除, 1, null, null, 1, admin, 2025-10-18 21:46:56, admin, 2019-03-28 22:23:20
<==        Row: 8c618902365ca681ebbbe1e28f11a548, 4c753b5293304e7a445fd2741b46529d, 启用, 1, , 0, 1, admin, 2020-07-18 23:19:27, admin, 2019-05-17 14:51:18
<==        Row: 1750000001801, 1750000000018, 拆卸到0级, 0, 完全拆卸, 1, 1, null, 2026-07-22 13:57:50, null, null
<==        Row: 1ce390c52453891f93514c1bd2795d44, ad7c65ba97c20a6805d5dcdf13cdaf36, 000, 00, null, 1, 1, admin, 2019-03-22 16:34:34, null, null
<==        Row: df168368dcef46cade2aadd80100d8aa, 3d9a351be3436fbefb1307d4cfb49bf2, 男, 1, null, 1, 1, null, 2027-08-04 14:56:49, admin, 2019-03-23 22:44:44
<==        Row: 1174509601047994369, 1174509082208395266, 员级, 1, , 1, 1, admin, 2019-09-19 10:24:45, admin, 2019-09-23 11:46:39
<==        Row: 41d7aaa40c9b61756ffb1f28da5ead8e, 0b5d19e1fce4b2e6647e6b4a17760c14, 通知公告, 1, null, 1, 1, admin, 2019-04-22 18:01:57, null, null
<==        Row: 1280401815068295170, 1280401766745718786, 正常, 1, , 1, 1, admin, 2020-07-07 15:22:36, null, null
<==        Row: 66c952ae2c3701a993e7db58f3baf55e, 4e4602b3e3686f0911384e188dc7efb4, 大于, >, 大于, 1, 1, admin, 2019-04-01 10:45:46, admin, 2019-04-01 17:48:29
<==        Row: 1199517914017832962, 1199517671259906049, 重要, 2, , 1, 1, admin, 2019-11-27 10:38:51, null, null
<==        Row: 1815008001, 1815008, 基础校验, basic, DMC格式校验, 1, 1, null, 2026-07-22 15:22:51, null, null
<==        Row: 1356445705549975553, 1356445645198135298, 是, Y, , 1, 1, admin, 2021-02-02 11:33:52, null, null
<==        Row: 9a96c4a4e4c5c9b4e4d0cbf6eb3243cc, 4c753b5293304e7a445fd2741b46529d, 不启用, 0, null, 1, 1, admin, 2019-03-18 23:19:53, null, null
<==        Row: 147c48ff4b51545032a9119d13f3222a, d6e1152968b02d69ff358c75b48a6ee1, 测试流程, test, null, 1, 1, admin, 2019-03-22 19:27:05, null, null
<==        Row: 1750000001301, 1750000000013, zh, zh, 简体中文, 1, 1, null, 2026-07-22 13:57:16, admin, 2026-08-07 20:13:27
<==        Row: 1815013001, 1815013, 有效, valid, 引用有效, 1, 1, null, 2026-07-22 15:22:52, null, null
<==        Row: 1250688147579228161, 1250687930947620866, 正常, 0, , 1, 1, admin, 2020-04-16 15:31:05, , null
<==        Row: 1199518186144276482, 1199518099888414722, 日常记录, 1, , 1, 1, admin, 2019-11-27 10:39:56, null, null
<==        Row: b9fbe2a3602d4a27b45c100ac5328484, 78bda155fe380b1b3f175f1e88c284c6, 待提交, 1, 待提交, 1, 1, admin, 2019-05-09 16:32:35, null, null
<==        Row: 337ea1e401bda7233f6258c284ce4f50, bd1b8bc28e65d6feefefb6f3c79f42fd, JSON, json, null, 1, 1, admin, 2019-04-12 17:26:33, null, null
<==        Row: 2009158497136041986, 2009158440265474049, 通用, 0, , 1, 1, admin, 2026-01-08 15:01:29, admin, 2026-01-09 14:51:56
<==        Row: dm_ft_xml, dm_file_type_001, XML文件, xml, S1000D XML数据模块, 1, 1, admin, 2026-07-23 09:13:02, null, null
<==        Row: dm_co_in, dm_checkout_status_001, 签入, 0, DM已签入，可供他人签出, 1, 1, admin, 2026-07-23 09:12:06, null, null
<==        Row: 1815009001, 1815009, 基本复制, basic, 仅复制基本属性, 1, 1, null, 2026-07-22 15:22:51, null, null
<==        Row: 1815010001, 1815010, 创建, create, 创建新DM, 1, 1, null, 2026-07-22 15:22:51, null, null
<==        Row: dm_ver_0, dm_version_type_001, 草稿版本, 0, In-Work版本，未正式发布, 1, 1, admin, 2026-07-23 09:12:06, null, null
<==        Row: 83250269359855501ec4e9c0b7e21596, 4274efc2292239b6f000b153f50823ff, 可见/可访问(授权后可见/可访问), 1, , 1, 1, admin, 2019-05-10 17:54:51, null, null
<==        Row: 1750000001001, 1750000000010, 描述性DM, description, 描述性数据模块, 1, 1, null, 2026-07-22 13:58:22, admin, 2026-08-01 23:00:56
<==        Row: 1199525468672405505, 1199525215290306561, 未开始, 0, , 1, 1, admin, 2019-11-27 11:08:52, null, null
<==        Row: 1750000001701, 1750000000017, A型, A, A型变体, 1, 1, null, 2026-07-22 13:57:45, null, null
<==        Row: 1199525506429530114, 1199525215290306561, 已完成, 2, , 1, 1, admin, 2019-11-27 11:09:02, admin, 2019-11-27 11:10:02
<==        Row: 1199517884758368257, 1199517671259906049, 一般, 1, , 1, 1, admin, 2019-11-27 10:38:44, null, null
<==        Row: 69cacf64e244100289ddd4aa9fa3b915, a9d9942bd0eccb6e89de92d130ec4c4a, 未发送, 0, null, 1, 1, admin, 2019-04-12 18:19:23, null, null
<==        Row: 1750000001601, 1750000000016, 描述, 00, 描述信息, 1, 1, null, 2026-07-22 13:57:38, null, null
<==        Row: dm_pub_draft, dm_publish_mode_001, 草稿发布, draft, 发布为草稿模式, 1, 1, admin, 2026-07-23 09:19:47, null, null
<==        Row: dm_copy_attr, dm_copy_type_001, 仅复制属性, 0, 创建新DM，仅复制元数据, 1, 1, admin, 2026-07-23 09:21:33, null, null
<==        Row: 222705e11ef0264d4214affff1fb4ff9, 4f69be5f507accea8d5df5f11346181a, 文本, 1, , 1, 1, admin, 2023-02-28 10:50:36, admin, 2022-07-04 16:29:21
<==        Row: 538fca35afe004972c5f3947c039e766, 2e02df51611a4b9632828ab7e5338f00, 显示, 1, 显示, 1, 1, admin, 2025-03-26 18:27:13, admin, 2019-04-26 18:39:07
<==        Row: 096c2e758d823def3855f6376bc736fb, bd1b8bc28e65d6feefefb6f3c79f42fd, SQL, sql, null, 1, 1, admin, 2019-04-12 17:26:26, null, null
<==        Row: 51222413e5906cdaf160bb5c86fb827c, a7adbcd86c37f7dbc9b66945c82ef9e6, 是, 1, , 1, 1, admin, 2019-05-22 19:29:45, null, null
<==        Row: 1815002001, 1815002, 系统描述, 01, 系统级描述性文档, 1, 1, null, 2026-07-22 15:22:50, null, null
<==        Row: 2009149856358096897, 2009149820169641986, GJB6600, GJB6600, , 1, 1, admin, 2026-01-08 14:27:09, admin, 2026-07-16 10:02:57
<==        Row: 1815005001, 1815005, 可更新, 0, 允许更新修改, 1, 1, null, 2026-07-22 15:22:51, null, null
<==        Row: 1174511197735665665, 1174511106530525185, 公司, 1, 公司, 1, 1, admin, 2019-09-19 10:31:05, null, null
<==        Row: dm_ref_st_valid, dm_reference_status_001, 有效, 1, 引用关系有效, 1, 1, admin, 2026-07-23 09:13:13, null, null
<==        Row: 1242300814383435777, 1242298510024429569, 邮件提醒, 1, , 1, 1, admin, 2020-03-24 12:02:49, admin, 2020-03-30 18:21:26
<==        Row: c5700a71ad08994d18ad1dacc37a71a9, a7adbcd86c37f7dbc9b66945c82ef9e6, 否, 0, , 1, 1, admin, 2019-05-22 19:29:55, null, null
<==        Row: 1280401847607705602, 1280401766745718786, 冻结, 0, , 1, 1, admin, 2020-07-07 15:22:44, null, null
<==        Row: 7050c1522702bac3be40e3b7d2e1dfd8, c5a14c75172783d72cbee6ee7f5df5d1, 柱状图, bar, null, 1, 1, admin, 2019-04-12 17:05:17, null, null
<==        Row: dm_upd_0, dm_update_control_001, 无更新控制, 0, 无特殊更新控制, 1, 1, admin, 2026-07-23 09:12:06, null, null
<==        Row: 1232913424813486081, 1232913193820581889, 官方示例, demo, , 1, 1, admin, 2020-02-27 14:20:42, admin, 2020-02-27 14:21:37
<==        Row: 1356445754212290561, 1356445645198135298, 否, N, , 1, 1, admin, 2021-02-02 11:34:04, null, null
<==        Row: 1209733775114702850, 1209733563293962241, MySQL5.5, 1, , 1, 1, admin, 2019-12-25 15:13:02, null, null
<==        Row: 1815007001, 1815007, 草稿模式, draft, 草稿编辑阶段, 1, 1, null, 2026-07-22 15:22:51, null, null
<==        Row: f0162f4cc572c9273f3e26b2b4d8c082, ad7c65ba97c20a6805d5dcdf13cdaf36, booostrap, 1, null, 1, 1, admin, 2021-08-22 16:32:04, admin, 2019-03-22 16:33:57
<==        Row: 6c682d78ddf1715baf79a1d52d2aa8c2, 72cce0989df68887546746d8f09811aa, 单表, 1, null, 1, 1, admin, 2019-03-27 10:13:29, null, null
<==        Row: 1750000001901, 1750000000019, 正式发布, N, 正式发布版本, 1, 1, null, 2026-07-22 13:57:55, null, null
<==        Row: 1750000001101, 1750000000011, 草稿, draft, 草稿状态, 1, 1, null, 2026-07-22 13:57:03, null, null
<==        Row: 1199520817285701634, 1199520177767587841, 列表, 1, , 1, 1, admin, 2019-11-27 10:50:24, null, null
<==        Row: 1815011001, 1815011, XML文件, xml, XML格式文档, 1, 1, null, 2026-07-22 15:22:51, null, null
<==        Row: 6d4e26e78e1a09699182e08516c49fc4, 4d7fec1a7799a436d26d02325eff295e, 高, H, 高, 1, 1, admin, 2019-04-16 17:04:24, null, null
<==        Row: 1750000001401, 1750000000014, CN, CN, 中华人民共和国, 1, 1, null, 2026-07-22 13:57:22, admin, 2026-07-25 14:16:06
<==        Row: 1178295639554928641, 1178295274528845826, 可见(未授权不可见), 1, , 1, 1, admin, 2019-09-29 21:09:06, admin, 2019-09-29 21:09:24
<==        Row: 1199518214858481666, 1199518099888414722, 本周工作, 2, , 1, 1, admin, 2019-11-27 10:40:03, null, null
<==        Row: 1815003001, 1815003, 概述, 001, 概述性内容, 1, 1, null, 2026-07-22 15:22:50, null, null
<==        Row: 1815006001, 1815006, 全部适用, all, 适用于所有型号, 1, 1, null, 2026-07-22 15:22:51, null, null
<==        Row: 1174509082208395266, 1174511106530525185, 岗位, 3, 岗位, 1, 1, admin, 2019-09-19 10:31:16, , null
<==        Row: ba27737829c6e0e582e334832703d75e, 236e8a4baff0db8c62c00dd95632834f, 同步, 1, 同步, 1, 1, admin, 2019-05-15 15:28:15, null, null
<==        Row: 6937c5dde8f92e9a00d4e2ded9198694, ad7c65ba97c20a6805d5dcdf13cdaf36, easyui, 3, null, 1, 1, admin, 2019-03-22 16:32:15, null, null
<==        Row: dm_type_desc, dm_type_001, 描述性DM, descriptive, 描述静态信息（部件、系统介绍）, 1, 1, admin, 2026-07-23 09:12:06, null, null
<==        Row: 1250688201064992770, 1250687930947620866, 停止, -1, , 1, 1, admin, 2020-04-16 15:31:18, , null
<==        Row: b029a41a851465332ee4ee69dcf0a4c2, 0b5d19e1fce4b2e6647e6b4a17760c14, 系统消息, 2, null, 1, 1, admin, 2019-02-22 18:02:08, admin, 2019-04-22 18:02:13
<==        Row: dm_info_desc, dm_info_name_type_001, 描述, description, 描述性信息, 1, 1, admin, 2026-07-23 09:12:06, null, null
<==        Row: 66EF34864A884E9295B1B353DC1CA0D4, 7FAAEB0E8EBE406CBCC3A1FD68AE1F36, 非密, unclassified, Unclassified, 1, 1, admin, 2026-07-25 00:11:24, null, null
<==        Row: b5f3bd5f66bb9a83fecd89228c0d93d1, 68168534ff5065a152bfab275c2136f8, 无效, 0, 无效, 1, 1, admin, 2019-04-26 19:21:49, null, null
<==        Row: 1750000001501, 1750000000015, 安装, 00, 安装相关技术, 1, 1, null, 2026-07-22 13:57:28, null, null
<==        Row: 1174511244036587521, 1174511106530525185, 部门, 2, 部门, 1, 1, admin, 2019-09-19 10:31:16, null, null
<==        Row: 1815004001, 1815004, AVIC-中航工业, AVIC, 中国航空工业集团, 1, 1, null, 2026-07-22 15:22:50, null, null
<==        Row: 034021b8a8404472b13cec49608ceb5d, 52db14900acf4ef386ed34c0e2030afc, 无效, 0, , 1, 1, admin, 2026-04-27 22:25:13, admin, 2026-07-15 10:27:51
<==        Row: 2008794721943351298, 2008794656772255745, 公开, 1, , 1, 1, admin, 2026-01-07 14:55:58, admin, 2026-01-07 14:56:28
<==        Row: dm_ref_dm, dm_ref_type_001, DM引用, dmRef, 数据模块之间的引用, 1, 1, admin, 2026-07-23 09:22:32, null, null
<==        Row: 333e6b2196e01ef9a5f76d74e86a6e33, 8dfe32e2d29ea9430a988b3b558bf233, 未发布, 0, 未发布, 1, 1, admin, 2019-04-16 17:41:12, null, null
<==        Row: 1199518235943247874, 1199518099888414722, 下周计划, 3, , 1, 1, admin, 2019-11-27 10:40:08, null, null
<==        Row: dm_va_inwork, dm_version_action_type_001, In-Work（草稿）, inwork, 创建草稿版本, 1, 1, admin, 2026-07-23 09:21:51, null, null
<==        Row: 1815012001, 1815012, 起草, draft, 起草阶段, 1, 1, null, 2026-07-22 15:22:51, null, null
<==        Row: 1199525490575060993, 1199525215290306561, 进行中, 1, , 1, 1, admin, 2019-11-27 11:08:58, null, null
<==        Row: c53da022b9912e0aed691bbec3c78473, 880a895c98afeca9d9ac39f29e67c13e, 查询, 1, , 1, 1, admin, 2019-07-22 10:54:51, null, null
<==        Row: 1199517941339529217, 1199517671259906049, 紧急, 3, , 1, 1, admin, 2019-11-27 10:38:58, null, null
<==        Row: dm_wf_draft, dm_workflow_step_001, 起草, draft, 起草阶段, 1, 1, admin, 2026-07-23 09:13:06, null, null
<==        Row: dm_status_0, dm_status_001, 已删除, 0, DM已标记删除, 1, 1, admin, 2026-07-23 09:12:06, null, null
<==        Row: fcec03570f68a175e1964808dc3f1c91, 4c03fca6bf1f0299c381213961566349, Tab风格, tab, null, 1, 1, admin, 2019-04-12 17:43:31, null, null
<==        Row: dm_val_none, dm_validate_level_001, 不校验, 0, 跳过XML校验, 1, 1, admin, 2026-07-23 09:12:37, null, null
<==        Row: dm_tech_sys, dm_tech_name_type_001, 系统, system, 系统级技术名称, 1, 1, admin, 2026-07-23 09:12:06, null, null
<==        Row: 1750000001201, 1750000000012, 未提交, 0, 未提交工作流, 1, 1, null, 2026-07-22 13:57:09, null, null
<==        Row: dm_loc_A, dm_location_code_001, A, A, , 1, 1, admin, 2026-07-23 09:12:06, admin, 2026-07-25 14:14:27
<==        Row: 1815001001, 1815001, 未签出, 0, 数据模块未被签出，可被任何人签出, 1, 1, null, 2026-07-22 15:22:50, null, null
<==        Row: 1199520835035996161, 1199520177767587841, 链接, 2, , 1, 1, admin, 2019-11-27 10:50:28, null, null
<==        Row: dm_rpc_001, dm_rpc_type_001, AVIC（中航工业）, AVIC1, 中国航空工业集团, 1, 1, admin, 2026-07-23 09:12:06, null, null
<==        Row: e6329e3a66a003819e2eb830b0ca2ea0, 4e4602b3e3686f0911384e188dc7efb4, 小于, <, 小于, 2, 1, admin, 2019-04-01 16:44:15, admin, 2019-04-01 17:48:34
<==        Row: e94eb7af89f1dbfa0d823580a7a6e66a, 236e8a4baff0db8c62c00dd95632834f, 不同步, 0, 不同步, 2, 1, admin, 2019-05-15 15:28:28, null, null
<==        Row: 1232913493717512194, 1232913193820581889, 流程表单, bpm, , 2, 1, admin, 2020-02-27 14:20:58, admin, 2020-02-27 14:22:20
<==        Row: 1174509667297026049, 1174509082208395266, 助级, 2, , 2, 1, admin, 2019-09-19 10:25:01, admin, 2019-09-23 11:46:47
<==        Row: 1815010002, 1815010, 编辑, edit, 编辑DM属性, 2, 1, null, 2026-07-22 15:22:51, null, null
<==        Row: 71b924faa93805c5c1579f12e001c809, d6e1152968b02d69ff358c75b48a6ee1, OA办公, oa, null, 2, 1, admin, 2021-03-22 19:27:17, admin, 2019-03-22 23:24:36
<==        Row: f16c5706f3ae05c57a53850c64ce7c45, a9d9942bd0eccb6e89de92d130ec4c4a, 发送成功, 1, null, 2, 1, admin, 2019-04-12 18:19:43, null, null
<==        Row: 1815009002, 1815009, 完整复制, full, 复制全部内容+资源, 2, 1, null, 2026-07-22 15:22:51, null, null
<==        Row: 1750000001802, 1750000000018, 拆卸到1级, 1, 拆卸到1级, 2, 1, null, 2026-07-22 13:57:50, null, null
<==        Row: 84dfc178dd61b95a72900fcdd624c471, 78bda155fe380b1b3f175f1e88c284c6, 处理中, 2, 处理中, 2, 1, admin, 2019-05-09 16:33:01, null, null
<==        Row: 1815011002, 1815011, PDF文档, pdf, PDF格式文档, 2, 1, null, 2026-07-22 15:22:51, null, null
<==        Row: 1815007002, 1815007, 审核模式, review, 送审审核阶段, 2, 1, null, 2026-07-22 15:22:51, null, null
<==        Row: 1178295553450061826, 1178295274528845826, 可编辑(未授权禁用), 2, , 2, 1, admin, 2019-09-29 21:08:46, admin, 2019-09-29 21:09:18
<==        Row: 1815005002, 1815005, 锁定, 1, 已锁定禁止修改, 2, 1, null, 2026-07-22 15:22:51, null, null
<==        Row: 1750000001502, 1750000000015, 拆卸, 01, 拆卸相关技术, 2, 1, null, 2026-07-22 13:57:28, null, null
<==        Row: 1815004002, 1815004, COMAC-中国商飞, COMAC, 中国商用飞机有限公司, 2, 1, null, 2026-07-22 15:22:50, null, null
<==        Row: dm_ver_1, dm_version_type_001, 已发布版本, 1, Issue版本，已正式发布, 2, 1, admin, 2026-07-23 09:12:06, null, null
<==        Row: cbfcc5b88fc3a90975df23ffc8cbe29c, c5a14c75172783d72cbee6ee7f5df5d1, 曲线图, line, null, 2, 1, admin, 2019-05-12 17:05:30, admin, 2019-04-12 17:06:06
<==        Row: 1815003002, 1815003, 准备, 002, 准备工作内容, 2, 1, null, 2026-07-22 15:22:50, null, null
<==        Row: 58b73b344305c99b9d8db0fc056bbc0a, 72cce0989df68887546746d8f09811aa, 主表, 2, null, 2, 1, admin, 2019-03-27 10:13:36, null, null
<==        Row: 2008794750670139394, 2008794656772255745, 内部, 2, , 2, 1, admin, 2026-01-07 14:56:05, admin, 2026-01-07 14:56:25
<==        Row: 734C6F3E7AAB4BA8887C09F0527900D1, 7FAAEB0E8EBE406CBCC3A1FD68AE1F36, 机密, confidential, Confidential, 2, 1, admin, 2026-07-25 00:11:24, null, null
<==        Row: dm_wf_review, dm_workflow_step_001, 审核, review, 审核阶段, 2, 1, admin, 2026-07-23 09:13:06, null, null
<==        Row: dm_upd_1, dm_update_control_001, 更新控制, 1, 需要更新控制, 2, 1, admin, 2026-07-23 09:12:06, null, null
<==        Row: dm_rpc_002, dm_rpc_type_001, COMAC（商飞）, COMAC, 中国商用飞机有限责任公司, 2, 1, admin, 2026-07-23 09:12:06, null, null
<==        Row: 1815002002, 1815002, 操作程序, 02, 操作类程序文档, 2, 1, null, 2026-07-22 15:22:50, null, null
<==        Row: 1815001002, 1815001, 已签出, 1, 数据模块已被签出，锁定状态, 2, 1, null, 2026-07-22 15:22:50, null, null
<==        Row: 8ff48e657a7c5090d4f2a59b37d1b878, 4d7fec1a7799a436d26d02325eff295e, 中, M, 中, 2, 1, admin, 2019-04-16 17:04:40, null, null
<==        Row: 1815008002, 1815008, 标准校验, standard, 字段完整性校验, 2, 1, null, 2026-07-22 15:22:51, null, null
<==        Row: 8cdf08045056671efd10677b8456c999, 4274efc2292239b6f000b153f50823ff, 可编辑(未授权时禁用), 2, , 2, 1, admin, 2019-05-10 17:55:38, null, null
<==        Row: 948923658baa330319e59b2213cda97c, 880a895c98afeca9d9ac39f29e67c13e, 添加, 2, , 2, 1, admin, 2019-07-22 10:54:59, admin, 2019-07-22 10:55:36
<==        Row: 1750000001002, 1750000000010, 过程性DM, procedure, 过程性数据模块, 2, 1, null, 2026-07-22 13:58:22, admin, 2026-08-01 23:01:10
<==        Row: dm_info_oper, dm_info_name_type_001, 操作, operation, 操作性信息, 2, 1, admin, 2026-07-23 09:12:06, null, null
<==        Row: 1750000001902, 1750000000019, 临时发布, T, 临时发布版本, 2, 1, null, 2026-07-22 13:57:55, null, null
<==        Row: 308c8aadf0c37ecdde188b97ca9833f5, 8dfe32e2d29ea9430a988b3b558bf233, 已发布, 1, 已发布, 2, 1, admin, 2019-04-16 17:41:24, null, null
<==        Row: dm_ref_dml, dm_ref_type_001, DML引用, dmlRef, 数据模块列表引用, 2, 1, admin, 2026-07-23 09:22:32, null, null
<==        Row: 1334440962954936321, 1209733563293962241, MYSQL5.7+, 4, , 2, 1, admin, 2020-12-03 18:16:02, admin, 2021-07-15 13:44:29
<==        Row: 1750000001702, 1750000000017, B型, B, B型变体, 2, 1, null, 2026-07-22 13:57:45, null, null
<==        Row: 1543fe7e5e26fb97cdafe4981bedc0c8, 4c03fca6bf1f0299c381213961566349, 单排布局, single, null, 2, 1, admin, 2022-07-12 17:43:39, admin, 2019-04-12 17:43:57
<==        Row: 6a7a9e1403a7943aba69e54ebeff9762, 4f69be5f507accea8d5df5f11346181a, 富文本, 2, , 2, 1, admin, 2031-02-28 10:50:44, admin, 2022-07-04 16:29:30
<==        Row: 1750000001602, 1750000000016, 操作, 01, 操作信息, 2, 1, null, 2026-07-22 13:57:38, null, null
<==        Row: 2009158867908321281, 2009158440265474049, 航空, 1, , 2, 1, admin, 2026-01-08 15:02:57, admin, 2026-01-09 14:52:00
<==        Row: 1030a2652608f5eac3b49d70458b8532, 2e02df51611a4b9632828ab7e5338f00, 禁用, 2, 禁用, 2, 1, admin, 2021-03-26 18:27:28, admin, 2019-04-26 18:39:11
<==        Row: dm_pub_official, dm_publish_mode_001, 正式发布, official, 正式发布, 2, 1, admin, 2026-07-23 09:19:47, null, null
<==        Row: 1750000001202, 1750000000012, 流转中, 1, 流程流转中, 2, 1, null, 2026-07-22 13:57:09, null, null
<==        Row: dm_ft_pdf, dm_file_type_001, PDF文件, pdf, PDF格式DM, 2, 1, admin, 2026-07-23 09:13:02, null, null
<==        Row: 2080832479622590466, language_iso_code, English, en, null, 2, 1, admin, 2026-07-25 09:48:18, null, null
<==        Row: 1750000001402, 1750000000014, US, US, United States, 2, 1, null, 2026-07-22 13:57:22, admin, 2026-07-25 14:16:12
<==        Row: 1750000001302, 1750000000013, en, en, English, 2, 1, null, 2026-07-22 13:57:16, admin, 2026-08-07 20:13:41
<==        Row: dm_va_issue, dm_version_action_type_001, Issue（发布）, issue, 创建发布版本, 2, 1, admin, 2026-07-23 09:21:51, null, null
<==        Row: dm_copy_ver, dm_copy_type_001, 创建版本链, 1, 创建版本关联的新DM, 2, 1, admin, 2026-07-23 09:21:33, null, null
<==        Row: dm_ref_st_invalid, dm_reference_status_001, 无效, 0, 引用关系已失效, 2, 1, admin, 2026-07-23 09:13:13, null, null
<==        Row: 1815013002, 1815013, 断链, broken, 引用断链, 2, 1, null, 2026-07-22 15:22:52, null, null
<==        Row: 2009150391974912001, 2009149820169641986, S1000D3.0, S1000D3.0, , 2, 1, admin, 2026-01-08 14:29:16, admin, 2026-07-16 09:58:02
<==        Row: 1242300779390357505, 1242298510024429569, 短信提醒, 2, , 2, 1, admin, 2020-03-24 12:02:41, admin, 2020-03-30 18:21:33
<==        Row: 1750000001102, 1750000000011, 编辑中, editing, 正在编辑, 2, 1, null, 2026-07-22 13:57:03, null, null
<==        Row: dm_val_basic, dm_validate_level_001, 基础校验, 1, 基础XML格式校验, 2, 1, admin, 2026-07-23 09:12:37, null, null
<==        Row: cfe88c07c69443b99e6a1da0d915b36f, 52db14900acf4ef386ed34c0e2030afc, 有效, 1, , 2, 1, admin, 2026-04-27 22:25:13, admin, 2026-07-15 10:28:01
<==        Row: 5d84a8634c8fdfe96275385075b105c9, 3d9a351be3436fbefb1307d4cfb49bf2, 女, 2, null, 2, 1, null, 2019-01-04 14:56:56, null, 2019-01-04 17:38:12
<==        Row: dm_loc_B, dm_location_code_001, B, B, , 2, 1, admin, 2026-07-23 09:12:06, admin, 2026-07-25 14:14:31
<==        Row: dm_tech_assy, dm_tech_name_type_001, 组件, assembly, 组件级技术名称, 2, 1, admin, 2026-07-23 09:12:06, null, null
<==        Row: 1815006002, 1815006, 部分适用, partial, 适用于部分型号, 2, 1, null, 2026-07-22 15:22:51, null, null
<==        Row: dm_co_out, dm_checkout_status_001, 签出, 1, DM已被签出，正在编辑中, 2, 1, admin, 2026-07-23 09:12:06, null, null
<==        Row: dm_status_1, dm_status_001, 正常, 1, DM正常状态, 2, 1, admin, 2026-07-23 09:12:06, null, null
<==        Row: 2d51376643f220afdeb6d216a8ac2c01, 68168534ff5065a152bfab275c2136f8, 有效, 1, 有效, 2, 1, admin, 2019-04-26 19:22:01, null, null
<==        Row: dm_type_proc, dm_type_001, 过程性DM, procedural, 描述操作过程（维护、检查程序）, 2, 1, admin, 2026-07-23 09:12:06, null, null
<==        Row: 1815012002, 1815012, 审核, review, 审核阶段, 2, 1, null, 2026-07-22 15:22:51, null, null
<==        Row: 2009150431040659458, 2009149820169641986, S1000D4.0, S1000D4.0, , 3, 1, admin, 2026-01-08 14:29:26, admin, 2026-07-16 09:58:07
<==        Row: 23a5bb76004ed0e39414e928c4cde155, 4e4602b3e3686f0911384e188dc7efb4, 不等于, !=, 不等于, 3, 1, admin, 2019-04-01 16:46:15, admin, 2019-04-01 17:48:40
<==        Row: dm_loc_C, dm_location_code_001, C, C, , 3, 1, admin, 2026-07-23 09:12:06, admin, 2026-07-25 14:14:39
<==        Row: 1815013003, 1815013, 过期, outdated, 引用过期, 3, 1, null, 2026-07-22 15:22:52, null, null
<==        Row: dm_rpc_003, dm_rpc_type_001, Boeing, BOE01, 波音公司, 3, 1, admin, 2026-07-23 09:12:06, null, null
<==        Row: 1815012003, 1815012, 批准, approve, 批准阶段, 3, 1, null, 2026-07-22 15:22:51, null, null
<==        Row: 0ca4beba9efc4f9dd54af0911a946d5c, 72cce0989df68887546746d8f09811aa, 附表, 3, null, 3, 1, admin, 2019-03-27 10:13:43, null, null
<==        Row: 1815011003, 1815011, 图片, image, 图片文件（jpg/png/gif等）, 3, 1, null, 2026-07-22 15:22:51, null, null
<==        Row: f753aff60ff3931c0ecb4812d8b5e643, 4c03fca6bf1f0299c381213961566349, 双排布局, double, null, 3, 1, admin, 2019-04-12 17:43:51, null, null
<==        Row: 1815010003, 1815010, 签入, checkin, 签入新版本, 3, 1, null, 2026-07-22 15:22:51, null, null
<==        Row: 1815009003, 1815009, 新版本, newVersion, 创建新版本副本, 3, 1, null, 2026-07-22 15:22:51, null, null
<==        Row: 1750000001103, 1750000000011, 审核中, reviewing, 正在审核, 3, 1, null, 2026-07-22 13:57:03, null, null
<==        Row: 1209733839933476865, 1209733563293962241, Oracle, 2, , 3, 1, admin, 2019-12-25 15:13:18, admin, 2021-07-15 13:44:08
<==        Row: 1815008003, 1815008, 严格校验, strict, XML Schema校验, 3, 1, null, 2026-07-22 15:22:51, null, null
<==        Row: 1815007003, 1815007, 正式发布, official, 正式发布版本, 3, 1, null, 2026-07-22 15:22:51, null, null
<==        Row: 1815006003, 1815006, 特定条件, specific, 特定条件下适用, 3, 1, null, 2026-07-22 15:22:51, null, null
<==        Row: 1815005003, 1815005, 待审核, 2, 等待审核中, 3, 1, null, 2026-07-22 15:22:51, null, null
<==        Row: 0072d115e07c875d76c9b022e2179128, 4d7fec1a7799a436d26d02325eff295e, 低, L, 低, 3, 1, admin, 2019-04-16 17:04:59, null, null
<==        Row: 1750000001503, 1750000000015, 检查, 02, 检查相关技术, 3, 1, null, 2026-07-22 13:57:28, null, null
<==        Row: 1815004003, 1815004, CASC-中国航天, CASC, 中国航天科技集团, 3, 1, null, 2026-07-22 15:22:50, null, null
<==        Row: 1815003003, 1815003, 程序, 003, 具体程序步骤, 3, 1, null, 2026-07-22 15:22:50, null, null
<==        Row: a2be752dd4ec980afaec1efd1fb589af, 8dfe32e2d29ea9430a988b3b558bf233, 已撤销, 2, 已撤销, 3, 1, admin, 2019-04-16 17:41:39, null, null
<==        Row: 1815002003, 1815002, 维护程序, 03, 维护类程序文档, 3, 1, null, 2026-07-22 15:22:50, null, null
<==        Row: 1750000001003, 1750000000010, 故障性DM, faultIsolation, 故障性数据模块, 3, 1, null, 2026-07-22 13:58:22, admin, 2026-08-01 23:01:30
<==        Row: 1750000001903, 1750000000019, 紧急发布, E, 紧急发布版本, 3, 1, null, 2026-07-22 13:57:55, null, null
<==        Row: 848d4da35ebd93782029c57b103e5b36, c5a14c75172783d72cbee6ee7f5df5d1, 饼图, pie, null, 3, 1, admin, 2019-04-12 17:05:49, null, null
<==        Row: 1750000001803, 1750000000018, 拆卸到2级, 2, 拆卸到2级, 3, 1, null, 2026-07-22 13:57:50, null, null
<==        Row: 1750000001703, 1750000000017, C型, C, C型变体, 3, 1, null, 2026-07-22 13:57:45, null, null
<==        Row: 1305827309355302914, bd1b8bc28e65d6feefefb6f3c79f42fd, API, api, , 3, 1, admin, 2020-09-15 19:14:26, admin, 2020-09-15 19:14:41
<==        Row: 1750000001603, 1750000000016, 规范, 02, 规范信息, 3, 1, null, 2026-07-22 13:57:38, null, null
<==        Row: 5d833f69296f691843ccdd0c91212b6b, 880a895c98afeca9d9ac39f29e67c13e, 修改, 3, , 3, 1, admin, 2019-07-22 10:55:07, admin, 2019-07-22 10:55:41
<==        Row: 2008794914789060609, 2008794656772255745, 秘密, 3, , 3, 1, admin, 2026-01-07 14:56:44, null, null
<==        Row: 3736FD3883374BB69E5DABE51B5002EC, 7FAAEB0E8EBE406CBCC3A1FD68AE1F36, 秘密, secret, Secret, 3, 1, admin, 2026-07-25 00:11:24, null, null
<==        Row: dm_ref_pm, dm_ref_type_001, PM引用, pmRef, 出版模块引用, 3, 1, admin, 2026-07-23 09:22:32, null, null
<==        Row: dm_pub_temp, dm_publish_mode_001, 临时发布, temporary, 临时发布（测试用）, 3, 1, admin, 2026-07-23 09:19:47, null, null
<==        Row: 1750000001203, 1750000000012, 已通过, 2, 审批通过, 3, 1, null, 2026-07-22 13:57:09, null, null
<==        Row: dm_ref_st_pending, dm_reference_status_001, 待确认, 2, 引用关系待确认, 3, 1, admin, 2026-07-23 09:13:13, null, null
<==        Row: 50223341bfb5ba30bf6319789d8d17fe, d6e1152968b02d69ff358c75b48a6ee1, 业务办理, business, null, 3, 1, admin, 2023-04-22 19:28:05, admin, 2019-03-22 23:24:39
<==        Row: dm_ft_img, dm_file_type_001, 图片文件, image, 图片资源（PNG/JPG/SVG）, 3, 1, admin, 2026-07-23 09:13:02, null, null
<==        Row: dm_val_std, dm_validate_level_001, 标准校验, 2, 严格按S1000D标准校验, 3, 1, admin, 2026-07-23 09:12:37, null, null
<==        Row: 3fbc03d6c994ae06d083751248037c0e, 78bda155fe380b1b3f175f1e88c284c6, 已完成, 3, 已完成, 3, 1, admin, 2019-05-09 16:33:25, null, null
<==        Row: dm_info_maint, dm_info_name_type_001, 维护, maintenance, 维护性信息, 3, 1, admin, 2026-07-23 09:12:06, null, null
<==        Row: 33bc9d9f753cf7dc40e70461e50fdc54, a9d9942bd0eccb6e89de92d130ec4c4a, 发送失败, 2, null, 3, 1, admin, 2019-04-12 18:20:02, null, null
<==        Row: dm_tech_part, dm_tech_name_type_001, 零件, part, 零件级技术名称, 3, 1, admin, 2026-07-23 09:12:06, null, null
<==        Row: 1174509713568587777, 1174509082208395266, 中级, 3, , 3, 1, admin, 2019-09-19 10:25:12, admin, 2019-09-23 11:46:56
<==        Row: dm_wf_approve, dm_workflow_step_001, 批准, approve, 批准阶段, 3, 1, admin, 2026-07-23 09:13:06, null, null
<==        Row: dm_status_2, dm_status_001, 草稿, 2, DM草稿状态, 3, 1, admin, 2026-07-23 09:12:06, null, null
<==        Row: 2009158905313124354, 2009158440265474049, 舰船, 2, , 3, 1, admin, 2026-01-08 15:03:06, admin, 2026-01-09 14:52:03
<==        Row: dm_type_fault, dm_type_001, 故障性DM, fault, 故障隔离与排除程序, 3, 1, admin, 2026-07-23 09:12:06, null, null
<==        Row: 2009150500481556482, 2009149820169641986, S1000D4.2, S1000D4.2, , 4, 1, admin, 2026-01-08 14:29:42, admin, 2026-07-16 09:58:18
<==        Row: 2009150469556953089, 2009149820169641986, S1000D4.1, S1000D4.1, , 4, 1, admin, 2026-01-08 14:29:35, admin, 2026-07-16 09:58:13
<==        Row: 1232913605382467585, 1232913193820581889, 测试表单, temp, , 4, 1, admin, 2020-02-27 14:21:25, admin, 2020-02-27 14:22:16
<==        Row: dm_loc_D, dm_location_code_001, D, D, , 4, 1, admin, 2026-07-23 09:12:06, admin, 2026-07-25 14:14:43
<==        Row: dm_rpc_004, dm_rpc_type_001, Airbus, AIR01, 空客公司, 4, 1, admin, 2026-07-23 09:12:06, null, null
<==        Row: 2008794996636708866, 2008794656772255745, 机密, 4, , 4, 1, admin, 2026-01-07 14:57:03, null, null
<==        Row: 1815012004, 1815012, 发布, publish, 发布阶段, 4, 1, null, 2026-07-22 15:22:51, null, null
<==        Row: 1db531bcff19649fa82a644c8a939dc4, 4c03fca6bf1f0299c381213961566349, 组合布局, combination, , 4, 1, admin, 2019-05-11 16:07:08, null, null
<==        Row: fe50b23ae5e68434def76f67cef35d2d, 78bda155fe380b1b3f175f1e88c284c6, 已作废, 4, 已作废, 4, 1, admin, 2021-09-09 16:33:43, admin, 2019-05-09 16:34:40
<==        Row: 1815011004, 1815011, 视频, video, 视频文件（mp4/avi等）, 4, 1, null, 2026-07-22 15:22:51, null, null
<==        Row: f80a8f6838215753b05e1a5ba3346d22, 880a895c98afeca9d9ac39f29e67c13e, 删除, 4, , 4, 1, admin, 2019-07-22 10:55:14, admin, 2019-07-22 10:55:30
<==        Row: 1815010004, 1815010, 发布, publish, 发布DM, 4, 1, null, 2026-07-22 15:22:51, null, null
<==        Row: 1209733903020003330, 1209733563293962241, SQLServer, 3, , 4, 1, admin, 2019-12-25 15:13:33, admin, 2021-07-15 13:44:11
<==        Row: 1815008004, 1815008, 完整校验, full, 业务逻辑+引用完整性校验, 4, 1, null, 2026-07-22 15:22:51, null, null
<==        Row: d217592908ea3e00ff986ce97f24fb98, c5a14c75172783d72cbee6ee7f5df5d1, 数据列表, table, null, 4, 1, admin, 2019-04-12 17:05:56, null, null
<==        Row: 1815004004, 1815004, OEM-原厂商, OEM, 原始设备制造商, 4, 1, null, 2026-07-22 15:22:50, null, null
<==        Row: 1815003004, 1815003, 清单, 004, 清单类内容, 4, 1, null, 2026-07-22 15:22:50, null, null
<==        Row: 1815002004, 1815002, 故障隔离, 04, 故障诊断与隔离, 4, 1, null, 2026-07-22 15:22:50, null, null
<==        Row: 1750000001004, 1750000000010, 乘员DM, crew, 乘员数据模块, 4, 1, null, 2026-07-22 13:58:22, null, null
<==        Row: 1750000001804, 1750000000018, 拆卸到3级, 3, 拆卸到3级, 4, 1, null, 2026-07-22 13:57:50, null, null
<==        Row: 1750000001704, 1750000000017, D型, D, D型变体, 4, 1, null, 2026-07-22 13:57:45, null, null
<==        Row: dm_wf_publish, dm_workflow_step_001, 发布, publish, 发布阶段, 4, 1, admin, 2026-07-23 09:13:06, null, null
<==        Row: 1750000001604, 1750000000016, 图示, 03, 图示信息, 4, 1, null, 2026-07-22 13:57:38, null, null
<==        Row: 1750000001504, 1750000000015, 测试, 03, 测试相关技术, 4, 1, null, 2026-07-22 13:57:28, null, null
<==        Row: 489FB57746744E3FB93E3E90D581B4A3, 7FAAEB0E8EBE406CBCC3A1FD68AE1F36, 绝密, top_secret, Top Secret, 4, 1, admin, 2026-07-25 00:11:24, null, null
<==        Row: 1242300887343353857, 1242298510024429569, 系统消息, 4, , 4, 1, admin, 2020-03-24 12:03:07, admin, 2020-03-30 18:21:43
<==        Row: 1750000001204, 1750000000012, 已拒绝, 3, 审批拒绝, 4, 1, null, 2026-07-22 13:57:09, null, null
<==        Row: 1174509788361416705, 1174509082208395266, 副高级, 4, , 4, 1, admin, 2019-09-19 10:25:30, admin, 2019-09-23 11:47:06
<==        Row: 41fa1e9571505d643aea87aeb83d4d76, 4e4602b3e3686f0911384e188dc7efb4, 等于, =, 等于, 4, 1, admin, 2019-04-01 16:45:24, admin, 2019-04-01 17:49:00
<==        Row: 1750000001104, 1750000000011, 已发布, published, 已发布状态, 4, 1, null, 2026-07-22 13:57:03, null, null
<==        Row: dm_ft_zip, dm_file_type_001, ZIP压缩包, zip, ZIP格式资源包, 4, 1, admin, 2026-07-23 09:13:02, null, null
<==        Row: dm_val_full, dm_validate_level_001, 完整校验, 3, 完整校验（包括业务规则）, 4, 1, admin, 2026-07-23 09:12:37, null, null
<==        Row: dm_status_3, dm_status_001, 审核中, 3, DM正在审核, 4, 1, admin, 2026-07-23 09:12:06, null, null
<==        Row: 2009158953551814657, 2009158440265474049, 战术导弹, 3, , 4, 1, admin, 2026-01-08 15:03:18, admin, 2026-01-09 14:52:08
<==        Row: dm_type_front, dm_type_001, 前事性DM, frontmatter, 封面、前言、目录等, 4, 1, admin, 2026-07-23 09:12:06, null, null
<==        Row: dm_loc_T, dm_location_code_001, T, T, , 5, 1, admin, 2026-07-23 09:12:06, admin, 2026-07-25 14:14:49
<==        Row: 2008795045311606785, 2008794656772255745, 绝密, 5, , 5, 1, admin, 2026-01-07 14:57:15, null, null
<==        Row: 1815011005, 1815011, 音频, audio, 音频文件（mp3/wav等）, 5, 1, null, 2026-07-22 15:22:51, null, null
<==        Row: 1815010005, 1815010, 回滚, rollback, 版本回滚, 5, 1, null, 2026-07-22 15:22:51, null, null
<==        Row: 1815004005, 1815004, SUB-分包商, SUB, 分包供应商, 5, 1, null, 2026-07-22 15:22:50, null, null
<==        Row: bcec04526b04307e24a005d6dcd27fd6, 880a895c98afeca9d9ac39f29e67c13e, 导入, 5, , 5, 1, admin, 2019-07-22 12:06:41, null, null
<==        Row: 1815003005, 1815003, 图例, 005, 图例说明, 5, 1, null, 2026-07-22 15:22:50, null, null
<==        Row: 1815002005, 1815002, 拆装程序, 05, 拆卸与安装程序, 5, 1, null, 2026-07-22 15:22:50, null, null
<==        Row: 1414837074500976641, 1209733563293962241, postgresql, 6, , 5, 1, admin, 2021-07-13 14:40:20, admin, 2021-07-15 13:44:15
<==        Row: 1750000001005, 1750000000010, 规划性DM, maintPlanning, 规划性数据模块, 5, 1, null, 2026-07-22 13:58:22, null, null
<==        Row: 84778d7e928bc843ad4756db1322301f, 4e4602b3e3686f0911384e188dc7efb4, 大于等于, >=, 大于等于, 5, 1, admin, 2019-04-01 10:46:02, admin, 2019-04-01 17:49:05
<==        Row: 1750000001805, 1750000000018, 拆卸到4级, 4, 拆卸到4级, 5, 1, null, 2026-07-22 13:57:50, null, null
<==        Row: 1750000001705, 1750000000017, E型, E, E型变体, 5, 1, null, 2026-07-22 13:57:45, null, null
<==        Row: 1750000001605, 1750000000016, 数据, 04, 数据信息, 5, 1, null, 2026-07-22 13:57:38, null, null
<==        Row: 1174509835803189250, 1174509082208395266, 正高级, 5, , 5, 1, admin, 2019-09-19 10:25:41, admin, 2019-09-23 11:47:12
<==        Row: 1750000001505, 1750000000015, 维修, 04, 维修相关技术, 5, 1, null, 2026-07-22 13:57:28, null, null
<==        Row: 1750000001105, 1750000000011, 已归档, archived, 已归档状态, 5, 1, null, 2026-07-22 13:57:03, null, null
<==        Row: 2076625175196975105, 2009149820169641986, S1000D4.3, S1000D4.3, , 5, 1, admin, 2026-07-13 19:09:58, admin, 2026-07-16 09:58:24
<==        Row: 2009158995578740738, 2009158440265474049, 地面车辆, 4, , 5, 1, admin, 2026-01-08 15:03:28, admin, 2026-01-09 14:52:11
<==        Row: dm_status_4, dm_status_001, 已发布, 4, DM已正式发布, 5, 1, admin, 2026-07-23 09:12:06, null, null
<==        Row: 1232914232372195330, 1232913193820581889, 导入表单, bdfl_include, , 5, 1, admin, 2020-02-27 14:23:54, null, null
<==        Row: 25847e9cb661a7c711f9998452dc09e6, 4e4602b3e3686f0911384e188dc7efb4, 小于等于, <=, 小于等于, 6, 1, admin, 2019-04-01 16:44:34, admin, 2019-04-01 17:49:10
<==        Row: 1815011006, 1815011, 压缩包, zip, ZIP/RAR压缩包, 6, 1, null, 2026-07-22 15:22:51, null, null
<==        Row: 1815003006, 1815003, 备注, 006, 备注信息, 6, 1, null, 2026-07-22 15:22:50, null, null
<==        Row: a1e7d1ca507cff4a480c8caba7c1339e, 880a895c98afeca9d9ac39f29e67c13e, 导出, 6, , 6, 1, admin, 2019-07-22 12:06:50, null, null
<==        Row: 1815002006, 1815002, 测试程序, 06, 测试与检验程序, 6, 1, null, 2026-07-22 15:22:50, null, null
<==        Row: 1415547541091504129, 1209733563293962241, marialDB, 5, , 6, 1, admin, 2021-07-15 13:43:28, admin, 2021-07-15 13:44:23
<==        Row: 1750000001006, 1750000000010, 工艺性DM, process, 工艺性数据模块, 6, 1, null, 2026-07-22 13:58:22, null, null
<==        Row: 1750000001606, 1750000000016, 工具, 05, 工具信息, 6, 1, null, 2026-07-22 13:57:38, null, null
<==        Row: 1750000001506, 1750000000015, 调整, 05, 调整相关技术, 6, 1, null, 2026-07-22 13:57:28, null, null
<==        Row: 2009159040323575809, 2009158440265474049, 军械, 5, , 6, 1, admin, 2026-01-08 15:03:38, admin, 2026-01-09 14:52:15
<==        Row: dm_status_5, dm_status_001, 已归档, 5, DM已归档, 6, 1, admin, 2026-07-23 09:12:06, null, null
<==        Row: 1815011007, 1815011, 其他, other, 其他类型文件, 7, 1, null, 2026-07-22 15:22:51, null, null
<==        Row: 1815003007, 1815003, 参考, 007, 参考资料, 7, 1, null, 2026-07-22 15:22:50, null, null
<==        Row: 1815002007, 1815002, 检查程序, 07, 检查类程序文档, 7, 1, null, 2026-07-22 15:22:50, null, null
<==        Row: 1418049969003089922, 1209733563293962241, 达梦, 7, , 7, 1, admin, 2021-07-22 11:27:13, admin, 2021-07-22 11:27:30
<==        Row: 6d404fd2d82311fbc87722cd302a28bc, 4e4602b3e3686f0911384e188dc7efb4, 模糊, LIKE, 模糊, 7, 1, admin, 2019-04-01 16:46:02, admin, 2019-04-01 17:49:20
<==        Row: 1750000001607, 1750000000016, 耗材, 06, 耗材信息, 7, 1, null, 2026-07-22 13:57:38, null, null
<==        Row: 1750000001507, 1750000000015, 润滑, 06, 润滑相关技术, 7, 1, null, 2026-07-22 13:57:28, null, null
<==        Row: 1750000001007, 1750000000010, 故障报告DM, faultReporting, 故障报告数据模块, 7, 1, null, 2026-08-05 18:03:27, null, null
<==        Row: C666D8CA975441DDA5055935B1D12A38, 1750000000010, 前言类, frontmatter, Front Matter, 7, 1, admin, 2026-07-25 00:11:43, null, null
<==        Row: 1234371809495760898, 4e4602b3e3686f0911384e188dc7efb4, 右模糊, RIGHT_LIKE, 右模糊, 7, 1, admin, 2020-03-02 14:55:47, null, null
<==        Row: 2009159092395859970, 2009158440265474049, 保障与训练, 6, , 7, 1, admin, 2026-01-08 15:03:51, admin, 2026-01-09 14:52:21
<==        Row: 1234371726545010689, 4e4602b3e3686f0911384e188dc7efb4, 左模糊, LEFT_LIKE, 左模糊, 7, 1, admin, 2020-03-02 14:55:27, null, null
<==        Row: 1815003008, 1815003, 附录, 008, 附录内容, 8, 1, null, 2026-07-22 15:22:50, null, null
<==        Row: adcf2a1fe93bb99a84833043f475fe0b, 4e4602b3e3686f0911384e188dc7efb4, 包含, IN, 包含, 8, 1, admin, 2019-04-01 16:45:47, admin, 2019-04-01 17:49:24
<==        Row: 1815002008, 1815002, 修理程序, 08, 修理类程序文档, 8, 1, null, 2026-07-22 15:22:50, null, null
<==        Row: 1418050017053036545, 1209733563293962241, 人大金仓, 8, , 8, 1, admin, 2021-07-22 11:27:25, null, null
<==        Row: 1750000001608, 1750000000016, 附件, 07, 附件信息, 8, 1, null, 2026-07-22 13:57:38, null, null
<==        Row: 1750000001508, 1750000000015, 清洁, 07, 清洁相关技术, 8, 1, null, 2026-07-22 13:57:28, null, null
<==        Row: 1750000001008, 1750000000010, 图解零件目录DM, illustratedPartsCatalog, 图解零件目录数据模块, 8, 1, null, 2026-08-05 18:03:31, null, null
<==        Row: 2009159141330804738, 2009158440265474049, 通信, 7, , 8, 1, admin, 2026-01-08 15:04:02, admin, 2026-01-09 14:52:26
<==        Row: 1418050075555188737, 1209733563293962241, 神通, 9, , 9, 1, admin, 2021-07-22 11:27:39, null, null
<==        Row: 5584c21993bde231bbde2b966f2633ac, 4e4602b3e3686f0911384e188dc7efb4, 自定义SQL表达式, USE_SQL_RULES, 自定义SQL表达式, 9, 1, admin, 2019-04-01 10:45:24, admin, 2019-04-01 17:49:27
<==        Row: 1418050110669901826, 1209733563293962241, SQLite, 10, , 10, 1, admin, 2021-07-22 11:27:47, null, null
<==        Row: 1418050149475602434, 1209733563293962241, DB2, 11, , 11, 1, admin, 2021-07-22 11:27:56, null, null
<==        Row: 1418050209823248385, 1209733563293962241, Hsqldb, 12, , 12, 1, admin, 2021-07-22 11:28:11, admin, 2021-07-22 11:28:27
<==        Row: 1418050323111399425, 1209733563293962241, Derby, 13, , 13, 1, admin, 2021-07-22 11:28:38, null, null
<==        Row: 1418117316707590146, 1209733563293962241, H2, 14, , 14, 1, admin, 2021-07-22 15:54:50, null, null
<==        Row: 1418491604048449537, 1209733563293962241, 其他数据库, 15, , 15, 1, admin, 2021-07-23 16:42:07, null, null
<==      Total: 324
Closing non transactional SqlSession [org.apache.ibatis.session.defaults.DefaultSqlSession@421f60c2]
Creating a new SqlSession
SqlSession [org.apache.ibatis.session.defaults.DefaultSqlSession@eb691b3] was not registered for synchronization because synchronization is not active
JDBC Connection [dm.jdbc.driver.DmdbConnection@4daacdbb] will not be managed by Spring
==>  Preparing: insert into sys_log (id, log_type, log_content, method, operate_type, request_url, request_type, request_param, ip, userid, username, cost_time, create_time,create_by) values( ?, ?, ?, ?, ?, ?, ?, ?, ?, ?, ?, ?, ?, ? )
==> Parameters: 2085974081328357377(String), 1(Integer), 用户名: admin,登录成功！(String), null, null, null, null, null, 0:0:0:0:0:0:0:1(String), admin(String), 管理员(String), null, 2026-08-08 14:19:11.169(Timestamp), null
<==    Updates: 1
Closing non transactional SqlSession [org.apache.ibatis.session.defaults.DefaultSqlSession@eb691b3]
Creating a new SqlSession
SqlSession [org.apache.ibatis.session.defaults.DefaultSqlSession@695fdf1f] was not registered for synchronization because synchronization is not active
original SQL: select * from  sys_user  where username = ? and del_flag = 0
SQL to parse, SQL: select * from  sys_user  where username = ? and del_flag = 0
parse the finished SQL: SELECT * FROM sys_user WHERE username = ? AND del_flag = 0
JDBC Connection [dm.jdbc.driver.DmdbConnection@4daacdbb] will not be managed by Spring
==>  Preparing: SELECT * FROM sys_user WHERE username = ? AND del_flag = 0
==> Parameters: admin(String)
<==    Columns: ID, USERNAME, REALNAME, PASSWORD, SALT, AVATAR, BIRTHDAY, SEX, EMAIL, PHONE, ORG_CODE, STATUS, DEL_FLAG, THIRD_ID, THIRD_TYPE, ACTIVITI_SYNC, WORK_NO, POST, TELEPHONE, CREATE_BY, CREATE_TIME, UPDATE_BY, UPDATE_TIME, USER_IDENTITY, DEPART_IDS, REL_TENANT_IDS, CLIENT_ID
<==        Row: e9ca23d68d884d4ebb19d07889727dae, admin, 管理员, cb362cfeefbf3d8d, RCGTeGiH, https://static.jeecg.com/temp/国炬软件logo_1606575029126.png, 2018-12-05 00:00:00, 1, jeecg@163.com, 18611111111, A01, 1, 0, null, null, 1, 00001, 总经理, null, null, 2019-06-21 00:00:00, admin, 2022-10-17 00:00:00, 2, <<BLOB>>, null, null
<==      Total: 1
Closing non transactional SqlSession [org.apache.ibatis.session.defaults.DefaultSqlSession@695fdf1f]
2026-08-08 14:19:15.598 [http-nio-9999-exec-9] [34mINFO [0;39m [36mo.j.c.desensitization.aspect.SensitiveDataAspect:76[0;39m - 加密操作，Aspect程序耗时：1ms
Creating a new SqlSession
SqlSession [org.apache.ibatis.session.defaults.DefaultSqlSession@7b8e583b] was not registered for synchronization because synchronization is not active
original SQL: SELECT * FROM (
			   SELECT p.*
			   FROM  sys_permission p
			   WHERE (exists(
						select a.id from sys_role_permission a
						join sys_role b on a.role_id = b.id
						join sys_user_role c on c.role_id = b.id
						join sys_user d on d.id = c.user_id
						where p.id = a.permission_id AND d.username = ?
					)
					or (p.url like '%:code' and p.url like '/online%' and p.hidden = 1)
					or (p.url like '%:id' and p.url like '/online%' and p.hidden = 1)
					or p.url = '/online')
			   and p.del_flag = 0
			
			   UNION
			   SELECT p.*
			   FROM  sys_permission p
			   WHERE exists(
					select a.id from sys_depart_role_permission a
					join sys_depart_role b on a.role_id = b.id
					join sys_depart_role_user c on c.drole_id = b.id
					join sys_user d on d.id = c.user_id
					where p.id = a.permission_id AND d.username = ?
			   )
			   and p.del_flag = 0
			
		   ) h order by h.sort_no ASC
SQL to parse, SQL: SELECT * FROM (
			   SELECT p.*
			   FROM  sys_permission p
			   WHERE (exists(
						select a.id from sys_role_permission a
						join sys_role b on a.role_id = b.id
						join sys_user_role c on c.role_id = b.id
						join sys_user d on d.id = c.user_id
						where p.id = a.permission_id AND d.username = ?
					)
					or (p.url like '%:code' and p.url like '/online%' and p.hidden = 1)
					or (p.url like '%:id' and p.url like '/online%' and p.hidden = 1)
					or p.url = '/online')
			   and p.del_flag = 0
			
			   UNION
			   SELECT p.*
			   FROM  sys_permission p
			   WHERE exists(
					select a.id from sys_depart_role_permission a
					join sys_depart_role b on a.role_id = b.id
					join sys_depart_role_user c on c.drole_id = b.id
					join sys_user d on d.id = c.user_id
					where p.id = a.permission_id AND d.username = ?
			   )
			   and p.del_flag = 0
			
		   ) h order by h.sort_no ASC
parse the finished SQL: SELECT * FROM (SELECT p.* FROM sys_permission p WHERE (EXISTS (SELECT a.id FROM sys_role_permission a JOIN sys_role b ON a.role_id = b.id JOIN sys_user_role c ON c.role_id = b.id JOIN sys_user d ON d.id = c.user_id WHERE p.id = a.permission_id AND d.username = ?) OR (p.url LIKE '%:code' AND p.url LIKE '/online%' AND p.hidden = 1) OR (p.url LIKE '%:id' AND p.url LIKE '/online%' AND p.hidden = 1) OR p.url = '/online') AND p.del_flag = 0 UNION SELECT p.* FROM sys_permission p WHERE EXISTS (SELECT a.id FROM sys_depart_role_permission a JOIN sys_depart_role b ON a.role_id = b.id JOIN sys_depart_role_user c ON c.drole_id = b.id JOIN sys_user d ON d.id = c.user_id WHERE p.id = a.permission_id AND d.username = ?) AND p.del_flag = 0) h ORDER BY h.sort_no ASC
JDBC Connection [dm.jdbc.driver.DmdbConnection@4daacdbb] will not be managed by Spring
==>  Preparing: SELECT * FROM (SELECT p.* FROM sys_permission p WHERE (EXISTS (SELECT a.id FROM sys_role_permission a JOIN sys_role b ON a.role_id = b.id JOIN sys_user_role c ON c.role_id = b.id JOIN sys_user d ON d.id = c.user_id WHERE p.id = a.permission_id AND d.username = ?) OR (p.url LIKE '%:code' AND p.url LIKE '/online%' AND p.hidden = 1) OR (p.url LIKE '%:id' AND p.url LIKE '/online%' AND p.hidden = 1) OR p.url = '/online') AND p.del_flag = 0 UNION SELECT p.* FROM sys_permission p WHERE EXISTS (SELECT a.id FROM sys_depart_role_permission a JOIN sys_depart_role b ON a.role_id = b.id JOIN sys_depart_role_user c ON c.drole_id = b.id JOIN sys_user d ON d.id = c.user_id WHERE p.id = a.permission_id AND d.username = ?) AND p.del_flag = 0) h ORDER BY h.sort_no ASC
==> Parameters: admin(String), admin(String)
<==    Columns: ID, PARENT_ID, NAME, URL, COMPONENT, COMPONENT_NAME, REDIRECT, MENU_TYPE, PERMS, PERMS_TYPE, SORT_NO, ALWAYS_SHOW, ICON, IS_ROUTE, IS_LEAF, KEEP_ALIVE, HIDDEN, HIDE_TAB, DESCRIPTION, CREATE_BY, CREATE_TIME, UPDATE_BY, UPDATE_TIME, DEL_FLAG, RULE_FLAG, STATUS, INTERNAL_OR_EXTERNAL
<==        Row: 9502685863ab87f0ad1134142788a385, , 首页, /dashboard/analysis, dashboard/Analysis, null, null, 0, null, null, 0.0, 0, home, 1, 1, 0, 0, 0, null, null, 2018-12-25 20:34:38, admin, 2026-02-06 16:31:17, 0, 0, null, 0
<==        Row: 1260928341675982849, 3f915b2769fc80648e92d04e84ca059d, 添加按钮, null, null, null, null, 2, user:add, 1, 1.0, 0, null, 1, 1, 0, 0, null, null, admin, 2020-05-14 00:00:00, null, null, 0, 0, 1, 0
<==        Row: 2008069295683989506, 2008068007130886145, Word转DM, /302, 111, null, null, 1, null, 1, 1.0, 0, null, 1, 1, 0, 0, 0, null, admin, 2026-01-05 14:53:23, admin, 2026-01-08 20:59:19, 0, 0, 1, 0
<==        Row: 2008069592011567106, 2008069453259796481, 翻译, /305, 1111, null, null, 1, null, 1, 1.0, 0, null, 1, 1, 0, 0, 0, null, admin, 2026-01-05 14:54:34, admin, 2026-01-08 20:59:47, 0, 0, 1, 0
<==        Row: 2008070600762650625, 2008068063753990145, 数据模块导入, /402, 11, null, null, 1, null, 1, 1.0, 0, null, 1, 1, 0, 0, 0, null, admin, 2026-01-05 14:58:34, admin, 2026-01-08 21:00:31, 0, 0, 1, 0
<==        Row: 9cb91b8851db0cf7b19d7ecc2a8193dd, 1939e035e803a99ceecb6f5563570fb2, 我的任务表单, /modules/bpm/task/form/FormModule, modules/bpm/task/form/FormModule, null, null, 1, null, null, 1.0, 0, null, 1, 1, null, 0, null, null, admin, 2019-03-08 00:00:00, admin, 2019-03-08 00:00:00, 0, 0, null, null
<==        Row: 2008068408546750465, 2008067776595161090, 手册标准管理, /standard, ietm/standardmanagement/IetmStandardList, null, null, 1, null, 1, 1.0, 0, null, 1, 1, 0, 0, 0, null, admin, 2026-01-05 14:49:51, admin, 2026-01-08 20:25:41, 0, 0, 1, 0
<==        Row: 1260929666434318338, 3f915b2769fc80648e92d04e84ca059d, 用户编辑, null, null, null, null, 2, user:edit, 1, 1.0, 0, null, 1, 1, 0, 0, null, null, admin, 2020-05-14 00:00:00, null, null, 0, 0, 1, 0
<==        Row: 2008071144147316737, 2008068136860708865, 出版物管理, /602, 2, null, null, 1, null, 1, 1.0, 0, null, 1, 1, 0, 0, 0, null, admin, 2026-01-05 15:00:44, admin, 2026-01-08 21:01:23, 0, 0, 1, 0
<==        Row: 1a0811914300741f4e11838ff37a1d3a, 3f915b2769fc80648e92d04e84ca059d, 手机号禁用, null, null, null, null, 2, user:form:phone, 2, 1.0, 0, null, 0, 1, null, 0, null, null, admin, 2019-05-11 00:00:00, admin, 2019-05-11 00:00:00, 0, 0, 1, null
<==        Row: f2849d3814fc97993bfc519ae6bbf049, e41b69c57a941a3bbcce45032fe57605, AUTO复制表单, /online/copyform/:code, modules/online/cgform/OnlCgformCopyList, null, null, 1, null, 1, 1.0, 0, null, 1, 1, 0, 1, null, null, admin, 2019-08-29 00:00:00, null, null, 0, 0, 1, null
<==        Row: 2008070818400890882, 2008070671243735041, 导出数据模块, /405, 11, null, null, 1, null, 1, 1.0, 0, null, 1, 1, 0, 0, 0, null, admin, 2026-01-05 14:59:26, admin, 2026-01-08 21:00:49, 0, 0, 1, 0
<==        Row: 3f915b2769fc80648e92d04e84ca059d, d7d6e2e4e2934f2c9385a623fd98c6f3, 用户管理, /isystem/user, system/UserList, null, null, 1, null, null, 1.1, 0, null, 1, 0, 1, 0, 0, null, null, 2018-12-25 00:00:00, admin, 2022-10-14 00:00:00, 0, 0, null, 0
<==        Row: 190c2b43bec6a5f7a4194a85db67d96a, d7d6e2e4e2934f2c9385a623fd98c6f3, 角色管理, /isystem/roleUserList, system/RoleUserList, null, null, 1, null, null, 1.2, 0, null, 1, 1, 0, 0, null, null, admin, 2019-04-17 00:00:00, admin, 2019-12-25 00:00:00, 0, 0, null, 0
<==        Row: 1170592628746878978, d7d6e2e4e2934f2c9385a623fd98c6f3, 菜单管理, /isystem/newPermissionList, system/NewPermissionList, null, null, 1, null, 1, 1.3, 0, null, 1, 1, 0, 0, 0, null, admin, 2019-09-08 00:00:00, admin, 2022-10-14 00:00:00, 0, 0, 1, 0
<==        Row: 1280350452934307841, d7d6e2e4e2934f2c9385a623fd98c6f3, 租户管理, /isys/tenant, system/TenantList, null, null, 1, null, 1, 1.31, 0, null, 1, 1, 0, 0, null, null, admin, 2020-07-07 00:00:00, admin, 2021-08-16 00:00:00, 0, 0, 1, 0
<==        Row: 45c966826eeff4c99b8f8ebfe74511fc, d7d6e2e4e2934f2c9385a623fd98c6f3, 部门管理, /isystem/depart, system/DepartList, null, null, 1, null, null, 1.4, 0, null, 1, 1, 0, 0, null, null, admin, 2019-01-29 00:00:00, admin, 2019-12-25 00:00:00, 0, 0, null, 0
<==        Row: 2008069705744314370, 2008069453259796481, 设计视图设置, /306, 222, null, null, 1, null, 1, 2.0, 0, null, 1, 1, 0, 0, 0, null, admin, 2026-01-05 14:55:01, admin, 2026-01-08 20:59:57, 0, 0, 1, 0
<==        Row: 2008070905084571650, 2008070671243735041, 导出出版物模块, /406, 111, null, null, 1, null, 1, 2.0, 0, null, 1, 1, 0, 0, 0, null, admin, 2026-01-05 14:59:47, admin, 2026-01-08 21:00:57, 0, 0, 1, 0
<==        Row: 2008069375518371841, 2008068007130886145, DM离线编辑, /303, 1111, null, null, 1, null, 1, 2.0, 0, null, 1, 1, 0, 0, 0, null, admin, 2026-01-05 14:53:42, admin, 2026-01-08 20:59:28, 0, 0, 1, 0
<==        Row: 5c2f42277948043026b7a14692456828, d7d6e2e4e2934f2c9385a623fd98c6f3, 我的部门, /isystem/departUserList, system/DepartUserList, null, null, 1, null, null, 2.0, 0, null, 1, 1, 0, 0, null, null, admin, 2019-04-17 00:00:00, admin, 2019-12-25 00:00:00, 0, 0, null, 0
<==        Row: 2008068895991984130, 2008067884074201090, 项目信息码管理, /projectinformationcode, ietm/projectinformationcode/IetmProjectInformationCodeList, null, null, 1, null, 1, 2.0, 0, null, 1, 1, 0, 0, 0, null, admin, 2026-01-05 14:51:48, admin, 2026-01-12 10:30:54, 0, 0, 1, 0
<==        Row: 2008071223008620545, 2008068136860708865, 线性出版, /603, 1, null, null, 1, null, 1, 2.0, 0, , 1, 1, 0, 0, 0, null, admin, 2026-01-05 15:01:02, admin, 2026-01-08 21:01:31, 0, 0, 1, 0
<==        Row: 2008070671243735041, 2008068063753990145, 数据导出, /403, 22, null, null, 1, null, 1, 2.0, 0, null, 1, 0, 0, 0, 0, null, admin, 2026-01-05 14:58:51, admin, 2026-01-08 21:00:39, 0, 0, 1, 0
<==        Row: 2008068495435952129, 2008067776595161090, 手册预设模板管理, /standardtemplate, ietm/standardtemplatemanagement/StandardTemplateManagement, null, null, 1, null, 1, 2.0, 0, null, 1, 1, 0, 0, 0, null, admin, 2026-01-05 14:50:12, admin, 2026-01-12 11:32:20, 0, 0, 1, 0
<==        Row: 2008068972047298561, 2008067884074201090, 项目构型管理, /projectconfiguration, ietm/projectconfigurationmanagement/IetmProjectConfigurationManagementList, null, null, 1, null, 1, 3.0, 0, null, 1, 1, 0, 0, 0, null, admin, 2026-01-05 14:52:06, admin, 2026-02-10 11:38:25, 0, 0, 1, 0
<==        Row: 2008069453259796481, 2008068007130886145, 手册编辑设置, /304, 1111, null, null, 1, null, 1, 3.0, 0, null, 1, 0, 0, 0, 0, null, admin, 2026-01-05 14:54:00, admin, 2026-01-08 20:59:37, 0, 0, 1, 0
<==        Row: 2008071067370582018, 2008068063753990145, 数据交换记录, /408, 2, null, null, 1, null, 1, 3.0, 0, null, 1, 1, 0, 0, 0, null, admin, 2026-01-05 15:00:25, admin, 2026-01-08 21:01:11, 0, 0, 1, 0
<==        Row: 2008070986810585090, 2008070671243735041, 导出实体, /407, 111, null, null, 1, null, 1, 3.0, 0, , 1, 1, 0, 0, 0, null, admin, 2026-01-05 15:00:06, admin, 2026-01-08 21:01:03, 0, 0, 1, 0
<==        Row: 2008068602587836418, 2008067776595161090, 手册项目管理, /project, ietm/projectmanagement/IetmProjectList, null, null, 1, null, 1, 3.0, 0, null, 1, 1, 0, 0, 0, null, admin, 2026-01-05 14:50:38, admin, 2026-01-12 09:55:33, 0, 0, 1, 0
<==        Row: 2016742841506177025, 2008068007130886145, Edit, /IetmXmlEditor, ietm/ietmeditor/IetmXmlEditorPage, null, null, 1, null, 1, 4.0, 0, null, 1, 1, 0, 0, 0, null, admin, 2026-01-29 13:18:57, admin, 2026-01-29 14:25:28, 0, 0, 1, 0
<==        Row: 2008069040804524034, 2008067884074201090, 项目实体管理, /icnmanage, ietm/icnmanage/IetmIcnManageList, null, null, 1, null, 1, 4.0, 0, null, 1, 1, 0, 0, 0, null, admin, 2026-01-05 14:52:22, admin, 2026-02-06 11:27:24, 0, 0, 1, 0
<==        Row: 2008068672783708161, 2008067776595161090, 手册授权管理, /1005, ietm/ietmroleauth/IetmRoleauthList, null, null, 1, null, 1, 4.0, 0, null, 1, 1, 0, 0, 0, null, admin, 2026-01-05 14:50:54, admin, 2026-07-15 21:19:16, 0, 0, 1, 0
<==        Row: f1cb187abf927c88b89470d08615f5ac, d7d6e2e4e2934f2c9385a623fd98c6f3, 数据字典, /isystem/dict, system/DictList, null, null, 1, null, null, 5.0, 0, null, 1, 1, 0, 0, null, null, null, 2018-12-28 00:00:00, admin, 2020-02-23 00:00:00, 0, 0, null, 0
<==        Row: 2008069135360913409, 2008067884074201090, 项目数据模块管理, /ietmdatamodulemanagement, ietm/ietmdatamodulemanagement/IetmDataModuleList, null, null, 1, null, 1, 5.0, 0, null, 1, 1, 0, 0, 0, null, admin, 2026-01-05 14:52:45, admin, 2026-07-22 15:56:21, 0, 0, 1, 0
<==        Row: 1229674163694841857, e41b69c57a941a3bbcce45032fe57605, AUTO在线表单ERP, /online/cgformErpList/:code, modules/online/cgform/auto/erp/OnlCgformErpList, null, null, 1, null, 1, 5.0, 0, null, 1, 1, 0, 1, null, null, admin, 2020-02-18 00:00:00, admin, 2020-02-18 00:00:00, 0, 0, 1, 0
<==        Row: 1304032910990495745, e41b69c57a941a3bbcce45032fe57605, AUTO在线表单TAB, /online/cgformTabList/:code, modules/online/cgform/auto/tab/OnlCgformTabList, null, null, 1, null, 1, 8.0, 0, null, 1, 1, 0, 1, null, null, admin, 2020-09-10 00:00:00, admin, 2020-09-10 00:00:00, 0, 0, 1, 0
<==        Row: 22d6a3d39a59dd7ea9a30acfa6bfb0a5, e41b69c57a941a3bbcce45032fe57605, AUTO动态表单, /online/df/:table/:id, modules/online/cgform/auto/OnlineDynamicForm, null, null, 1, null, null, 9.0, 0, null, 0, 1, null, 1, null, null, admin, 2019-04-22 00:00:00, admin, 2019-04-30 00:00:00, 0, 0, null, null
<==        Row: fba41089766888023411a978d13c0aa4, e41b69c57a941a3bbcce45032fe57605, AUTO树表单列表, /online/cgformTreeList/:code, modules/online/cgform/auto/OnlCgformTreeList, null, null, 1, null, 1, 9.0, 0, null, 1, 1, null, 1, null, null, admin, 2019-05-21 00:00:00, admin, 2019-06-11 00:00:00, 0, 0, 1, null
<==        Row: 54097c6a3cf50fad0793a34beff1efdf, e41b69c57a941a3bbcce45032fe57605, AUTO在线表单, /online/cgformList/:code, modules/online/cgform/auto/OnlCgformAutoList, null, null, 1, null, null, 9.0, 0, null, 1, 1, null, 1, null, null, admin, 2019-03-19 00:00:00, admin, 2019-04-30 00:00:00, 0, 0, null, null
<==        Row: 9fe26464838de2ea5e90f2367e35efa0, e41b69c57a941a3bbcce45032fe57605, AUTO在线报表, /online/cgreport/:code, modules/online/cgreport/auto/OnlCgreportAutoList, onlineAutoList, null, 1, null, null, 9.0, 0, null, 1, 1, null, 1, null, null, admin, 2019-03-12 00:00:00, admin, 2019-04-30 00:00:00, 0, 0, null, null
<==        Row: 2008067776595161090, , 手册管理, /101, layouts/RouteView, null, null, 0, null, 1, 10.0, 0, copy, 1, 0, 0, 0, 0, null, admin, 2026-01-05 14:47:21, admin, 2026-01-05 15:29:10, 0, 0, 1, 0
<==        Row: 2008067884074201090, , 项目管理, /102, layouts/RouteView, null, null, 0, null, 1, 11.0, 0, audit, 1, 0, 0, 0, 0, null, admin, 2026-01-05 14:47:46, admin, 2026-01-05 15:26:04, 0, 0, 1, 0
<==        Row: 2008068007130886145, , 手册编辑, /301, layouts/RouteView, null, null, 0, null, 1, 12.0, 0, form, 1, 0, 0, 0, 0, null, admin, 2026-01-05 14:48:16, admin, 2026-01-08 20:59:10, 0, 0, 1, 0
<==        Row: 2008068063753990145, , 数据交换, /401, layouts/RouteView, null, null, 0, null, 1, 13.0, 0, interation, 1, 0, 0, 0, 0, null, admin, 2026-01-05 14:48:29, admin, 2026-01-08 21:00:07, 0, 0, 1, 0
<==        Row: 2008068136860708865, , 数据发布, /601, layouts/RouteView, null, null, 0, null, 1, 14.0, 0, global, 1, 0, 0, 0, 0, null, admin, 2026-01-05 14:48:47, admin, 2026-07-15 15:46:20, 0, 0, 1, 0
<==        Row: EFEDCB8751084A2DBB2471040E731073, , 浏览或编辑DM内容, /ietm/dm-content-editor/:id, ietm/ietmdatamodulemanagement/editor/DmContentEditor, DmContentEditor, null, 0, null, 1, 99.0, 0, null, 1, 1, 0, 1, 0, null, admin, 2026-08-01 17:28:57, admin, 2026-08-01 18:04:38, 0, 0, 1, 0
<==        Row: e41b69c57a941a3bbcce45032fe57605, , 在线开发, /online, layouts/RouteView, null, null, 0, null, null, 110.0, 0, cloud, 1, 0, 0, 0, 0, null, admin, 2019-03-08 00:00:00, admin, 2026-01-05 15:03:59, 0, 0, null, 0
<==        Row: d7d6e2e4e2934f2c9385a623fd98c6f3, , 系统管理, /isystem, layouts/RouteView, null, null, 0, null, null, 111.0, 0, setting, 1, 0, 0, 0, 0, null, null, 2018-12-25 00:00:00, admin, 2026-01-05 15:04:05, 0, 0, null, 0
<==        Row: 1235823781053313025, e41b69c57a941a3bbcce45032fe57605, AUTO在线内嵌子表, /online/cgformInnerTableList/:code, modules/online/cgform/auto/innerTable/OnlCgformInnerTableList, null, null, 1, null, 1, 999.0, 0, null, 1, 1, 0, 1, null, null, admin, 2020-03-06 00:00:00, admin, 2020-03-06 00:00:00, 0, 0, 1, 0
<==      Total: 50
Closing non transactional SqlSession [org.apache.ibatis.session.defaults.DefaultSqlSession@7b8e583b]
Creating a new SqlSession
SqlSession [org.apache.ibatis.session.defaults.DefaultSqlSession@7b77549a] was not registered for synchronization because synchronization is not active
original SQL: select role_code from sys_role where id in (select role_id from sys_user_role where user_id = (select id from sys_user where username=?))
SQL to parse, SQL: select role_code from sys_role where id in (select role_id from sys_user_role where user_id = (select id from sys_user where username=?))
parse the finished SQL: SELECT role_code FROM sys_role WHERE id IN (SELECT role_id FROM sys_user_role WHERE user_id = (SELECT id FROM sys_user WHERE username = ?))
JDBC Connection [dm.jdbc.driver.DmdbConnection@4daacdbb] will not be managed by Spring
==>  Preparing: SELECT role_code FROM sys_role WHERE id IN (SELECT role_id FROM sys_user_role WHERE user_id = (SELECT id FROM sys_user WHERE username = ?))
==> Parameters: admin(String)
<==    Columns: role_code
<==        Row: vue3
<==        Row: admin
<==      Total: 2
Closing non transactional SqlSession [org.apache.ibatis.session.defaults.DefaultSqlSession@7b77549a]
Creating a new SqlSession
SqlSession [org.apache.ibatis.session.defaults.DefaultSqlSession@7fceb5b] was not registered for synchronization because synchronization is not active
original SQL: SELECT  id,parent_id,name,perms,perms_type,icon,component,component_name,url,redirect,sort_no,menu_type,is_leaf AS leaf,is_route AS route,keep_alive,description,create_by,del_flag,rule_flag,hidden,hide_tab,create_time,update_by,update_time,status,always_show,internal_or_external  FROM sys_permission 
 
 WHERE (del_flag = ? AND menu_type = ?)
SQL to parse, SQL: SELECT  id,parent_id,name,perms,perms_type,icon,component,component_name,url,redirect,sort_no,menu_type,is_leaf AS leaf,is_route AS route,keep_alive,description,create_by,del_flag,rule_flag,hidden,hide_tab,create_time,update_by,update_time,status,always_show,internal_or_external  FROM sys_permission 
 
 WHERE (del_flag = ? AND menu_type = ?)
parse the finished SQL: SELECT id, parent_id, name, perms, perms_type, icon, component, component_name, url, redirect, sort_no, menu_type, is_leaf AS leaf, is_route AS route, keep_alive, description, create_by, del_flag, rule_flag, hidden, hide_tab, create_time, update_by, update_time, status, always_show, internal_or_external FROM sys_permission WHERE (del_flag = ? AND menu_type = ?)
JDBC Connection [dm.jdbc.driver.DmdbConnection@4daacdbb] will not be managed by Spring
==>  Preparing: SELECT id, parent_id, name, perms, perms_type, icon, component, component_name, url, redirect, sort_no, menu_type, is_leaf AS leaf, is_route AS route, keep_alive, description, create_by, del_flag, rule_flag, hidden, hide_tab, create_time, update_by, update_time, status, always_show, internal_or_external FROM sys_permission WHERE (del_flag = ? AND menu_type = ?)
==> Parameters: 0(Integer), 2(Integer)
<==    Columns: id, parent_id, name, perms, perms_type, icon, component, component_name, url, redirect, sort_no, menu_type, leaf, route, keep_alive, description, create_by, del_flag, rule_flag, hidden, hide_tab, create_time, update_by, update_time, status, always_show, internal_or_external
<==        Row: 1400726868091015170, 4148ec82b6acd69f470bea75fe41c357, demo添加功能, demo:add, 1, null, null, null, null, null, null, 2, 1, 1, 0, null, admin, 0, 0, 0, null, 2021-06-04 16:11:24, null, null, 1, 0, 0
<==        Row: 0ac2ad938963b6c6d1af25477d5b8b51, 8d4683aacaa997ab86b966b464360338, 代码生成按钮, online:goGenerateCode, 1, null, null, null, null, null, 1.0, 2, 1, 1, null, null, admin, 0, 0, 0, null, 2019-06-11 00:00:00, null, null, 1, 0, null
<==        Row: 1260928341675982849, 3f915b2769fc80648e92d04e84ca059d, 添加按钮, user:add, 1, null, null, null, null, null, 1.0, 2, 1, 1, 0, null, admin, 0, 0, 0, null, 2020-05-14 00:00:00, null, null, 1, 0, 0
<==        Row: 1260929666434318338, 3f915b2769fc80648e92d04e84ca059d, 用户编辑, user:edit, 1, null, null, null, null, null, 1.0, 2, 1, 1, 0, null, admin, 0, 0, 0, null, 2020-05-14 00:00:00, null, null, 1, 0, 0
<==        Row: 1260931366557696001, 3f915b2769fc80648e92d04e84ca059d, 表单性别可见, user:sex, 1, null, null, null, null, null, 1.0, 2, 1, 1, 0, null, admin, 0, 0, 0, null, 2020-05-14 00:00:00, admin, 2020-05-14 00:00:00, 1, 0, 0
<==        Row: 1260933542969458689, 3f915b2769fc80648e92d04e84ca059d, 禁用生日字段, user:form:birthday, 2, null, null, null, null, null, 1.0, 2, 1, 1, 0, null, admin, 0, 0, 0, null, 2020-05-14 00:00:00, null, null, 1, 0, 0
<==        Row: 1a0811914300741f4e11838ff37a1d3a, 3f915b2769fc80648e92d04e84ca059d, 手机号禁用, user:form:phone, 2, null, null, null, null, null, 1.0, 2, 1, 0, null, null, admin, 0, 0, 0, null, 2019-05-11 00:00:00, admin, 2019-05-11 00:00:00, 1, 0, null
<==      Total: 7
Closing non transactional SqlSession [org.apache.ibatis.session.defaults.DefaultSqlSession@7fceb5b]
Creating a new SqlSession
SqlSession [org.apache.ibatis.session.defaults.DefaultSqlSession@69618d3f] was not registered for synchronization because synchronization is not active
original SQL: SELECT id,project_id,project_name,sns,info_code,info_code_variant,ietm_location_code,learn_code,learn_event_code,year_of_change,seq_no,language_iso_code,country_iso_code,originator,originator_name,rpc,rpc_name,issue_no,in_work,version_type,tech_name,info_name,tech_name_en,info_name_en,cm_node_id,cm_node_name,cm_node_path,is_latest,status,checkout_user,checkout_time,checkin_time,checkout_dm_id,publish_date,workflow_instance_id,workflow_status,workflow_step,workflow_handler,dm_content,dm_type,security,ref_count,refed_count,remark,reason,create_by,create_time,update_by,update_time,version,sys_org_code,info_code_part,dmc_code,issue_date,security_classification,language,attribute_05 FROM ietm_data_module WHERE id=? 
SQL to parse, SQL: SELECT id,project_id,project_name,sns,info_code,info_code_variant,ietm_location_code,learn_code,learn_event_code,year_of_change,seq_no,language_iso_code,country_iso_code,originator,originator_name,rpc,rpc_name,issue_no,in_work,version_type,tech_name,info_name,tech_name_en,info_name_en,cm_node_id,cm_node_name,cm_node_path,is_latest,status,checkout_user,checkout_time,checkin_time,checkout_dm_id,publish_date,workflow_instance_id,workflow_status,workflow_step,workflow_handler,dm_content,dm_type,security,ref_count,refed_count,remark,reason,create_by,create_time,update_by,update_time,version,sys_org_code,info_code_part,dmc_code,issue_date,security_classification,language,attribute_05 FROM ietm_data_module WHERE id=? 
parse the finished SQL: SELECT id, project_id, project_name, sns, info_code, info_code_variant, ietm_location_code, learn_code, learn_event_code, year_of_change, seq_no, language_iso_code, country_iso_code, originator, originator_name, rpc, rpc_name, issue_no, in_work, version_type, tech_name, info_name, tech_name_en, info_name_en, cm_node_id, cm_node_name, cm_node_path, is_latest, status, checkout_user, checkout_time, checkin_time, checkout_dm_id, publish_date, workflow_instance_id, workflow_status, workflow_step, workflow_handler, dm_content, dm_type, security, ref_count, refed_count, remark, reason, create_by, create_time, update_by, update_time, version, sys_org_code, info_code_part, dmc_code, issue_date, security_classification, language, attribute_05 FROM ietm_data_module WHERE id = ?
JDBC Connection [dm.jdbc.driver.DmdbConnection@4daacdbb] will not be managed by Spring
==>  Preparing: SELECT id, project_id, project_name, sns, info_code, info_code_variant, ietm_location_code, learn_code, learn_event_code, year_of_change, seq_no, language_iso_code, country_iso_code, originator, originator_name, rpc, rpc_name, issue_no, in_work, version_type, tech_name, info_name, tech_name_en, info_name_en, cm_node_id, cm_node_name, cm_node_path, is_latest, status, checkout_user, checkout_time, checkin_time, checkout_dm_id, publish_date, workflow_instance_id, workflow_status, workflow_step, workflow_handler, dm_content, dm_type, security, ref_count, refed_count, remark, reason, create_by, create_time, update_by, update_time, version, sys_org_code, info_code_part, dmc_code, issue_date, security_classification, language, attribute_05 FROM ietm_data_module WHERE id = ?
==> Parameters: 2083905781513461761(String)
<==      Total: 0
Closing non transactional SqlSession [org.apache.ibatis.session.defaults.DefaultSqlSession@69618d3f]
Creating a new SqlSession
SqlSession [org.apache.ibatis.session.defaults.DefaultSqlSession@5e4574ed] was not registered for synchronization because synchronization is not active
JDBC Connection [dm.jdbc.driver.DmdbConnection@4daacdbb] will not be managed by Spring
==>  Preparing: insert into sys_log (id, log_type, log_content, method, operate_type, request_url, request_type, request_param, ip, userid, username, cost_time, create_time,create_by) values( ?, ?, ?, ?, ?, ?, ?, ?, ?, ?, ?, ?, ?, ? )
==> Parameters: 2085974105156198402(String), 2(Integer), DM内容编辑器-加载(String), org.jeecg.modules.ietm.ietmdatamodulemanagement.controller.IetmDmContentController.load()(String), 1(Integer), null, null,   id: 2083905781513461761(String), 0:0:0:0:0:0:0:1(String), admin(String), 管理员(String), 6(Long), 2026-08-08 14:19:16.851(Timestamp), null
<==    Updates: 1
Closing non transactional SqlSession [org.apache.ibatis.session.defaults.DefaultSqlSession@5e4574ed]
Creating a new SqlSession
SqlSession [org.apache.ibatis.session.defaults.DefaultSqlSession@104c7b9c] was not registered for synchronization because synchronization is not active
original SQL: SELECT  id,username,realname,password,salt,avatar,birthday,sex,email,phone,org_code,status,del_flag,work_no,post,telephone,create_by,create_time,update_by,update_time,activiti_sync,user_identity,depart_ids,rel_tenant_ids,client_id  FROM sys_user 
 WHERE  del_flag=0

AND (username = ?)
SQL to parse, SQL: SELECT  id,username,realname,password,salt,avatar,birthday,sex,email,phone,org_code,status,del_flag,work_no,post,telephone,create_by,create_time,update_by,update_time,activiti_sync,user_identity,depart_ids,rel_tenant_ids,client_id  FROM sys_user 
 WHERE  del_flag=0

AND (username = ?)
parse the finished SQL: SELECT id, username, realname, password, salt, avatar, birthday, sex, email, phone, org_code, status, del_flag, work_no, post, telephone, create_by, create_time, update_by, update_time, activiti_sync, user_identity, depart_ids, rel_tenant_ids, client_id FROM sys_user WHERE del_flag = 0 AND (username = ?)
JDBC Connection [dm.jdbc.driver.DmdbConnection@4daacdbb] will not be managed by Spring
==>  Preparing: SELECT id, username, realname, password, salt, avatar, birthday, sex, email, phone, org_code, status, del_flag, work_no, post, telephone, create_by, create_time, update_by, update_time, activiti_sync, user_identity, depart_ids, rel_tenant_ids, client_id FROM sys_user WHERE del_flag = 0 AND (username = ?)
==> Parameters: admin(String)
<==    Columns: id, username, realname, password, SALT, avatar, birthday, sex, email, phone, org_code, status, del_flag, work_no, post, telephone, create_by, create_time, update_by, update_time, activiti_sync, user_identity, depart_ids, rel_tenant_ids, client_id
<==        Row: e9ca23d68d884d4ebb19d07889727dae, admin, 管理员, cb362cfeefbf3d8d, RCGTeGiH, https://static.jeecg.com/temp/国炬软件logo_1606575029126.png, 2018-12-05 00:00:00, 1, jeecg@163.com, 18611111111, A01, 1, 0, 00001, 总经理, null, null, 2019-06-21 00:00:00, admin, 2022-10-17 00:00:00, 1, 2, <<BLOB>>, null, null
<==      Total: 1
Closing non transactional SqlSession [org.apache.ibatis.session.defaults.DefaultSqlSession@104c7b9c]
Creating a new SqlSession
SqlSession [org.apache.ibatis.session.defaults.DefaultSqlSession@190aa62e] was not registered for synchronization because synchronization is not active
original SQL: select * from sys_depart where id IN ( select dep_id from sys_user_depart where user_id = ? )
SQL to parse, SQL: select * from sys_depart where id IN ( select dep_id from sys_user_depart where user_id = ? )
parse the finished SQL: SELECT * FROM sys_depart WHERE id IN (SELECT dep_id FROM sys_user_depart WHERE user_id = ?)
JDBC Connection [dm.jdbc.driver.DmdbConnection@4daacdbb] will not be managed by Spring
==>  Preparing: SELECT * FROM sys_depart WHERE id IN (SELECT dep_id FROM sys_user_depart WHERE user_id = ?)
==> Parameters: e9ca23d68d884d4ebb19d07889727dae(String)
<==    Columns: ID, PARENT_ID, DEPART_NAME, DEPART_NAME_EN, DEPART_NAME_ABBR, DEPART_ORDER, DESCRIPTION, ORG_CATEGORY, ORG_TYPE, ORG_CODE, MOBILE, FAX, ADDRESS, MEMO, STATUS, DEL_FLAG, QYWX_IDENTIFIER, CREATE_BY, CREATE_TIME, UPDATE_BY, UPDATE_TIME
<==        Row: c6d7cb4deeac411cb3384b1b31278596, , 北京国炬软件, null, null, 0, null, 1, 1, A01, null, null, null, null, null, 0, null, admin, 2019-02-11 14:21:51, admin, 2020-05-02 18:21:27
<==      Total: 1
Closing non transactional SqlSession [org.apache.ibatis.session.defaults.DefaultSqlSession@190aa62e]
Creating a new SqlSession
SqlSession [org.apache.ibatis.session.defaults.DefaultSqlSession@5898e211] was not registered for synchronization because synchronization is not active
JDBC Connection [dm.jdbc.driver.DmdbConnection@4daacdbb] will not be managed by Spring
original SQL: UPDATE sys_user SET org_code = ? where username = ?
SQL to parse, SQL: UPDATE sys_user SET org_code = ? where username = ?
parse the finished SQL: UPDATE sys_user SET org_code = ? WHERE username = ?
==>  Preparing: UPDATE sys_user SET org_code = ? WHERE username = ?
==> Parameters: A01(String), admin(String)
<==    Updates: 1
Closing non transactional SqlSession [org.apache.ibatis.session.defaults.DefaultSqlSession@5898e211]
2026-08-08 14:19:29.556 [http-nio-9999-exec-9] [34mINFO [0;39m [36mo.j.c.modules.redis.writer.JeecgRedisCacheWriter:113[0;39m - redis remove key:sys:cache:encrypt:user::admin
Creating a new SqlSession
SqlSession [org.apache.ibatis.session.defaults.DefaultSqlSession@385e6c6a] was not registered for synchronization because synchronization is not active
original SQL: SELECT  id,type,dict_name,dict_code,description,del_flag,create_by,create_time,update_by,update_time  FROM sys_dict 
 WHERE del_flag=0
SQL to parse, SQL: SELECT  id,type,dict_name,dict_code,description,del_flag,create_by,create_time,update_by,update_time  FROM sys_dict 
 WHERE del_flag=0
parse the finished SQL: SELECT id, type, dict_name, dict_code, description, del_flag, create_by, create_time, update_by, update_time FROM sys_dict WHERE del_flag = 0
JDBC Connection [dm.jdbc.driver.DmdbConnection@4daacdbb] will not be managed by Spring
==>  Preparing: SELECT id, type, dict_name, dict_code, description, del_flag, create_by, create_time, update_by, update_time FROM sys_dict WHERE del_flag = 0
==> Parameters: 
<==    Columns: id, TYPE, dict_name, dict_code, description, del_flag, create_by, create_time, update_by, update_time
<==        Row: 0b5d19e1fce4b2e6647e6b4a17760c14, 0, 通告类型, msg_category, 消息类型1:通知公告2:系统消息, 0, admin, 2019-04-22 18:01:35, null, null
<==        Row: 1174509082208395266, 0, 职务职级, position_rank, 职务表职级字典, 0, admin, 2019-09-19 10:22:41, null, null
<==        Row: 1174511106530525185, 0, 机构类型, org_category, 机构类型 1公司，2部门 3岗位, 0, admin, 2019-09-19 10:30:43, null, null
<==        Row: 1178295274528845826, null, 表单权限策略, form_perms_type, , 0, admin, 2019-09-29 21:07:39, admin, 2019-09-29 21:08:26
<==        Row: 1199517671259906049, 0, 紧急程度, urgent_level, 日程计划紧急程度, 0, admin, 2019-11-27 10:37:53, null, null
<==        Row: 1199518099888414722, 0, 日程计划类型, eoa_plan_type, , 0, admin, 2019-11-27 10:39:36, null, null
<==        Row: 1199520177767587841, 0, 分类栏目类型, eoa_cms_menu_type, , 0, admin, 2019-11-27 10:47:51, admin, 2019-11-27 10:49:35
<==        Row: 1199525215290306561, 0, 日程计划状态, eoa_plan_status, , 0, admin, 2019-11-27 11:07:52, admin, 2019-11-27 11:10:11
<==        Row: 1209733563293962241, 0, 数据库类型, database_type, , 0, admin, 2019-12-25 15:12:12, null, null
<==        Row: 1232913193820581889, 0, Online表单业务分类, ol_form_biz_type, , 0, admin, 2020-02-27 14:19:46, admin, 2020-02-27 14:20:23
<==        Row: 1242298510024429569, 0, 提醒方式, remindMode, , 0, admin, 2020-03-24 11:53:40, admin, 2020-03-24 12:03:22
<==        Row: 1250687930947620866, null, 定时任务状态, quartz_status, , 0, admin, 2020-04-16 15:30:14, , null
<==        Row: 1280401766745718786, 0, 租户状态, tenant_status, 租户状态, 0, admin, 2020-07-07 15:22:25, null, null
<==        Row: 1356445645198135298, 0, 开关, is_open, , 0, admin, 2021-02-02 11:33:38, admin, 2021-02-02 15:28:12
<==        Row: 236e8a4baff0db8c62c00dd95632834f, 0, 同步工作流引擎, activiti_sync, 同步工作流引擎, 0, admin, 2019-05-15 15:27:33, null, null
<==        Row: 2e02df51611a4b9632828ab7e5338f00, 0, 权限策略, perms_type, 权限策略, 0, admin, 2019-04-26 18:26:55, null, null
<==        Row: 2f0320997ade5dd147c90130f7218c3e, 0, 推送类别, msg_type, , 0, admin, 2019-03-17 21:21:32, admin, 2019-03-26 19:57:45
<==        Row: 3486f32803bb953e7155dab3513dc68b, 0, 删除状态, del_flag, null, 0, admin, 2019-01-18 21:46:26, admin, 2019-03-30 11:17:11
<==        Row: 3d9a351be3436fbefb1307d4cfb49bf2, 1, 性别, sex, null, 0, null, 2019-01-04 14:56:32, admin, 2019-03-30 11:28:27
<==        Row: 4274efc2292239b6f000b153f50823ff, 0, 全局权限策略, global_perms_type, 全局权限策略, 0, admin, 2019-05-10 17:54:05, null, null
<==        Row: 4c03fca6bf1f0299c381213961566349, 0, Online图表展示模板, online_graph_display_template, Online图表展示模板, 0, admin, 2019-04-12 17:28:50, null, null
<==        Row: 4c753b5293304e7a445fd2741b46529d, 1, 字典状态, dict_item_status, null, 0, admin, 2020-06-18 23:18:42, admin, 2019-03-30 19:33:52
<==        Row: 4d7fec1a7799a436d26d02325eff295e, 0, 优先级, priority, 优先级, 0, admin, 2019-03-16 17:03:34, admin, 2019-04-16 17:39:23
<==        Row: 4e4602b3e3686f0911384e188dc7efb4, 0, 条件规则, rule_conditions, , 0, admin, 2019-04-01 10:15:03, admin, 2019-04-01 10:30:47
<==        Row: 4f69be5f507accea8d5df5f11346181a, 0, 发送消息类型, msgType, null, 0, admin, 2019-04-11 14:27:09, null, null
<==        Row: 68168534ff5065a152bfab275c2136f8, 0, 有效无效状态, valid_status, 有效无效状态, 0, admin, 2020-09-26 19:21:14, admin, 2019-04-26 19:21:23
<==        Row: 6b78e3f59faec1a4750acff08030a79b, 0, 用户类型, user_type, null, 0, null, 2019-01-04 14:59:01, admin, 2019-03-18 23:28:18
<==        Row: 72cce0989df68887546746d8f09811aa, 0, Online表单类型, cgform_table_type, , 0, admin, 2019-01-27 10:13:02, admin, 2019-03-30 11:37:36
<==        Row: 78bda155fe380b1b3f175f1e88c284c6, 0, 流程状态, bpm_status, 流程状态, 0, admin, 2019-05-09 16:31:52, null, null
<==        Row: 83bfb33147013cc81640d5fd9eda030c, 1, 日志类型, log_type, null, 0, admin, 2019-03-18 23:22:19, null, null
<==        Row: 845da5006c97754728bf48b6a10f79cc, 0, 状态, status, null, 0, admin, 2019-03-18 21:45:25, admin, 2019-03-18 21:58:25
<==        Row: 880a895c98afeca9d9ac39f29e67c13e, 0, 操作类型, operate_type, 操作类型, 0, admin, 2019-07-22 10:54:29, null, null
<==        Row: 8dfe32e2d29ea9430a988b3b558bf233, 0, 发布状态, send_status, 发布状态, 0, admin, 2019-04-16 17:40:42, null, null
<==        Row: a7adbcd86c37f7dbc9b66945c82ef9e6, 0, 1是0否, yn, , 0, admin, 2019-05-22 19:29:29, null, null
<==        Row: a9d9942bd0eccb6e89de92d130ec4c4a, 0, 消息发送状态, msgSendStatus, null, 0, admin, 2019-04-12 18:18:17, null, null
<==        Row: ac2f7c0c5c5775fcea7e2387bcb22f01, 1, 菜单类型, menu_type, null, 0, admin, 2020-12-18 23:24:32, admin, 2019-04-01 15:27:06
<==        Row: ad7c65ba97c20a6805d5dcdf13cdaf36, 0, onlineT类型, ceshi_online, null, 0, admin, 2019-03-22 16:31:49, admin, 2019-03-22 16:34:16
<==        Row: bd1b8bc28e65d6feefefb6f3c79f42fd, 0, Online图表数据类型, online_graph_data_type, Online图表数据类型, 0, admin, 2019-04-12 17:24:24, admin, 2019-04-12 17:24:57
<==        Row: c36169beb12de8a71c8683ee7c28a503, 0, 部门状态, depart_status, null, 0, admin, 2019-03-18 21:59:51, null, null
<==        Row: c5a14c75172783d72cbee6ee7f5df5d1, 0, Online图表类型, online_graph_type, Online图表类型, 0, admin, 2019-04-12 17:04:06, null, null
<==        Row: d6e1152968b02d69ff358c75b48a6ee1, 0, 流程类型, bpm_process_type, null, 0, admin, 2021-02-22 19:26:54, admin, 2019-03-30 18:14:44
<==        Row: fc6cd58fde2e8481db10d3a1e68ce70c, 1, 用户状态, user_status, null, 0, admin, 2019-03-18 21:57:25, admin, 2019-03-18 23:11:58
<==        Row: 2008794656772255745, 0, 密级, security, 密级（ietm项目用）, 0, admin, 2026-01-07 14:55:42, null, null
<==        Row: 2009149820169641986, 0, 标准版本, standard_type, 标准版本, 0, admin, 2026-01-08 14:27:00, admin, 2026-07-13 19:39:51
<==        Row: 2009158440265474049, 0, 装备类型, equipment_type, , 0, admin, 2026-01-08 15:01:15, admin, 2026-01-08 15:20:23
<==        Row: 9e203d99a790493aa44a964b28d13c7f, 0, 机构评级, agency_rating, 机构评级字典, 0, admin, 2026-04-27 22:23:33, admin, 2026-04-27 22:23:33
<==        Row: 52db14900acf4ef386ed34c0e2030afc, 1, 项目状态, project_status, 项目状态字典, 0, admin, 2026-04-27 22:24:16, null, null
<==        Row: 1750000000011, 0, DM状态, dm_status, IETM数据模块状态, 0, null, 2026-07-22 13:57:03, null, null
<==        Row: 1750000000012, 0, 工作流状态, workflow_status, IETM工作流状态, 0, null, 2026-07-22 13:57:09, null, null
<==        Row: 1750000000013, 0, 语言代码, language, ISO 639-1语言代码, 0, null, 2026-07-22 13:57:16, null, null
<==        Row: 1750000000014, 0, 国家代码, country, ISO 3166-1国家代码, 0, null, 2026-07-22 13:57:22, null, null
<==        Row: 1750000000015, 0, 技术名称, tech_name, IETM技术名称（DMC第9段）, 0, null, 2026-07-22 13:57:28, null, null
<==        Row: 1750000000016, 0, 信息名称, info_name, IETM信息名称（DMC第10段）, 0, null, 2026-07-22 13:57:38, null, null
<==        Row: 1750000000017, 0, 变体代码, variant_code, IETM变体代码（DMC第11段A）, 0, null, 2026-07-22 13:57:45, null, null
<==        Row: 1750000000018, 0, 拆卸代码, disassy_code, IETM拆卸代码（DMC第11段B）, 0, null, 2026-07-22 13:57:49, null, null
<==        Row: 1750000000019, 0, 发布类型, issue_type, IETM发布类型（DMC第11段C）, 0, null, 2026-07-22 13:57:55, null, null
<==        Row: 1750000000010, 0, DM类型, dm_type, IETM数据模块类型分类, 0, null, 2026-07-22 13:58:22, null, null
<==        Row: 1815001, 0, DM签出状态, dm_checkout_status, 数据模块签出状态：未签出/已签出, 0, admin, 2026-07-22 15:22:50, null, null
<==        Row: 1815002, 0, DM技术名称类型, dm_tech_name_type, 数据模块技术名称分类, 0, admin, 2026-07-22 15:22:50, null, null
<==        Row: 1815003, 0, DM信息名称类型, dm_info_name_type, 数据模块信息名称分类, 0, admin, 2026-07-22 15:22:50, null, null
<==        Row: 1815004, 0, DM责任伙伴公司, dm_rpc_type, 责任伙伴公司编号, 0, admin, 2026-07-22 15:22:50, null, null
<==        Row: 1815005, 0, DM更新控制状态, dm_update_control, 数据模块更新控制状态, 0, admin, 2026-07-22 15:22:51, null, null
<==        Row: 1815006, 0, DM应用范围, dm_applicability, 数据模块适用范围, 0, admin, 2026-07-22 15:22:51, null, null
<==        Row: 1815007, 0, DM发布模式, dm_publish_mode, 数据模块发布模式, 0, admin, 2026-07-22 15:22:51, null, null
<==        Row: 1815008, 0, DM校验级别, dm_validate_level, 数据模块校验级别, 0, admin, 2026-07-22 15:22:51, null, null
<==        Row: 1815009, 0, DM复制类型, dm_copy_type, 数据模块复制类型, 0, admin, 2026-07-22 15:22:51, null, null
<==        Row: 1815010, 0, DM版本操作类型, dm_version_action, 数据模块版本操作记录, 0, admin, 2026-07-22 15:22:51, null, null
<==        Row: 1815011, 0, DM文件类型, dm_file_type, 数据模块资源文件类型, 0, admin, 2026-07-22 15:22:51, null, null
<==        Row: 1815012, 0, DM工作流步骤, dm_workflow_step, 数据模块工作流步骤, 0, admin, 2026-07-22 15:22:51, null, null
<==        Row: 1815013, 0, DM引用状态, dm_reference_status, 数据模块引用关系状态, 0, admin, 2026-07-22 15:22:51, null, null
<==        Row: dm_location_code_001, 0, DM位置码, dm_location_code, IETM位置码（A/B/C/D/T）S1000D标准, 0, admin, 2026-07-23 09:10:21, null, null
<==        Row: dm_version_type_001, 0, DM版本类型, dm_version_type, 版本类型（草稿/已发布）, 0, admin, 2026-07-23 09:10:53, null, null
<==        Row: dm_version_action_type_001, 0, DM版本操作类型, dm_version_action_type, 版本操作（inwork/issue）, 0, admin, 2026-07-23 09:11:40, null, null
<==        Row: dm_ref_type_001, 0, DM引用类型, dm_ref_type, DM引用关系类型（dmRef/dmlRef/pmRef）, 0, admin, 2026-07-23 09:11:55, null, null
<==        Row: 7FAAEB0E8EBE406CBCC3A1FD68AE1F36, 0, DM密级, dm_security, 数据模块密级（S1000D标准）, 0, admin, 2026-07-25 00:11:14, null, null
<==      Total: 75
Closing non transactional SqlSession [org.apache.ibatis.session.defaults.DefaultSqlSession@385e6c6a]
Creating a new SqlSession
SqlSession [org.apache.ibatis.session.defaults.DefaultSqlSession@4b3d7066] was not registered for synchronization because synchronization is not active
original SQL: SELECT  id,dict_id,item_text,item_value,description,sort_order,status,create_by,create_time,update_by,update_time  FROM sys_dict_item 
 
 WHERE (status = ?) ORDER BY sort_order ASC
SQL to parse, SQL: SELECT  id,dict_id,item_text,item_value,description,sort_order,status,create_by,create_time,update_by,update_time  FROM sys_dict_item 
 
 WHERE (status = ?) ORDER BY sort_order ASC
parse the finished SQL: SELECT id, dict_id, item_text, item_value, description, sort_order, status, create_by, create_time, update_by, update_time FROM sys_dict_item WHERE (status = ?) ORDER BY sort_order ASC
JDBC Connection [dm.jdbc.driver.DmdbConnection@4daacdbb] will not be managed by Spring
==>  Preparing: SELECT id, dict_id, item_text, item_value, description, sort_order, status, create_by, create_time, update_by, update_time FROM sys_dict_item WHERE (status = ?) ORDER BY sort_order ASC
==> Parameters: 1(Integer)
<==    Columns: id, dict_id, item_text, item_value, description, sort_order, status, create_by, create_time, update_by, update_time
<==        Row: f37f90c496ec9841c4c326b065e00bb2, 83bfb33147013cc81640d5fd9eda030c, 登录日志, 1, null, null, 1, admin, 2019-03-18 23:22:37, null, null
<==        Row: f2a7920421f3335afdf6ad2b342f6b5d, 845da5006c97754728bf48b6a10f79cc, 冻结, 2, null, null, 1, admin, 2019-03-18 21:46:02, null, null
<==        Row: b2a8b4bb2c8e66c2c4b1bb086337f393, 3486f32803bb953e7155dab3513dc68b, 正常, 0, null, null, 1, admin, 2022-10-18 21:46:48, admin, 2019-03-28 22:22:20
<==        Row: aa0d8a8042a18715a17f0a888d360aa4, ac2f7c0c5c5775fcea7e2387bcb22f01, 一级菜单, 0, null, null, 1, admin, 2019-03-18 23:24:52, null, null
<==        Row: 86f19c7e0a73a0bae451021ac05b99dd, ac2f7c0c5c5775fcea7e2387bcb22f01, 子菜单, 1, null, null, 1, admin, 2019-03-18 23:25:27, null, null
<==        Row: 81fb2bb0e838dc68b43f96cc309f8257, fc6cd58fde2e8481db10d3a1e68ce70c, 冻结, 2, null, null, 1, admin, 2019-03-18 23:30:37, null, null
<==        Row: 7ccf7b80c70ee002eceb3116854b75cb, ac2f7c0c5c5775fcea7e2387bcb22f01, 按钮权限, 2, null, null, 1, admin, 2019-03-18 23:25:40, null, null
<==        Row: 78ea6cadac457967a4b1c4eb7aaa418c, fc6cd58fde2e8481db10d3a1e68ce70c, 正常, 1, null, null, 1, admin, 2019-03-18 23:30:28, null, null
<==        Row: 7688469db4a3eba61e6e35578dc7c2e5, c36169beb12de8a71c8683ee7c28a503, 启用, 1, null, null, 1, admin, 2019-03-18 23:29:28, null, null
<==        Row: 75b260d7db45a39fc7f21badeabdb0ed, c36169beb12de8a71c8683ee7c28a503, 不启用, 0, null, null, 1, admin, 2019-03-18 23:29:41, admin, 2019-03-18 23:29:54
<==        Row: 700e9f030654f3f90e9ba76ab0713551, 6b78e3f59faec1a4750acff08030a79b, 333, 333, null, null, 1, admin, 2019-02-21 19:59:47, null, null
<==        Row: 5b65a88f076b32e8e69d19bbaadb52d5, 2f0320997ade5dd147c90130f7218c3e, 全体用户, ALL, null, null, 1, admin, 2020-10-17 21:22:43, admin, 2019-03-28 22:17:09
<==        Row: 4f05fb5376f4c61502c5105f52e4dd2b, 83bfb33147013cc81640d5fd9eda030c, 操作日志, 2, null, null, 1, admin, 2019-03-18 23:22:49, null, null
<==        Row: 43d2295b8610adce9510ff196a49c6e9, 845da5006c97754728bf48b6a10f79cc, 正常, 1, null, null, 1, admin, 2019-03-18 21:45:51, null, null
<==        Row: 0c9532916f5cd722017b46bc4d953e41, 2f0320997ade5dd147c90130f7218c3e, 指定用户, USER, null, null, 1, admin, 2019-03-17 21:22:19, admin, 2019-03-17 21:22:28
<==        Row: 05a2e732ce7b00aa52141ecc3e330b4e, 3486f32803bb953e7155dab3513dc68b, 已删除, 1, null, null, 1, admin, 2025-10-18 21:46:56, admin, 2019-03-28 22:23:20
<==        Row: 8c618902365ca681ebbbe1e28f11a548, 4c753b5293304e7a445fd2741b46529d, 启用, 1, , 0, 1, admin, 2020-07-18 23:19:27, admin, 2019-05-17 14:51:18
<==        Row: 1750000001801, 1750000000018, 拆卸到0级, 0, 完全拆卸, 1, 1, null, 2026-07-22 13:57:50, null, null
<==        Row: 1ce390c52453891f93514c1bd2795d44, ad7c65ba97c20a6805d5dcdf13cdaf36, 000, 00, null, 1, 1, admin, 2019-03-22 16:34:34, null, null
<==        Row: df168368dcef46cade2aadd80100d8aa, 3d9a351be3436fbefb1307d4cfb49bf2, 男, 1, null, 1, 1, null, 2027-08-04 14:56:49, admin, 2019-03-23 22:44:44
<==        Row: 1174509601047994369, 1174509082208395266, 员级, 1, , 1, 1, admin, 2019-09-19 10:24:45, admin, 2019-09-23 11:46:39
<==        Row: 41d7aaa40c9b61756ffb1f28da5ead8e, 0b5d19e1fce4b2e6647e6b4a17760c14, 通知公告, 1, null, 1, 1, admin, 2019-04-22 18:01:57, null, null
<==        Row: 1280401815068295170, 1280401766745718786, 正常, 1, , 1, 1, admin, 2020-07-07 15:22:36, null, null
<==        Row: 66c952ae2c3701a993e7db58f3baf55e, 4e4602b3e3686f0911384e188dc7efb4, 大于, >, 大于, 1, 1, admin, 2019-04-01 10:45:46, admin, 2019-04-01 17:48:29
<==        Row: 1199517914017832962, 1199517671259906049, 重要, 2, , 1, 1, admin, 2019-11-27 10:38:51, null, null
<==        Row: 1815008001, 1815008, 基础校验, basic, DMC格式校验, 1, 1, null, 2026-07-22 15:22:51, null, null
<==        Row: 1356445705549975553, 1356445645198135298, 是, Y, , 1, 1, admin, 2021-02-02 11:33:52, null, null
<==        Row: 9a96c4a4e4c5c9b4e4d0cbf6eb3243cc, 4c753b5293304e7a445fd2741b46529d, 不启用, 0, null, 1, 1, admin, 2019-03-18 23:19:53, null, null
<==        Row: 147c48ff4b51545032a9119d13f3222a, d6e1152968b02d69ff358c75b48a6ee1, 测试流程, test, null, 1, 1, admin, 2019-03-22 19:27:05, null, null
<==        Row: 1750000001301, 1750000000013, zh, zh, 简体中文, 1, 1, null, 2026-07-22 13:57:16, admin, 2026-08-07 20:13:27
<==        Row: 1815013001, 1815013, 有效, valid, 引用有效, 1, 1, null, 2026-07-22 15:22:52, null, null
<==        Row: 1250688147579228161, 1250687930947620866, 正常, 0, , 1, 1, admin, 2020-04-16 15:31:05, , null
<==        Row: 1199518186144276482, 1199518099888414722, 日常记录, 1, , 1, 1, admin, 2019-11-27 10:39:56, null, null
<==        Row: b9fbe2a3602d4a27b45c100ac5328484, 78bda155fe380b1b3f175f1e88c284c6, 待提交, 1, 待提交, 1, 1, admin, 2019-05-09 16:32:35, null, null
<==        Row: 337ea1e401bda7233f6258c284ce4f50, bd1b8bc28e65d6feefefb6f3c79f42fd, JSON, json, null, 1, 1, admin, 2019-04-12 17:26:33, null, null
<==        Row: 2009158497136041986, 2009158440265474049, 通用, 0, , 1, 1, admin, 2026-01-08 15:01:29, admin, 2026-01-09 14:51:56
<==        Row: dm_ft_xml, dm_file_type_001, XML文件, xml, S1000D XML数据模块, 1, 1, admin, 2026-07-23 09:13:02, null, null
<==        Row: dm_co_in, dm_checkout_status_001, 签入, 0, DM已签入，可供他人签出, 1, 1, admin, 2026-07-23 09:12:06, null, null
<==        Row: 1815009001, 1815009, 基本复制, basic, 仅复制基本属性, 1, 1, null, 2026-07-22 15:22:51, null, null
<==        Row: 1815010001, 1815010, 创建, create, 创建新DM, 1, 1, null, 2026-07-22 15:22:51, null, null
<==        Row: dm_ver_0, dm_version_type_001, 草稿版本, 0, In-Work版本，未正式发布, 1, 1, admin, 2026-07-23 09:12:06, null, null
<==        Row: 83250269359855501ec4e9c0b7e21596, 4274efc2292239b6f000b153f50823ff, 可见/可访问(授权后可见/可访问), 1, , 1, 1, admin, 2019-05-10 17:54:51, null, null
<==        Row: 1750000001001, 1750000000010, 描述性DM, description, 描述性数据模块, 1, 1, null, 2026-07-22 13:58:22, admin, 2026-08-01 23:00:56
<==        Row: 1199525468672405505, 1199525215290306561, 未开始, 0, , 1, 1, admin, 2019-11-27 11:08:52, null, null
<==        Row: 1750000001701, 1750000000017, A型, A, A型变体, 1, 1, null, 2026-07-22 13:57:45, null, null
<==        Row: 1199525506429530114, 1199525215290306561, 已完成, 2, , 1, 1, admin, 2019-11-27 11:09:02, admin, 2019-11-27 11:10:02
<==        Row: 1199517884758368257, 1199517671259906049, 一般, 1, , 1, 1, admin, 2019-11-27 10:38:44, null, null
<==        Row: 69cacf64e244100289ddd4aa9fa3b915, a9d9942bd0eccb6e89de92d130ec4c4a, 未发送, 0, null, 1, 1, admin, 2019-04-12 18:19:23, null, null
<==        Row: 1750000001601, 1750000000016, 描述, 00, 描述信息, 1, 1, null, 2026-07-22 13:57:38, null, null
<==        Row: dm_pub_draft, dm_publish_mode_001, 草稿发布, draft, 发布为草稿模式, 1, 1, admin, 2026-07-23 09:19:47, null, null
<==        Row: dm_copy_attr, dm_copy_type_001, 仅复制属性, 0, 创建新DM，仅复制元数据, 1, 1, admin, 2026-07-23 09:21:33, null, null
<==        Row: 222705e11ef0264d4214affff1fb4ff9, 4f69be5f507accea8d5df5f11346181a, 文本, 1, , 1, 1, admin, 2023-02-28 10:50:36, admin, 2022-07-04 16:29:21
<==        Row: 538fca35afe004972c5f3947c039e766, 2e02df51611a4b9632828ab7e5338f00, 显示, 1, 显示, 1, 1, admin, 2025-03-26 18:27:13, admin, 2019-04-26 18:39:07
<==        Row: 096c2e758d823def3855f6376bc736fb, bd1b8bc28e65d6feefefb6f3c79f42fd, SQL, sql, null, 1, 1, admin, 2019-04-12 17:26:26, null, null
<==        Row: 51222413e5906cdaf160bb5c86fb827c, a7adbcd86c37f7dbc9b66945c82ef9e6, 是, 1, , 1, 1, admin, 2019-05-22 19:29:45, null, null
<==        Row: 1815002001, 1815002, 系统描述, 01, 系统级描述性文档, 1, 1, null, 2026-07-22 15:22:50, null, null
<==        Row: 2009149856358096897, 2009149820169641986, GJB6600, GJB6600, , 1, 1, admin, 2026-01-08 14:27:09, admin, 2026-07-16 10:02:57
<==        Row: 1815005001, 1815005, 可更新, 0, 允许更新修改, 1, 1, null, 2026-07-22 15:22:51, null, null
<==        Row: 1174511197735665665, 1174511106530525185, 公司, 1, 公司, 1, 1, admin, 2019-09-19 10:31:05, null, null
<==        Row: dm_ref_st_valid, dm_reference_status_001, 有效, 1, 引用关系有效, 1, 1, admin, 2026-07-23 09:13:13, null, null
<==        Row: 1242300814383435777, 1242298510024429569, 邮件提醒, 1, , 1, 1, admin, 2020-03-24 12:02:49, admin, 2020-03-30 18:21:26
<==        Row: c5700a71ad08994d18ad1dacc37a71a9, a7adbcd86c37f7dbc9b66945c82ef9e6, 否, 0, , 1, 1, admin, 2019-05-22 19:29:55, null, null
<==        Row: 1280401847607705602, 1280401766745718786, 冻结, 0, , 1, 1, admin, 2020-07-07 15:22:44, null, null
<==        Row: 7050c1522702bac3be40e3b7d2e1dfd8, c5a14c75172783d72cbee6ee7f5df5d1, 柱状图, bar, null, 1, 1, admin, 2019-04-12 17:05:17, null, null
<==        Row: dm_upd_0, dm_update_control_001, 无更新控制, 0, 无特殊更新控制, 1, 1, admin, 2026-07-23 09:12:06, null, null
<==        Row: 1232913424813486081, 1232913193820581889, 官方示例, demo, , 1, 1, admin, 2020-02-27 14:20:42, admin, 2020-02-27 14:21:37
<==        Row: 1356445754212290561, 1356445645198135298, 否, N, , 1, 1, admin, 2021-02-02 11:34:04, null, null
<==        Row: 1209733775114702850, 1209733563293962241, MySQL5.5, 1, , 1, 1, admin, 2019-12-25 15:13:02, null, null
<==        Row: 1815007001, 1815007, 草稿模式, draft, 草稿编辑阶段, 1, 1, null, 2026-07-22 15:22:51, null, null
<==        Row: f0162f4cc572c9273f3e26b2b4d8c082, ad7c65ba97c20a6805d5dcdf13cdaf36, booostrap, 1, null, 1, 1, admin, 2021-08-22 16:32:04, admin, 2019-03-22 16:33:57
<==        Row: 6c682d78ddf1715baf79a1d52d2aa8c2, 72cce0989df68887546746d8f09811aa, 单表, 1, null, 1, 1, admin, 2019-03-27 10:13:29, null, null
<==        Row: 1750000001901, 1750000000019, 正式发布, N, 正式发布版本, 1, 1, null, 2026-07-22 13:57:55, null, null
<==        Row: 1750000001101, 1750000000011, 草稿, draft, 草稿状态, 1, 1, null, 2026-07-22 13:57:03, null, null
<==        Row: 1199520817285701634, 1199520177767587841, 列表, 1, , 1, 1, admin, 2019-11-27 10:50:24, null, null
<==        Row: 1815011001, 1815011, XML文件, xml, XML格式文档, 1, 1, null, 2026-07-22 15:22:51, null, null
<==        Row: 6d4e26e78e1a09699182e08516c49fc4, 4d7fec1a7799a436d26d02325eff295e, 高, H, 高, 1, 1, admin, 2019-04-16 17:04:24, null, null
<==        Row: 1750000001401, 1750000000014, CN, CN, 中华人民共和国, 1, 1, null, 2026-07-22 13:57:22, admin, 2026-07-25 14:16:06
<==        Row: 1178295639554928641, 1178295274528845826, 可见(未授权不可见), 1, , 1, 1, admin, 2019-09-29 21:09:06, admin, 2019-09-29 21:09:24
<==        Row: 1199518214858481666, 1199518099888414722, 本周工作, 2, , 1, 1, admin, 2019-11-27 10:40:03, null, null
<==        Row: 1815003001, 1815003, 概述, 001, 概述性内容, 1, 1, null, 2026-07-22 15:22:50, null, null
<==        Row: 1815006001, 1815006, 全部适用, all, 适用于所有型号, 1, 1, null, 2026-07-22 15:22:51, null, null
<==        Row: 1174509082208395266, 1174511106530525185, 岗位, 3, 岗位, 1, 1, admin, 2019-09-19 10:31:16, , null
<==        Row: ba27737829c6e0e582e334832703d75e, 236e8a4baff0db8c62c00dd95632834f, 同步, 1, 同步, 1, 1, admin, 2019-05-15 15:28:15, null, null
<==        Row: 6937c5dde8f92e9a00d4e2ded9198694, ad7c65ba97c20a6805d5dcdf13cdaf36, easyui, 3, null, 1, 1, admin, 2019-03-22 16:32:15, null, null
<==        Row: dm_type_desc, dm_type_001, 描述性DM, descriptive, 描述静态信息（部件、系统介绍）, 1, 1, admin, 2026-07-23 09:12:06, null, null
<==        Row: 1250688201064992770, 1250687930947620866, 停止, -1, , 1, 1, admin, 2020-04-16 15:31:18, , null
<==        Row: b029a41a851465332ee4ee69dcf0a4c2, 0b5d19e1fce4b2e6647e6b4a17760c14, 系统消息, 2, null, 1, 1, admin, 2019-02-22 18:02:08, admin, 2019-04-22 18:02:13
<==        Row: dm_info_desc, dm_info_name_type_001, 描述, description, 描述性信息, 1, 1, admin, 2026-07-23 09:12:06, null, null
<==        Row: 66EF34864A884E9295B1B353DC1CA0D4, 7FAAEB0E8EBE406CBCC3A1FD68AE1F36, 非密, unclassified, Unclassified, 1, 1, admin, 2026-07-25 00:11:24, null, null
<==        Row: b5f3bd5f66bb9a83fecd89228c0d93d1, 68168534ff5065a152bfab275c2136f8, 无效, 0, 无效, 1, 1, admin, 2019-04-26 19:21:49, null, null
<==        Row: 1750000001501, 1750000000015, 安装, 00, 安装相关技术, 1, 1, null, 2026-07-22 13:57:28, null, null
<==        Row: 1174511244036587521, 1174511106530525185, 部门, 2, 部门, 1, 1, admin, 2019-09-19 10:31:16, null, null
<==        Row: 1815004001, 1815004, AVIC-中航工业, AVIC, 中国航空工业集团, 1, 1, null, 2026-07-22 15:22:50, null, null
<==        Row: 034021b8a8404472b13cec49608ceb5d, 52db14900acf4ef386ed34c0e2030afc, 无效, 0, , 1, 1, admin, 2026-04-27 22:25:13, admin, 2026-07-15 10:27:51
<==        Row: 2008794721943351298, 2008794656772255745, 公开, 1, , 1, 1, admin, 2026-01-07 14:55:58, admin, 2026-01-07 14:56:28
<==        Row: dm_ref_dm, dm_ref_type_001, DM引用, dmRef, 数据模块之间的引用, 1, 1, admin, 2026-07-23 09:22:32, null, null
<==        Row: 333e6b2196e01ef9a5f76d74e86a6e33, 8dfe32e2d29ea9430a988b3b558bf233, 未发布, 0, 未发布, 1, 1, admin, 2019-04-16 17:41:12, null, null
<==        Row: 1199518235943247874, 1199518099888414722, 下周计划, 3, , 1, 1, admin, 2019-11-27 10:40:08, null, null
<==        Row: dm_va_inwork, dm_version_action_type_001, In-Work（草稿）, inwork, 创建草稿版本, 1, 1, admin, 2026-07-23 09:21:51, null, null
<==        Row: 1815012001, 1815012, 起草, draft, 起草阶段, 1, 1, null, 2026-07-22 15:22:51, null, null
<==        Row: 1199525490575060993, 1199525215290306561, 进行中, 1, , 1, 1, admin, 2019-11-27 11:08:58, null, null
<==        Row: c53da022b9912e0aed691bbec3c78473, 880a895c98afeca9d9ac39f29e67c13e, 查询, 1, , 1, 1, admin, 2019-07-22 10:54:51, null, null
<==        Row: 1199517941339529217, 1199517671259906049, 紧急, 3, , 1, 1, admin, 2019-11-27 10:38:58, null, null
<==        Row: dm_wf_draft, dm_workflow_step_001, 起草, draft, 起草阶段, 1, 1, admin, 2026-07-23 09:13:06, null, null
<==        Row: dm_status_0, dm_status_001, 已删除, 0, DM已标记删除, 1, 1, admin, 2026-07-23 09:12:06, null, null
<==        Row: fcec03570f68a175e1964808dc3f1c91, 4c03fca6bf1f0299c381213961566349, Tab风格, tab, null, 1, 1, admin, 2019-04-12 17:43:31, null, null
<==        Row: dm_val_none, dm_validate_level_001, 不校验, 0, 跳过XML校验, 1, 1, admin, 2026-07-23 09:12:37, null, null
<==        Row: dm_tech_sys, dm_tech_name_type_001, 系统, system, 系统级技术名称, 1, 1, admin, 2026-07-23 09:12:06, null, null
<==        Row: 1750000001201, 1750000000012, 未提交, 0, 未提交工作流, 1, 1, null, 2026-07-22 13:57:09, null, null
<==        Row: dm_loc_A, dm_location_code_001, A, A, , 1, 1, admin, 2026-07-23 09:12:06, admin, 2026-07-25 14:14:27
<==        Row: 1815001001, 1815001, 未签出, 0, 数据模块未被签出，可被任何人签出, 1, 1, null, 2026-07-22 15:22:50, null, null
<==        Row: 1199520835035996161, 1199520177767587841, 链接, 2, , 1, 1, admin, 2019-11-27 10:50:28, null, null
<==        Row: dm_rpc_001, dm_rpc_type_001, AVIC（中航工业）, AVIC1, 中国航空工业集团, 1, 1, admin, 2026-07-23 09:12:06, null, null
<==        Row: e6329e3a66a003819e2eb830b0ca2ea0, 4e4602b3e3686f0911384e188dc7efb4, 小于, <, 小于, 2, 1, admin, 2019-04-01 16:44:15, admin, 2019-04-01 17:48:34
<==        Row: e94eb7af89f1dbfa0d823580a7a6e66a, 236e8a4baff0db8c62c00dd95632834f, 不同步, 0, 不同步, 2, 1, admin, 2019-05-15 15:28:28, null, null
<==        Row: 1232913493717512194, 1232913193820581889, 流程表单, bpm, , 2, 1, admin, 2020-02-27 14:20:58, admin, 2020-02-27 14:22:20
<==        Row: 1174509667297026049, 1174509082208395266, 助级, 2, , 2, 1, admin, 2019-09-19 10:25:01, admin, 2019-09-23 11:46:47
<==        Row: 1815010002, 1815010, 编辑, edit, 编辑DM属性, 2, 1, null, 2026-07-22 15:22:51, null, null
<==        Row: 71b924faa93805c5c1579f12e001c809, d6e1152968b02d69ff358c75b48a6ee1, OA办公, oa, null, 2, 1, admin, 2021-03-22 19:27:17, admin, 2019-03-22 23:24:36
<==        Row: f16c5706f3ae05c57a53850c64ce7c45, a9d9942bd0eccb6e89de92d130ec4c4a, 发送成功, 1, null, 2, 1, admin, 2019-04-12 18:19:43, null, null
<==        Row: 1815009002, 1815009, 完整复制, full, 复制全部内容+资源, 2, 1, null, 2026-07-22 15:22:51, null, null
<==        Row: 1750000001802, 1750000000018, 拆卸到1级, 1, 拆卸到1级, 2, 1, null, 2026-07-22 13:57:50, null, null
<==        Row: 84dfc178dd61b95a72900fcdd624c471, 78bda155fe380b1b3f175f1e88c284c6, 处理中, 2, 处理中, 2, 1, admin, 2019-05-09 16:33:01, null, null
<==        Row: 1815011002, 1815011, PDF文档, pdf, PDF格式文档, 2, 1, null, 2026-07-22 15:22:51, null, null
<==        Row: 1815007002, 1815007, 审核模式, review, 送审审核阶段, 2, 1, null, 2026-07-22 15:22:51, null, null
<==        Row: 1178295553450061826, 1178295274528845826, 可编辑(未授权禁用), 2, , 2, 1, admin, 2019-09-29 21:08:46, admin, 2019-09-29 21:09:18
<==        Row: 1815005002, 1815005, 锁定, 1, 已锁定禁止修改, 2, 1, null, 2026-07-22 15:22:51, null, null
<==        Row: 1750000001502, 1750000000015, 拆卸, 01, 拆卸相关技术, 2, 1, null, 2026-07-22 13:57:28, null, null
<==        Row: 1815004002, 1815004, COMAC-中国商飞, COMAC, 中国商用飞机有限公司, 2, 1, null, 2026-07-22 15:22:50, null, null
<==        Row: dm_ver_1, dm_version_type_001, 已发布版本, 1, Issue版本，已正式发布, 2, 1, admin, 2026-07-23 09:12:06, null, null
<==        Row: cbfcc5b88fc3a90975df23ffc8cbe29c, c5a14c75172783d72cbee6ee7f5df5d1, 曲线图, line, null, 2, 1, admin, 2019-05-12 17:05:30, admin, 2019-04-12 17:06:06
<==        Row: 1815003002, 1815003, 准备, 002, 准备工作内容, 2, 1, null, 2026-07-22 15:22:50, null, null
<==        Row: 58b73b344305c99b9d8db0fc056bbc0a, 72cce0989df68887546746d8f09811aa, 主表, 2, null, 2, 1, admin, 2019-03-27 10:13:36, null, null
<==        Row: 2008794750670139394, 2008794656772255745, 内部, 2, , 2, 1, admin, 2026-01-07 14:56:05, admin, 2026-01-07 14:56:25
<==        Row: 734C6F3E7AAB4BA8887C09F0527900D1, 7FAAEB0E8EBE406CBCC3A1FD68AE1F36, 机密, confidential, Confidential, 2, 1, admin, 2026-07-25 00:11:24, null, null
<==        Row: dm_wf_review, dm_workflow_step_001, 审核, review, 审核阶段, 2, 1, admin, 2026-07-23 09:13:06, null, null
<==        Row: dm_upd_1, dm_update_control_001, 更新控制, 1, 需要更新控制, 2, 1, admin, 2026-07-23 09:12:06, null, null
<==        Row: dm_rpc_002, dm_rpc_type_001, COMAC（商飞）, COMAC, 中国商用飞机有限责任公司, 2, 1, admin, 2026-07-23 09:12:06, null, null
<==        Row: 1815002002, 1815002, 操作程序, 02, 操作类程序文档, 2, 1, null, 2026-07-22 15:22:50, null, null
<==        Row: 1815001002, 1815001, 已签出, 1, 数据模块已被签出，锁定状态, 2, 1, null, 2026-07-22 15:22:50, null, null
<==        Row: 8ff48e657a7c5090d4f2a59b37d1b878, 4d7fec1a7799a436d26d02325eff295e, 中, M, 中, 2, 1, admin, 2019-04-16 17:04:40, null, null
<==        Row: 1815008002, 1815008, 标准校验, standard, 字段完整性校验, 2, 1, null, 2026-07-22 15:22:51, null, null
<==        Row: 8cdf08045056671efd10677b8456c999, 4274efc2292239b6f000b153f50823ff, 可编辑(未授权时禁用), 2, , 2, 1, admin, 2019-05-10 17:55:38, null, null
<==        Row: 948923658baa330319e59b2213cda97c, 880a895c98afeca9d9ac39f29e67c13e, 添加, 2, , 2, 1, admin, 2019-07-22 10:54:59, admin, 2019-07-22 10:55:36
<==        Row: 1750000001002, 1750000000010, 过程性DM, procedure, 过程性数据模块, 2, 1, null, 2026-07-22 13:58:22, admin, 2026-08-01 23:01:10
<==        Row: dm_info_oper, dm_info_name_type_001, 操作, operation, 操作性信息, 2, 1, admin, 2026-07-23 09:12:06, null, null
<==        Row: 1750000001902, 1750000000019, 临时发布, T, 临时发布版本, 2, 1, null, 2026-07-22 13:57:55, null, null
<==        Row: 308c8aadf0c37ecdde188b97ca9833f5, 8dfe32e2d29ea9430a988b3b558bf233, 已发布, 1, 已发布, 2, 1, admin, 2019-04-16 17:41:24, null, null
<==        Row: dm_ref_dml, dm_ref_type_001, DML引用, dmlRef, 数据模块列表引用, 2, 1, admin, 2026-07-23 09:22:32, null, null
<==        Row: 1334440962954936321, 1209733563293962241, MYSQL5.7+, 4, , 2, 1, admin, 2020-12-03 18:16:02, admin, 2021-07-15 13:44:29
<==        Row: 1750000001702, 1750000000017, B型, B, B型变体, 2, 1, null, 2026-07-22 13:57:45, null, null
<==        Row: 1543fe7e5e26fb97cdafe4981bedc0c8, 4c03fca6bf1f0299c381213961566349, 单排布局, single, null, 2, 1, admin, 2022-07-12 17:43:39, admin, 2019-04-12 17:43:57
<==        Row: 6a7a9e1403a7943aba69e54ebeff9762, 4f69be5f507accea8d5df5f11346181a, 富文本, 2, , 2, 1, admin, 2031-02-28 10:50:44, admin, 2022-07-04 16:29:30
<==        Row: 1750000001602, 1750000000016, 操作, 01, 操作信息, 2, 1, null, 2026-07-22 13:57:38, null, null
<==        Row: 2009158867908321281, 2009158440265474049, 航空, 1, , 2, 1, admin, 2026-01-08 15:02:57, admin, 2026-01-09 14:52:00
<==        Row: 1030a2652608f5eac3b49d70458b8532, 2e02df51611a4b9632828ab7e5338f00, 禁用, 2, 禁用, 2, 1, admin, 2021-03-26 18:27:28, admin, 2019-04-26 18:39:11
<==        Row: dm_pub_official, dm_publish_mode_001, 正式发布, official, 正式发布, 2, 1, admin, 2026-07-23 09:19:47, null, null
<==        Row: 1750000001202, 1750000000012, 流转中, 1, 流程流转中, 2, 1, null, 2026-07-22 13:57:09, null, null
<==        Row: dm_ft_pdf, dm_file_type_001, PDF文件, pdf, PDF格式DM, 2, 1, admin, 2026-07-23 09:13:02, null, null
<==        Row: 2080832479622590466, language_iso_code, English, en, null, 2, 1, admin, 2026-07-25 09:48:18, null, null
<==        Row: 1750000001402, 1750000000014, US, US, United States, 2, 1, null, 2026-07-22 13:57:22, admin, 2026-07-25 14:16:12
<==        Row: 1750000001302, 1750000000013, en, en, English, 2, 1, null, 2026-07-22 13:57:16, admin, 2026-08-07 20:13:41
<==        Row: dm_va_issue, dm_version_action_type_001, Issue（发布）, issue, 创建发布版本, 2, 1, admin, 2026-07-23 09:21:51, null, null
<==        Row: dm_copy_ver, dm_copy_type_001, 创建版本链, 1, 创建版本关联的新DM, 2, 1, admin, 2026-07-23 09:21:33, null, null
<==        Row: dm_ref_st_invalid, dm_reference_status_001, 无效, 0, 引用关系已失效, 2, 1, admin, 2026-07-23 09:13:13, null, null
<==        Row: 1815013002, 1815013, 断链, broken, 引用断链, 2, 1, null, 2026-07-22 15:22:52, null, null
<==        Row: 2009150391974912001, 2009149820169641986, S1000D3.0, S1000D3.0, , 2, 1, admin, 2026-01-08 14:29:16, admin, 2026-07-16 09:58:02
<==        Row: 1242300779390357505, 1242298510024429569, 短信提醒, 2, , 2, 1, admin, 2020-03-24 12:02:41, admin, 2020-03-30 18:21:33
<==        Row: 1750000001102, 1750000000011, 编辑中, editing, 正在编辑, 2, 1, null, 2026-07-22 13:57:03, null, null
<==        Row: dm_val_basic, dm_validate_level_001, 基础校验, 1, 基础XML格式校验, 2, 1, admin, 2026-07-23 09:12:37, null, null
<==        Row: cfe88c07c69443b99e6a1da0d915b36f, 52db14900acf4ef386ed34c0e2030afc, 有效, 1, , 2, 1, admin, 2026-04-27 22:25:13, admin, 2026-07-15 10:28:01
<==        Row: 5d84a8634c8fdfe96275385075b105c9, 3d9a351be3436fbefb1307d4cfb49bf2, 女, 2, null, 2, 1, null, 2019-01-04 14:56:56, null, 2019-01-04 17:38:12
<==        Row: dm_loc_B, dm_location_code_001, B, B, , 2, 1, admin, 2026-07-23 09:12:06, admin, 2026-07-25 14:14:31
<==        Row: dm_tech_assy, dm_tech_name_type_001, 组件, assembly, 组件级技术名称, 2, 1, admin, 2026-07-23 09:12:06, null, null
<==        Row: 1815006002, 1815006, 部分适用, partial, 适用于部分型号, 2, 1, null, 2026-07-22 15:22:51, null, null
<==        Row: dm_co_out, dm_checkout_status_001, 签出, 1, DM已被签出，正在编辑中, 2, 1, admin, 2026-07-23 09:12:06, null, null
<==        Row: dm_status_1, dm_status_001, 正常, 1, DM正常状态, 2, 1, admin, 2026-07-23 09:12:06, null, null
<==        Row: 2d51376643f220afdeb6d216a8ac2c01, 68168534ff5065a152bfab275c2136f8, 有效, 1, 有效, 2, 1, admin, 2019-04-26 19:22:01, null, null
<==        Row: dm_type_proc, dm_type_001, 过程性DM, procedural, 描述操作过程（维护、检查程序）, 2, 1, admin, 2026-07-23 09:12:06, null, null
<==        Row: 1815012002, 1815012, 审核, review, 审核阶段, 2, 1, null, 2026-07-22 15:22:51, null, null
<==        Row: 2009150431040659458, 2009149820169641986, S1000D4.0, S1000D4.0, , 3, 1, admin, 2026-01-08 14:29:26, admin, 2026-07-16 09:58:07
<==        Row: 23a5bb76004ed0e39414e928c4cde155, 4e4602b3e3686f0911384e188dc7efb4, 不等于, !=, 不等于, 3, 1, admin, 2019-04-01 16:46:15, admin, 2019-04-01 17:48:40
<==        Row: dm_loc_C, dm_location_code_001, C, C, , 3, 1, admin, 2026-07-23 09:12:06, admin, 2026-07-25 14:14:39
<==        Row: 1815013003, 1815013, 过期, outdated, 引用过期, 3, 1, null, 2026-07-22 15:22:52, null, null
<==        Row: dm_rpc_003, dm_rpc_type_001, Boeing, BOE01, 波音公司, 3, 1, admin, 2026-07-23 09:12:06, null, null
<==        Row: 1815012003, 1815012, 批准, approve, 批准阶段, 3, 1, null, 2026-07-22 15:22:51, null, null
<==        Row: 0ca4beba9efc4f9dd54af0911a946d5c, 72cce0989df68887546746d8f09811aa, 附表, 3, null, 3, 1, admin, 2019-03-27 10:13:43, null, null
<==        Row: 1815011003, 1815011, 图片, image, 图片文件（jpg/png/gif等）, 3, 1, null, 2026-07-22 15:22:51, null, null
<==        Row: f753aff60ff3931c0ecb4812d8b5e643, 4c03fca6bf1f0299c381213961566349, 双排布局, double, null, 3, 1, admin, 2019-04-12 17:43:51, null, null
<==        Row: 1815010003, 1815010, 签入, checkin, 签入新版本, 3, 1, null, 2026-07-22 15:22:51, null, null
<==        Row: 1815009003, 1815009, 新版本, newVersion, 创建新版本副本, 3, 1, null, 2026-07-22 15:22:51, null, null
<==        Row: 1750000001103, 1750000000011, 审核中, reviewing, 正在审核, 3, 1, null, 2026-07-22 13:57:03, null, null
<==        Row: 1209733839933476865, 1209733563293962241, Oracle, 2, , 3, 1, admin, 2019-12-25 15:13:18, admin, 2021-07-15 13:44:08
<==        Row: 1815008003, 1815008, 严格校验, strict, XML Schema校验, 3, 1, null, 2026-07-22 15:22:51, null, null
<==        Row: 1815007003, 1815007, 正式发布, official, 正式发布版本, 3, 1, null, 2026-07-22 15:22:51, null, null
<==        Row: 1815006003, 1815006, 特定条件, specific, 特定条件下适用, 3, 1, null, 2026-07-22 15:22:51, null, null
<==        Row: 1815005003, 1815005, 待审核, 2, 等待审核中, 3, 1, null, 2026-07-22 15:22:51, null, null
<==        Row: 0072d115e07c875d76c9b022e2179128, 4d7fec1a7799a436d26d02325eff295e, 低, L, 低, 3, 1, admin, 2019-04-16 17:04:59, null, null
<==        Row: 1750000001503, 1750000000015, 检查, 02, 检查相关技术, 3, 1, null, 2026-07-22 13:57:28, null, null
<==        Row: 1815004003, 1815004, CASC-中国航天, CASC, 中国航天科技集团, 3, 1, null, 2026-07-22 15:22:50, null, null
<==        Row: 1815003003, 1815003, 程序, 003, 具体程序步骤, 3, 1, null, 2026-07-22 15:22:50, null, null
<==        Row: a2be752dd4ec980afaec1efd1fb589af, 8dfe32e2d29ea9430a988b3b558bf233, 已撤销, 2, 已撤销, 3, 1, admin, 2019-04-16 17:41:39, null, null
<==        Row: 1815002003, 1815002, 维护程序, 03, 维护类程序文档, 3, 1, null, 2026-07-22 15:22:50, null, null
<==        Row: 1750000001003, 1750000000010, 故障性DM, faultIsolation, 故障性数据模块, 3, 1, null, 2026-07-22 13:58:22, admin, 2026-08-01 23:01:30
<==        Row: 1750000001903, 1750000000019, 紧急发布, E, 紧急发布版本, 3, 1, null, 2026-07-22 13:57:55, null, null
<==        Row: 848d4da35ebd93782029c57b103e5b36, c5a14c75172783d72cbee6ee7f5df5d1, 饼图, pie, null, 3, 1, admin, 2019-04-12 17:05:49, null, null
<==        Row: 1750000001803, 1750000000018, 拆卸到2级, 2, 拆卸到2级, 3, 1, null, 2026-07-22 13:57:50, null, null
<==        Row: 1750000001703, 1750000000017, C型, C, C型变体, 3, 1, null, 2026-07-22 13:57:45, null, null
<==        Row: 1305827309355302914, bd1b8bc28e65d6feefefb6f3c79f42fd, API, api, , 3, 1, admin, 2020-09-15 19:14:26, admin, 2020-09-15 19:14:41
<==        Row: 1750000001603, 1750000000016, 规范, 02, 规范信息, 3, 1, null, 2026-07-22 13:57:38, null, null
<==        Row: 5d833f69296f691843ccdd0c91212b6b, 880a895c98afeca9d9ac39f29e67c13e, 修改, 3, , 3, 1, admin, 2019-07-22 10:55:07, admin, 2019-07-22 10:55:41
<==        Row: 2008794914789060609, 2008794656772255745, 秘密, 3, , 3, 1, admin, 2026-01-07 14:56:44, null, null
<==        Row: 3736FD3883374BB69E5DABE51B5002EC, 7FAAEB0E8EBE406CBCC3A1FD68AE1F36, 秘密, secret, Secret, 3, 1, admin, 2026-07-25 00:11:24, null, null
<==        Row: dm_ref_pm, dm_ref_type_001, PM引用, pmRef, 出版模块引用, 3, 1, admin, 2026-07-23 09:22:32, null, null
<==        Row: dm_pub_temp, dm_publish_mode_001, 临时发布, temporary, 临时发布（测试用）, 3, 1, admin, 2026-07-23 09:19:47, null, null
<==        Row: 1750000001203, 1750000000012, 已通过, 2, 审批通过, 3, 1, null, 2026-07-22 13:57:09, null, null
<==        Row: dm_ref_st_pending, dm_reference_status_001, 待确认, 2, 引用关系待确认, 3, 1, admin, 2026-07-23 09:13:13, null, null
<==        Row: 50223341bfb5ba30bf6319789d8d17fe, d6e1152968b02d69ff358c75b48a6ee1, 业务办理, business, null, 3, 1, admin, 2023-04-22 19:28:05, admin, 2019-03-22 23:24:39
<==        Row: dm_ft_img, dm_file_type_001, 图片文件, image, 图片资源（PNG/JPG/SVG）, 3, 1, admin, 2026-07-23 09:13:02, null, null
<==        Row: dm_val_std, dm_validate_level_001, 标准校验, 2, 严格按S1000D标准校验, 3, 1, admin, 2026-07-23 09:12:37, null, null
<==        Row: 3fbc03d6c994ae06d083751248037c0e, 78bda155fe380b1b3f175f1e88c284c6, 已完成, 3, 已完成, 3, 1, admin, 2019-05-09 16:33:25, null, null
<==        Row: dm_info_maint, dm_info_name_type_001, 维护, maintenance, 维护性信息, 3, 1, admin, 2026-07-23 09:12:06, null, null
<==        Row: 33bc9d9f753cf7dc40e70461e50fdc54, a9d9942bd0eccb6e89de92d130ec4c4a, 发送失败, 2, null, 3, 1, admin, 2019-04-12 18:20:02, null, null
<==        Row: dm_tech_part, dm_tech_name_type_001, 零件, part, 零件级技术名称, 3, 1, admin, 2026-07-23 09:12:06, null, null
<==        Row: 1174509713568587777, 1174509082208395266, 中级, 3, , 3, 1, admin, 2019-09-19 10:25:12, admin, 2019-09-23 11:46:56
<==        Row: dm_wf_approve, dm_workflow_step_001, 批准, approve, 批准阶段, 3, 1, admin, 2026-07-23 09:13:06, null, null
<==        Row: dm_status_2, dm_status_001, 草稿, 2, DM草稿状态, 3, 1, admin, 2026-07-23 09:12:06, null, null
<==        Row: 2009158905313124354, 2009158440265474049, 舰船, 2, , 3, 1, admin, 2026-01-08 15:03:06, admin, 2026-01-09 14:52:03
<==        Row: dm_type_fault, dm_type_001, 故障性DM, fault, 故障隔离与排除程序, 3, 1, admin, 2026-07-23 09:12:06, null, null
<==        Row: 2009150500481556482, 2009149820169641986, S1000D4.2, S1000D4.2, , 4, 1, admin, 2026-01-08 14:29:42, admin, 2026-07-16 09:58:18
<==        Row: 2009150469556953089, 2009149820169641986, S1000D4.1, S1000D4.1, , 4, 1, admin, 2026-01-08 14:29:35, admin, 2026-07-16 09:58:13
<==        Row: 1232913605382467585, 1232913193820581889, 测试表单, temp, , 4, 1, admin, 2020-02-27 14:21:25, admin, 2020-02-27 14:22:16
<==        Row: dm_loc_D, dm_location_code_001, D, D, , 4, 1, admin, 2026-07-23 09:12:06, admin, 2026-07-25 14:14:43
<==        Row: dm_rpc_004, dm_rpc_type_001, Airbus, AIR01, 空客公司, 4, 1, admin, 2026-07-23 09:12:06, null, null
<==        Row: 2008794996636708866, 2008794656772255745, 机密, 4, , 4, 1, admin, 2026-01-07 14:57:03, null, null
<==        Row: 1815012004, 1815012, 发布, publish, 发布阶段, 4, 1, null, 2026-07-22 15:22:51, null, null
<==        Row: 1db531bcff19649fa82a644c8a939dc4, 4c03fca6bf1f0299c381213961566349, 组合布局, combination, , 4, 1, admin, 2019-05-11 16:07:08, null, null
<==        Row: fe50b23ae5e68434def76f67cef35d2d, 78bda155fe380b1b3f175f1e88c284c6, 已作废, 4, 已作废, 4, 1, admin, 2021-09-09 16:33:43, admin, 2019-05-09 16:34:40
<==        Row: 1815011004, 1815011, 视频, video, 视频文件（mp4/avi等）, 4, 1, null, 2026-07-22 15:22:51, null, null
<==        Row: f80a8f6838215753b05e1a5ba3346d22, 880a895c98afeca9d9ac39f29e67c13e, 删除, 4, , 4, 1, admin, 2019-07-22 10:55:14, admin, 2019-07-22 10:55:30
<==        Row: 1815010004, 1815010, 发布, publish, 发布DM, 4, 1, null, 2026-07-22 15:22:51, null, null
<==        Row: 1209733903020003330, 1209733563293962241, SQLServer, 3, , 4, 1, admin, 2019-12-25 15:13:33, admin, 2021-07-15 13:44:11
<==        Row: 1815008004, 1815008, 完整校验, full, 业务逻辑+引用完整性校验, 4, 1, null, 2026-07-22 15:22:51, null, null
<==        Row: d217592908ea3e00ff986ce97f24fb98, c5a14c75172783d72cbee6ee7f5df5d1, 数据列表, table, null, 4, 1, admin, 2019-04-12 17:05:56, null, null
<==        Row: 1815004004, 1815004, OEM-原厂商, OEM, 原始设备制造商, 4, 1, null, 2026-07-22 15:22:50, null, null
<==        Row: 1815003004, 1815003, 清单, 004, 清单类内容, 4, 1, null, 2026-07-22 15:22:50, null, null
<==        Row: 1815002004, 1815002, 故障隔离, 04, 故障诊断与隔离, 4, 1, null, 2026-07-22 15:22:50, null, null
<==        Row: 1750000001004, 1750000000010, 乘员DM, crew, 乘员数据模块, 4, 1, null, 2026-07-22 13:58:22, null, null
<==        Row: 1750000001804, 1750000000018, 拆卸到3级, 3, 拆卸到3级, 4, 1, null, 2026-07-22 13:57:50, null, null
<==        Row: 1750000001704, 1750000000017, D型, D, D型变体, 4, 1, null, 2026-07-22 13:57:45, null, null
<==        Row: dm_wf_publish, dm_workflow_step_001, 发布, publish, 发布阶段, 4, 1, admin, 2026-07-23 09:13:06, null, null
<==        Row: 1750000001604, 1750000000016, 图示, 03, 图示信息, 4, 1, null, 2026-07-22 13:57:38, null, null
<==        Row: 1750000001504, 1750000000015, 测试, 03, 测试相关技术, 4, 1, null, 2026-07-22 13:57:28, null, null
<==        Row: 489FB57746744E3FB93E3E90D581B4A3, 7FAAEB0E8EBE406CBCC3A1FD68AE1F36, 绝密, top_secret, Top Secret, 4, 1, admin, 2026-07-25 00:11:24, null, null
<==        Row: 1242300887343353857, 1242298510024429569, 系统消息, 4, , 4, 1, admin, 2020-03-24 12:03:07, admin, 2020-03-30 18:21:43
<==        Row: 1750000001204, 1750000000012, 已拒绝, 3, 审批拒绝, 4, 1, null, 2026-07-22 13:57:09, null, null
<==        Row: 1174509788361416705, 1174509082208395266, 副高级, 4, , 4, 1, admin, 2019-09-19 10:25:30, admin, 2019-09-23 11:47:06
<==        Row: 41fa1e9571505d643aea87aeb83d4d76, 4e4602b3e3686f0911384e188dc7efb4, 等于, =, 等于, 4, 1, admin, 2019-04-01 16:45:24, admin, 2019-04-01 17:49:00
<==        Row: 1750000001104, 1750000000011, 已发布, published, 已发布状态, 4, 1, null, 2026-07-22 13:57:03, null, null
<==        Row: dm_ft_zip, dm_file_type_001, ZIP压缩包, zip, ZIP格式资源包, 4, 1, admin, 2026-07-23 09:13:02, null, null
<==        Row: dm_val_full, dm_validate_level_001, 完整校验, 3, 完整校验（包括业务规则）, 4, 1, admin, 2026-07-23 09:12:37, null, null
<==        Row: dm_status_3, dm_status_001, 审核中, 3, DM正在审核, 4, 1, admin, 2026-07-23 09:12:06, null, null
<==        Row: 2009158953551814657, 2009158440265474049, 战术导弹, 3, , 4, 1, admin, 2026-01-08 15:03:18, admin, 2026-01-09 14:52:08
<==        Row: dm_type_front, dm_type_001, 前事性DM, frontmatter, 封面、前言、目录等, 4, 1, admin, 2026-07-23 09:12:06, null, null
<==        Row: dm_loc_T, dm_location_code_001, T, T, , 5, 1, admin, 2026-07-23 09:12:06, admin, 2026-07-25 14:14:49
<==        Row: 2008795045311606785, 2008794656772255745, 绝密, 5, , 5, 1, admin, 2026-01-07 14:57:15, null, null
<==        Row: 1815011005, 1815011, 音频, audio, 音频文件（mp3/wav等）, 5, 1, null, 2026-07-22 15:22:51, null, null
<==        Row: 1815010005, 1815010, 回滚, rollback, 版本回滚, 5, 1, null, 2026-07-22 15:22:51, null, null
<==        Row: 1815004005, 1815004, SUB-分包商, SUB, 分包供应商, 5, 1, null, 2026-07-22 15:22:50, null, null
<==        Row: bcec04526b04307e24a005d6dcd27fd6, 880a895c98afeca9d9ac39f29e67c13e, 导入, 5, , 5, 1, admin, 2019-07-22 12:06:41, null, null
<==        Row: 1815003005, 1815003, 图例, 005, 图例说明, 5, 1, null, 2026-07-22 15:22:50, null, null
<==        Row: 1815002005, 1815002, 拆装程序, 05, 拆卸与安装程序, 5, 1, null, 2026-07-22 15:22:50, null, null
<==        Row: 1414837074500976641, 1209733563293962241, postgresql, 6, , 5, 1, admin, 2021-07-13 14:40:20, admin, 2021-07-15 13:44:15
<==        Row: 1750000001005, 1750000000010, 规划性DM, maintPlanning, 规划性数据模块, 5, 1, null, 2026-07-22 13:58:22, null, null
<==        Row: 84778d7e928bc843ad4756db1322301f, 4e4602b3e3686f0911384e188dc7efb4, 大于等于, >=, 大于等于, 5, 1, admin, 2019-04-01 10:46:02, admin, 2019-04-01 17:49:05
<==        Row: 1750000001805, 1750000000018, 拆卸到4级, 4, 拆卸到4级, 5, 1, null, 2026-07-22 13:57:50, null, null
<==        Row: 1750000001705, 1750000000017, E型, E, E型变体, 5, 1, null, 2026-07-22 13:57:45, null, null
<==        Row: 1750000001605, 1750000000016, 数据, 04, 数据信息, 5, 1, null, 2026-07-22 13:57:38, null, null
<==        Row: 1174509835803189250, 1174509082208395266, 正高级, 5, , 5, 1, admin, 2019-09-19 10:25:41, admin, 2019-09-23 11:47:12
<==        Row: 1750000001505, 1750000000015, 维修, 04, 维修相关技术, 5, 1, null, 2026-07-22 13:57:28, null, null
<==        Row: 1750000001105, 1750000000011, 已归档, archived, 已归档状态, 5, 1, null, 2026-07-22 13:57:03, null, null
<==        Row: 2076625175196975105, 2009149820169641986, S1000D4.3, S1000D4.3, , 5, 1, admin, 2026-07-13 19:09:58, admin, 2026-07-16 09:58:24
<==        Row: 2009158995578740738, 2009158440265474049, 地面车辆, 4, , 5, 1, admin, 2026-01-08 15:03:28, admin, 2026-01-09 14:52:11
<==        Row: dm_status_4, dm_status_001, 已发布, 4, DM已正式发布, 5, 1, admin, 2026-07-23 09:12:06, null, null
<==        Row: 1232914232372195330, 1232913193820581889, 导入表单, bdfl_include, , 5, 1, admin, 2020-02-27 14:23:54, null, null
<==        Row: 25847e9cb661a7c711f9998452dc09e6, 4e4602b3e3686f0911384e188dc7efb4, 小于等于, <=, 小于等于, 6, 1, admin, 2019-04-01 16:44:34, admin, 2019-04-01 17:49:10
<==        Row: 1815011006, 1815011, 压缩包, zip, ZIP/RAR压缩包, 6, 1, null, 2026-07-22 15:22:51, null, null
<==        Row: 1815003006, 1815003, 备注, 006, 备注信息, 6, 1, null, 2026-07-22 15:22:50, null, null
<==        Row: a1e7d1ca507cff4a480c8caba7c1339e, 880a895c98afeca9d9ac39f29e67c13e, 导出, 6, , 6, 1, admin, 2019-07-22 12:06:50, null, null
<==        Row: 1815002006, 1815002, 测试程序, 06, 测试与检验程序, 6, 1, null, 2026-07-22 15:22:50, null, null
<==        Row: 1415547541091504129, 1209733563293962241, marialDB, 5, , 6, 1, admin, 2021-07-15 13:43:28, admin, 2021-07-15 13:44:23
<==        Row: 1750000001006, 1750000000010, 工艺性DM, process, 工艺性数据模块, 6, 1, null, 2026-07-22 13:58:22, null, null
<==        Row: 1750000001606, 1750000000016, 工具, 05, 工具信息, 6, 1, null, 2026-07-22 13:57:38, null, null
<==        Row: 1750000001506, 1750000000015, 调整, 05, 调整相关技术, 6, 1, null, 2026-07-22 13:57:28, null, null
<==        Row: 2009159040323575809, 2009158440265474049, 军械, 5, , 6, 1, admin, 2026-01-08 15:03:38, admin, 2026-01-09 14:52:15
<==        Row: dm_status_5, dm_status_001, 已归档, 5, DM已归档, 6, 1, admin, 2026-07-23 09:12:06, null, null
<==        Row: 1815011007, 1815011, 其他, other, 其他类型文件, 7, 1, null, 2026-07-22 15:22:51, null, null
<==        Row: 1815003007, 1815003, 参考, 007, 参考资料, 7, 1, null, 2026-07-22 15:22:50, null, null
<==        Row: 1815002007, 1815002, 检查程序, 07, 检查类程序文档, 7, 1, null, 2026-07-22 15:22:50, null, null
<==        Row: 1418049969003089922, 1209733563293962241, 达梦, 7, , 7, 1, admin, 2021-07-22 11:27:13, admin, 2021-07-22 11:27:30
<==        Row: 6d404fd2d82311fbc87722cd302a28bc, 4e4602b3e3686f0911384e188dc7efb4, 模糊, LIKE, 模糊, 7, 1, admin, 2019-04-01 16:46:02, admin, 2019-04-01 17:49:20
<==        Row: 1750000001607, 1750000000016, 耗材, 06, 耗材信息, 7, 1, null, 2026-07-22 13:57:38, null, null
<==        Row: 1750000001507, 1750000000015, 润滑, 06, 润滑相关技术, 7, 1, null, 2026-07-22 13:57:28, null, null
<==        Row: 1750000001007, 1750000000010, 故障报告DM, faultReporting, 故障报告数据模块, 7, 1, null, 2026-08-05 18:03:27, null, null
<==        Row: C666D8CA975441DDA5055935B1D12A38, 1750000000010, 前言类, frontmatter, Front Matter, 7, 1, admin, 2026-07-25 00:11:43, null, null
<==        Row: 1234371809495760898, 4e4602b3e3686f0911384e188dc7efb4, 右模糊, RIGHT_LIKE, 右模糊, 7, 1, admin, 2020-03-02 14:55:47, null, null
<==        Row: 2009159092395859970, 2009158440265474049, 保障与训练, 6, , 7, 1, admin, 2026-01-08 15:03:51, admin, 2026-01-09 14:52:21
<==        Row: 1234371726545010689, 4e4602b3e3686f0911384e188dc7efb4, 左模糊, LEFT_LIKE, 左模糊, 7, 1, admin, 2020-03-02 14:55:27, null, null
<==        Row: 1815003008, 1815003, 附录, 008, 附录内容, 8, 1, null, 2026-07-22 15:22:50, null, null
<==        Row: adcf2a1fe93bb99a84833043f475fe0b, 4e4602b3e3686f0911384e188dc7efb4, 包含, IN, 包含, 8, 1, admin, 2019-04-01 16:45:47, admin, 2019-04-01 17:49:24
<==        Row: 1815002008, 1815002, 修理程序, 08, 修理类程序文档, 8, 1, null, 2026-07-22 15:22:50, null, null
<==        Row: 1418050017053036545, 1209733563293962241, 人大金仓, 8, , 8, 1, admin, 2021-07-22 11:27:25, null, null
<==        Row: 1750000001608, 1750000000016, 附件, 07, 附件信息, 8, 1, null, 2026-07-22 13:57:38, null, null
<==        Row: 1750000001508, 1750000000015, 清洁, 07, 清洁相关技术, 8, 1, null, 2026-07-22 13:57:28, null, null
<==        Row: 1750000001008, 1750000000010, 图解零件目录DM, illustratedPartsCatalog, 图解零件目录数据模块, 8, 1, null, 2026-08-05 18:03:31, null, null
<==        Row: 2009159141330804738, 2009158440265474049, 通信, 7, , 8, 1, admin, 2026-01-08 15:04:02, admin, 2026-01-09 14:52:26
<==        Row: 1418050075555188737, 1209733563293962241, 神通, 9, , 9, 1, admin, 2021-07-22 11:27:39, null, null
<==        Row: 5584c21993bde231bbde2b966f2633ac, 4e4602b3e3686f0911384e188dc7efb4, 自定义SQL表达式, USE_SQL_RULES, 自定义SQL表达式, 9, 1, admin, 2019-04-01 10:45:24, admin, 2019-04-01 17:49:27
<==        Row: 1418050110669901826, 1209733563293962241, SQLite, 10, , 10, 1, admin, 2021-07-22 11:27:47, null, null
<==        Row: 1418050149475602434, 1209733563293962241, DB2, 11, , 11, 1, admin, 2021-07-22 11:27:56, null, null
<==        Row: 1418050209823248385, 1209733563293962241, Hsqldb, 12, , 12, 1, admin, 2021-07-22 11:28:11, admin, 2021-07-22 11:28:27
<==        Row: 1418050323111399425, 1209733563293962241, Derby, 13, , 13, 1, admin, 2021-07-22 11:28:38, null, null
<==        Row: 1418117316707590146, 1209733563293962241, H2, 14, , 14, 1, admin, 2021-07-22 15:54:50, null, null
<==        Row: 1418491604048449537, 1209733563293962241, 其他数据库, 15, , 15, 1, admin, 2021-07-23 16:42:07, null, null
<==      Total: 324
Closing non transactional SqlSession [org.apache.ibatis.session.defaults.DefaultSqlSession@4b3d7066]
Creating a new SqlSession
SqlSession [org.apache.ibatis.session.defaults.DefaultSqlSession@7ca94f9] was not registered for synchronization because synchronization is not active
JDBC Connection [dm.jdbc.driver.DmdbConnection@4daacdbb] will not be managed by Spring
==>  Preparing: insert into sys_log (id, log_type, log_content, method, operate_type, request_url, request_type, request_param, ip, userid, username, cost_time, create_time,create_by) values( ?, ?, ?, ?, ?, ?, ?, ?, ?, ?, ?, ?, ?, ? )
==> Parameters: 2085974158583242754(String), 1(Integer), 用户名: admin,登录成功！(String), null, null, null, null, null, 0:0:0:0:0:0:0:1(String), admin(String), 管理员(String), null, 2026-08-08 14:19:29.588(Timestamp), null
<==    Updates: 1
Closing non transactional SqlSession [org.apache.ibatis.session.defaults.DefaultSqlSession@7ca94f9]
Creating a new SqlSession
SqlSession [org.apache.ibatis.session.defaults.DefaultSqlSession@3e72b034] was not registered for synchronization because synchronization is not active
original SQL: select * from  sys_user  where username = ? and del_flag = 0
SQL to parse, SQL: select * from  sys_user  where username = ? and del_flag = 0
parse the finished SQL: SELECT * FROM sys_user WHERE username = ? AND del_flag = 0
JDBC Connection [dm.jdbc.driver.DmdbConnection@4daacdbb] will not be managed by Spring
==>  Preparing: SELECT * FROM sys_user WHERE username = ? AND del_flag = 0
==> Parameters: admin(String)
<==    Columns: ID, USERNAME, REALNAME, PASSWORD, SALT, AVATAR, BIRTHDAY, SEX, EMAIL, PHONE, ORG_CODE, STATUS, DEL_FLAG, THIRD_ID, THIRD_TYPE, ACTIVITI_SYNC, WORK_NO, POST, TELEPHONE, CREATE_BY, CREATE_TIME, UPDATE_BY, UPDATE_TIME, USER_IDENTITY, DEPART_IDS, REL_TENANT_IDS, CLIENT_ID
<==        Row: e9ca23d68d884d4ebb19d07889727dae, admin, 管理员, cb362cfeefbf3d8d, RCGTeGiH, https://static.jeecg.com/temp/国炬软件logo_1606575029126.png, 2018-12-05 00:00:00, 1, jeecg@163.com, 18611111111, A01, 1, 0, null, null, 1, 00001, 总经理, null, null, 2019-06-21 00:00:00, admin, 2022-10-17 00:00:00, 2, <<BLOB>>, null, null
<==      Total: 1
Closing non transactional SqlSession [org.apache.ibatis.session.defaults.DefaultSqlSession@3e72b034]
2026-08-08 14:19:34.809 [http-nio-9999-exec-7] [34mINFO [0;39m [36mo.j.c.desensitization.aspect.SensitiveDataAspect:76[0;39m - 加密操作，Aspect程序耗时：3ms
Creating a new SqlSession
SqlSession [org.apache.ibatis.session.defaults.DefaultSqlSession@65dcc85a] was not registered for synchronization because synchronization is not active
original SQL: SELECT * FROM (
			   SELECT p.*
			   FROM  sys_permission p
			   WHERE (exists(
						select a.id from sys_role_permission a
						join sys_role b on a.role_id = b.id
						join sys_user_role c on c.role_id = b.id
						join sys_user d on d.id = c.user_id
						where p.id = a.permission_id AND d.username = ?
					)
					or (p.url like '%:code' and p.url like '/online%' and p.hidden = 1)
					or (p.url like '%:id' and p.url like '/online%' and p.hidden = 1)
					or p.url = '/online')
			   and p.del_flag = 0
			
			   UNION
			   SELECT p.*
			   FROM  sys_permission p
			   WHERE exists(
					select a.id from sys_depart_role_permission a
					join sys_depart_role b on a.role_id = b.id
					join sys_depart_role_user c on c.drole_id = b.id
					join sys_user d on d.id = c.user_id
					where p.id = a.permission_id AND d.username = ?
			   )
			   and p.del_flag = 0
			
		   ) h order by h.sort_no ASC
SQL to parse, SQL: SELECT * FROM (
			   SELECT p.*
			   FROM  sys_permission p
			   WHERE (exists(
						select a.id from sys_role_permission a
						join sys_role b on a.role_id = b.id
						join sys_user_role c on c.role_id = b.id
						join sys_user d on d.id = c.user_id
						where p.id = a.permission_id AND d.username = ?
					)
					or (p.url like '%:code' and p.url like '/online%' and p.hidden = 1)
					or (p.url like '%:id' and p.url like '/online%' and p.hidden = 1)
					or p.url = '/online')
			   and p.del_flag = 0
			
			   UNION
			   SELECT p.*
			   FROM  sys_permission p
			   WHERE exists(
					select a.id from sys_depart_role_permission a
					join sys_depart_role b on a.role_id = b.id
					join sys_depart_role_user c on c.drole_id = b.id
					join sys_user d on d.id = c.user_id
					where p.id = a.permission_id AND d.username = ?
			   )
			   and p.del_flag = 0
			
		   ) h order by h.sort_no ASC
parse the finished SQL: SELECT * FROM (SELECT p.* FROM sys_permission p WHERE (EXISTS (SELECT a.id FROM sys_role_permission a JOIN sys_role b ON a.role_id = b.id JOIN sys_user_role c ON c.role_id = b.id JOIN sys_user d ON d.id = c.user_id WHERE p.id = a.permission_id AND d.username = ?) OR (p.url LIKE '%:code' AND p.url LIKE '/online%' AND p.hidden = 1) OR (p.url LIKE '%:id' AND p.url LIKE '/online%' AND p.hidden = 1) OR p.url = '/online') AND p.del_flag = 0 UNION SELECT p.* FROM sys_permission p WHERE EXISTS (SELECT a.id FROM sys_depart_role_permission a JOIN sys_depart_role b ON a.role_id = b.id JOIN sys_depart_role_user c ON c.drole_id = b.id JOIN sys_user d ON d.id = c.user_id WHERE p.id = a.permission_id AND d.username = ?) AND p.del_flag = 0) h ORDER BY h.sort_no ASC
JDBC Connection [dm.jdbc.driver.DmdbConnection@4daacdbb] will not be managed by Spring
==>  Preparing: SELECT * FROM (SELECT p.* FROM sys_permission p WHERE (EXISTS (SELECT a.id FROM sys_role_permission a JOIN sys_role b ON a.role_id = b.id JOIN sys_user_role c ON c.role_id = b.id JOIN sys_user d ON d.id = c.user_id WHERE p.id = a.permission_id AND d.username = ?) OR (p.url LIKE '%:code' AND p.url LIKE '/online%' AND p.hidden = 1) OR (p.url LIKE '%:id' AND p.url LIKE '/online%' AND p.hidden = 1) OR p.url = '/online') AND p.del_flag = 0 UNION SELECT p.* FROM sys_permission p WHERE EXISTS (SELECT a.id FROM sys_depart_role_permission a JOIN sys_depart_role b ON a.role_id = b.id JOIN sys_depart_role_user c ON c.drole_id = b.id JOIN sys_user d ON d.id = c.user_id WHERE p.id = a.permission_id AND d.username = ?) AND p.del_flag = 0) h ORDER BY h.sort_no ASC
==> Parameters: admin(String), admin(String)
<==    Columns: ID, PARENT_ID, NAME, URL, COMPONENT, COMPONENT_NAME, REDIRECT, MENU_TYPE, PERMS, PERMS_TYPE, SORT_NO, ALWAYS_SHOW, ICON, IS_ROUTE, IS_LEAF, KEEP_ALIVE, HIDDEN, HIDE_TAB, DESCRIPTION, CREATE_BY, CREATE_TIME, UPDATE_BY, UPDATE_TIME, DEL_FLAG, RULE_FLAG, STATUS, INTERNAL_OR_EXTERNAL
<==        Row: 9502685863ab87f0ad1134142788a385, , 首页, /dashboard/analysis, dashboard/Analysis, null, null, 0, null, null, 0.0, 0, home, 1, 1, 0, 0, 0, null, null, 2018-12-25 20:34:38, admin, 2026-02-06 16:31:17, 0, 0, null, 0
<==        Row: 1260928341675982849, 3f915b2769fc80648e92d04e84ca059d, 添加按钮, null, null, null, null, 2, user:add, 1, 1.0, 0, null, 1, 1, 0, 0, null, null, admin, 2020-05-14 00:00:00, null, null, 0, 0, 1, 0
<==        Row: 2008069295683989506, 2008068007130886145, Word转DM, /302, 111, null, null, 1, null, 1, 1.0, 0, null, 1, 1, 0, 0, 0, null, admin, 2026-01-05 14:53:23, admin, 2026-01-08 20:59:19, 0, 0, 1, 0
<==        Row: 2008069592011567106, 2008069453259796481, 翻译, /305, 1111, null, null, 1, null, 1, 1.0, 0, null, 1, 1, 0, 0, 0, null, admin, 2026-01-05 14:54:34, admin, 2026-01-08 20:59:47, 0, 0, 1, 0
<==        Row: 2008070600762650625, 2008068063753990145, 数据模块导入, /402, 11, null, null, 1, null, 1, 1.0, 0, null, 1, 1, 0, 0, 0, null, admin, 2026-01-05 14:58:34, admin, 2026-01-08 21:00:31, 0, 0, 1, 0
<==        Row: 9cb91b8851db0cf7b19d7ecc2a8193dd, 1939e035e803a99ceecb6f5563570fb2, 我的任务表单, /modules/bpm/task/form/FormModule, modules/bpm/task/form/FormModule, null, null, 1, null, null, 1.0, 0, null, 1, 1, null, 0, null, null, admin, 2019-03-08 00:00:00, admin, 2019-03-08 00:00:00, 0, 0, null, null
<==        Row: 2008068408546750465, 2008067776595161090, 手册标准管理, /standard, ietm/standardmanagement/IetmStandardList, null, null, 1, null, 1, 1.0, 0, null, 1, 1, 0, 0, 0, null, admin, 2026-01-05 14:49:51, admin, 2026-01-08 20:25:41, 0, 0, 1, 0
<==        Row: 1260929666434318338, 3f915b2769fc80648e92d04e84ca059d, 用户编辑, null, null, null, null, 2, user:edit, 1, 1.0, 0, null, 1, 1, 0, 0, null, null, admin, 2020-05-14 00:00:00, null, null, 0, 0, 1, 0
<==        Row: 2008071144147316737, 2008068136860708865, 出版物管理, /602, 2, null, null, 1, null, 1, 1.0, 0, null, 1, 1, 0, 0, 0, null, admin, 2026-01-05 15:00:44, admin, 2026-01-08 21:01:23, 0, 0, 1, 0
<==        Row: 1a0811914300741f4e11838ff37a1d3a, 3f915b2769fc80648e92d04e84ca059d, 手机号禁用, null, null, null, null, 2, user:form:phone, 2, 1.0, 0, null, 0, 1, null, 0, null, null, admin, 2019-05-11 00:00:00, admin, 2019-05-11 00:00:00, 0, 0, 1, null
<==        Row: f2849d3814fc97993bfc519ae6bbf049, e41b69c57a941a3bbcce45032fe57605, AUTO复制表单, /online/copyform/:code, modules/online/cgform/OnlCgformCopyList, null, null, 1, null, 1, 1.0, 0, null, 1, 1, 0, 1, null, null, admin, 2019-08-29 00:00:00, null, null, 0, 0, 1, null
<==        Row: 2008070818400890882, 2008070671243735041, 导出数据模块, /405, 11, null, null, 1, null, 1, 1.0, 0, null, 1, 1, 0, 0, 0, null, admin, 2026-01-05 14:59:26, admin, 2026-01-08 21:00:49, 0, 0, 1, 0
<==        Row: 3f915b2769fc80648e92d04e84ca059d, d7d6e2e4e2934f2c9385a623fd98c6f3, 用户管理, /isystem/user, system/UserList, null, null, 1, null, null, 1.1, 0, null, 1, 0, 1, 0, 0, null, null, 2018-12-25 00:00:00, admin, 2022-10-14 00:00:00, 0, 0, null, 0
<==        Row: 190c2b43bec6a5f7a4194a85db67d96a, d7d6e2e4e2934f2c9385a623fd98c6f3, 角色管理, /isystem/roleUserList, system/RoleUserList, null, null, 1, null, null, 1.2, 0, null, 1, 1, 0, 0, null, null, admin, 2019-04-17 00:00:00, admin, 2019-12-25 00:00:00, 0, 0, null, 0
<==        Row: 1170592628746878978, d7d6e2e4e2934f2c9385a623fd98c6f3, 菜单管理, /isystem/newPermissionList, system/NewPermissionList, null, null, 1, null, 1, 1.3, 0, null, 1, 1, 0, 0, 0, null, admin, 2019-09-08 00:00:00, admin, 2022-10-14 00:00:00, 0, 0, 1, 0
<==        Row: 1280350452934307841, d7d6e2e4e2934f2c9385a623fd98c6f3, 租户管理, /isys/tenant, system/TenantList, null, null, 1, null, 1, 1.31, 0, null, 1, 1, 0, 0, null, null, admin, 2020-07-07 00:00:00, admin, 2021-08-16 00:00:00, 0, 0, 1, 0
<==        Row: 45c966826eeff4c99b8f8ebfe74511fc, d7d6e2e4e2934f2c9385a623fd98c6f3, 部门管理, /isystem/depart, system/DepartList, null, null, 1, null, null, 1.4, 0, null, 1, 1, 0, 0, null, null, admin, 2019-01-29 00:00:00, admin, 2019-12-25 00:00:00, 0, 0, null, 0
<==        Row: 2008069705744314370, 2008069453259796481, 设计视图设置, /306, 222, null, null, 1, null, 1, 2.0, 0, null, 1, 1, 0, 0, 0, null, admin, 2026-01-05 14:55:01, admin, 2026-01-08 20:59:57, 0, 0, 1, 0
<==        Row: 2008070905084571650, 2008070671243735041, 导出出版物模块, /406, 111, null, null, 1, null, 1, 2.0, 0, null, 1, 1, 0, 0, 0, null, admin, 2026-01-05 14:59:47, admin, 2026-01-08 21:00:57, 0, 0, 1, 0
<==        Row: 2008069375518371841, 2008068007130886145, DM离线编辑, /303, 1111, null, null, 1, null, 1, 2.0, 0, null, 1, 1, 0, 0, 0, null, admin, 2026-01-05 14:53:42, admin, 2026-01-08 20:59:28, 0, 0, 1, 0
<==        Row: 5c2f42277948043026b7a14692456828, d7d6e2e4e2934f2c9385a623fd98c6f3, 我的部门, /isystem/departUserList, system/DepartUserList, null, null, 1, null, null, 2.0, 0, null, 1, 1, 0, 0, null, null, admin, 2019-04-17 00:00:00, admin, 2019-12-25 00:00:00, 0, 0, null, 0
<==        Row: 2008068895991984130, 2008067884074201090, 项目信息码管理, /projectinformationcode, ietm/projectinformationcode/IetmProjectInformationCodeList, null, null, 1, null, 1, 2.0, 0, null, 1, 1, 0, 0, 0, null, admin, 2026-01-05 14:51:48, admin, 2026-01-12 10:30:54, 0, 0, 1, 0
<==        Row: 2008071223008620545, 2008068136860708865, 线性出版, /603, 1, null, null, 1, null, 1, 2.0, 0, , 1, 1, 0, 0, 0, null, admin, 2026-01-05 15:01:02, admin, 2026-01-08 21:01:31, 0, 0, 1, 0
<==        Row: 2008070671243735041, 2008068063753990145, 数据导出, /403, 22, null, null, 1, null, 1, 2.0, 0, null, 1, 0, 0, 0, 0, null, admin, 2026-01-05 14:58:51, admin, 2026-01-08 21:00:39, 0, 0, 1, 0
<==        Row: 2008068495435952129, 2008067776595161090, 手册预设模板管理, /standardtemplate, ietm/standardtemplatemanagement/StandardTemplateManagement, null, null, 1, null, 1, 2.0, 0, null, 1, 1, 0, 0, 0, null, admin, 2026-01-05 14:50:12, admin, 2026-01-12 11:32:20, 0, 0, 1, 0
<==        Row: 2008068972047298561, 2008067884074201090, 项目构型管理, /projectconfiguration, ietm/projectconfigurationmanagement/IetmProjectConfigurationManagementList, null, null, 1, null, 1, 3.0, 0, null, 1, 1, 0, 0, 0, null, admin, 2026-01-05 14:52:06, admin, 2026-02-10 11:38:25, 0, 0, 1, 0
<==        Row: 2008069453259796481, 2008068007130886145, 手册编辑设置, /304, 1111, null, null, 1, null, 1, 3.0, 0, null, 1, 0, 0, 0, 0, null, admin, 2026-01-05 14:54:00, admin, 2026-01-08 20:59:37, 0, 0, 1, 0
<==        Row: 2008071067370582018, 2008068063753990145, 数据交换记录, /408, 2, null, null, 1, null, 1, 3.0, 0, null, 1, 1, 0, 0, 0, null, admin, 2026-01-05 15:00:25, admin, 2026-01-08 21:01:11, 0, 0, 1, 0
<==        Row: 2008070986810585090, 2008070671243735041, 导出实体, /407, 111, null, null, 1, null, 1, 3.0, 0, , 1, 1, 0, 0, 0, null, admin, 2026-01-05 15:00:06, admin, 2026-01-08 21:01:03, 0, 0, 1, 0
<==        Row: 2008068602587836418, 2008067776595161090, 手册项目管理, /project, ietm/projectmanagement/IetmProjectList, null, null, 1, null, 1, 3.0, 0, null, 1, 1, 0, 0, 0, null, admin, 2026-01-05 14:50:38, admin, 2026-01-12 09:55:33, 0, 0, 1, 0
<==        Row: 2016742841506177025, 2008068007130886145, Edit, /IetmXmlEditor, ietm/ietmeditor/IetmXmlEditorPage, null, null, 1, null, 1, 4.0, 0, null, 1, 1, 0, 0, 0, null, admin, 2026-01-29 13:18:57, admin, 2026-01-29 14:25:28, 0, 0, 1, 0
<==        Row: 2008069040804524034, 2008067884074201090, 项目实体管理, /icnmanage, ietm/icnmanage/IetmIcnManageList, null, null, 1, null, 1, 4.0, 0, null, 1, 1, 0, 0, 0, null, admin, 2026-01-05 14:52:22, admin, 2026-02-06 11:27:24, 0, 0, 1, 0
<==        Row: 2008068672783708161, 2008067776595161090, 手册授权管理, /1005, ietm/ietmroleauth/IetmRoleauthList, null, null, 1, null, 1, 4.0, 0, null, 1, 1, 0, 0, 0, null, admin, 2026-01-05 14:50:54, admin, 2026-07-15 21:19:16, 0, 0, 1, 0
<==        Row: f1cb187abf927c88b89470d08615f5ac, d7d6e2e4e2934f2c9385a623fd98c6f3, 数据字典, /isystem/dict, system/DictList, null, null, 1, null, null, 5.0, 0, null, 1, 1, 0, 0, null, null, null, 2018-12-28 00:00:00, admin, 2020-02-23 00:00:00, 0, 0, null, 0
<==        Row: 2008069135360913409, 2008067884074201090, 项目数据模块管理, /ietmdatamodulemanagement, ietm/ietmdatamodulemanagement/IetmDataModuleList, null, null, 1, null, 1, 5.0, 0, null, 1, 1, 0, 0, 0, null, admin, 2026-01-05 14:52:45, admin, 2026-07-22 15:56:21, 0, 0, 1, 0
<==        Row: 1229674163694841857, e41b69c57a941a3bbcce45032fe57605, AUTO在线表单ERP, /online/cgformErpList/:code, modules/online/cgform/auto/erp/OnlCgformErpList, null, null, 1, null, 1, 5.0, 0, null, 1, 1, 0, 1, null, null, admin, 2020-02-18 00:00:00, admin, 2020-02-18 00:00:00, 0, 0, 1, 0
<==        Row: 1304032910990495745, e41b69c57a941a3bbcce45032fe57605, AUTO在线表单TAB, /online/cgformTabList/:code, modules/online/cgform/auto/tab/OnlCgformTabList, null, null, 1, null, 1, 8.0, 0, null, 1, 1, 0, 1, null, null, admin, 2020-09-10 00:00:00, admin, 2020-09-10 00:00:00, 0, 0, 1, 0
<==        Row: 22d6a3d39a59dd7ea9a30acfa6bfb0a5, e41b69c57a941a3bbcce45032fe57605, AUTO动态表单, /online/df/:table/:id, modules/online/cgform/auto/OnlineDynamicForm, null, null, 1, null, null, 9.0, 0, null, 0, 1, null, 1, null, null, admin, 2019-04-22 00:00:00, admin, 2019-04-30 00:00:00, 0, 0, null, null
<==        Row: fba41089766888023411a978d13c0aa4, e41b69c57a941a3bbcce45032fe57605, AUTO树表单列表, /online/cgformTreeList/:code, modules/online/cgform/auto/OnlCgformTreeList, null, null, 1, null, 1, 9.0, 0, null, 1, 1, null, 1, null, null, admin, 2019-05-21 00:00:00, admin, 2019-06-11 00:00:00, 0, 0, 1, null
<==        Row: 54097c6a3cf50fad0793a34beff1efdf, e41b69c57a941a3bbcce45032fe57605, AUTO在线表单, /online/cgformList/:code, modules/online/cgform/auto/OnlCgformAutoList, null, null, 1, null, null, 9.0, 0, null, 1, 1, null, 1, null, null, admin, 2019-03-19 00:00:00, admin, 2019-04-30 00:00:00, 0, 0, null, null
<==        Row: 9fe26464838de2ea5e90f2367e35efa0, e41b69c57a941a3bbcce45032fe57605, AUTO在线报表, /online/cgreport/:code, modules/online/cgreport/auto/OnlCgreportAutoList, onlineAutoList, null, 1, null, null, 9.0, 0, null, 1, 1, null, 1, null, null, admin, 2019-03-12 00:00:00, admin, 2019-04-30 00:00:00, 0, 0, null, null
<==        Row: 2008067776595161090, , 手册管理, /101, layouts/RouteView, null, null, 0, null, 1, 10.0, 0, copy, 1, 0, 0, 0, 0, null, admin, 2026-01-05 14:47:21, admin, 2026-01-05 15:29:10, 0, 0, 1, 0
<==        Row: 2008067884074201090, , 项目管理, /102, layouts/RouteView, null, null, 0, null, 1, 11.0, 0, audit, 1, 0, 0, 0, 0, null, admin, 2026-01-05 14:47:46, admin, 2026-01-05 15:26:04, 0, 0, 1, 0
<==        Row: 2008068007130886145, , 手册编辑, /301, layouts/RouteView, null, null, 0, null, 1, 12.0, 0, form, 1, 0, 0, 0, 0, null, admin, 2026-01-05 14:48:16, admin, 2026-01-08 20:59:10, 0, 0, 1, 0
<==        Row: 2008068063753990145, , 数据交换, /401, layouts/RouteView, null, null, 0, null, 1, 13.0, 0, interation, 1, 0, 0, 0, 0, null, admin, 2026-01-05 14:48:29, admin, 2026-01-08 21:00:07, 0, 0, 1, 0
<==        Row: 2008068136860708865, , 数据发布, /601, layouts/RouteView, null, null, 0, null, 1, 14.0, 0, global, 1, 0, 0, 0, 0, null, admin, 2026-01-05 14:48:47, admin, 2026-07-15 15:46:20, 0, 0, 1, 0
<==        Row: EFEDCB8751084A2DBB2471040E731073, , 浏览或编辑DM内容, /ietm/dm-content-editor/:id, ietm/ietmdatamodulemanagement/editor/DmContentEditor, DmContentEditor, null, 0, null, 1, 99.0, 0, null, 1, 1, 0, 1, 0, null, admin, 2026-08-01 17:28:57, admin, 2026-08-01 18:04:38, 0, 0, 1, 0
<==        Row: e41b69c57a941a3bbcce45032fe57605, , 在线开发, /online, layouts/RouteView, null, null, 0, null, null, 110.0, 0, cloud, 1, 0, 0, 0, 0, null, admin, 2019-03-08 00:00:00, admin, 2026-01-05 15:03:59, 0, 0, null, 0
<==        Row: d7d6e2e4e2934f2c9385a623fd98c6f3, , 系统管理, /isystem, layouts/RouteView, null, null, 0, null, null, 111.0, 0, setting, 1, 0, 0, 0, 0, null, null, 2018-12-25 00:00:00, admin, 2026-01-05 15:04:05, 0, 0, null, 0
<==        Row: 1235823781053313025, e41b69c57a941a3bbcce45032fe57605, AUTO在线内嵌子表, /online/cgformInnerTableList/:code, modules/online/cgform/auto/innerTable/OnlCgformInnerTableList, null, null, 1, null, 1, 999.0, 0, null, 1, 1, 0, 1, null, null, admin, 2020-03-06 00:00:00, admin, 2020-03-06 00:00:00, 0, 0, 1, 0
<==      Total: 50
Closing non transactional SqlSession [org.apache.ibatis.session.defaults.DefaultSqlSession@65dcc85a]
Creating a new SqlSession
SqlSession [org.apache.ibatis.session.defaults.DefaultSqlSession@3d71c933] was not registered for synchronization because synchronization is not active
original SQL: select role_code from sys_role where id in (select role_id from sys_user_role where user_id = (select id from sys_user where username=?))
SQL to parse, SQL: select role_code from sys_role where id in (select role_id from sys_user_role where user_id = (select id from sys_user where username=?))
parse the finished SQL: SELECT role_code FROM sys_role WHERE id IN (SELECT role_id FROM sys_user_role WHERE user_id = (SELECT id FROM sys_user WHERE username = ?))
JDBC Connection [dm.jdbc.driver.DmdbConnection@4daacdbb] will not be managed by Spring
==>  Preparing: SELECT role_code FROM sys_role WHERE id IN (SELECT role_id FROM sys_user_role WHERE user_id = (SELECT id FROM sys_user WHERE username = ?))
==> Parameters: admin(String)
<==    Columns: role_code
<==        Row: vue3
<==        Row: admin
<==      Total: 2
Closing non transactional SqlSession [org.apache.ibatis.session.defaults.DefaultSqlSession@3d71c933]
Creating a new SqlSession
SqlSession [org.apache.ibatis.session.defaults.DefaultSqlSession@2dd05dfb] was not registered for synchronization because synchronization is not active
original SQL: SELECT  id,parent_id,name,perms,perms_type,icon,component,component_name,url,redirect,sort_no,menu_type,is_leaf AS leaf,is_route AS route,keep_alive,description,create_by,del_flag,rule_flag,hidden,hide_tab,create_time,update_by,update_time,status,always_show,internal_or_external  FROM sys_permission 
 
 WHERE (del_flag = ? AND menu_type = ?)
SQL to parse, SQL: SELECT  id,parent_id,name,perms,perms_type,icon,component,component_name,url,redirect,sort_no,menu_type,is_leaf AS leaf,is_route AS route,keep_alive,description,create_by,del_flag,rule_flag,hidden,hide_tab,create_time,update_by,update_time,status,always_show,internal_or_external  FROM sys_permission 
 
 WHERE (del_flag = ? AND menu_type = ?)
parse the finished SQL: SELECT id, parent_id, name, perms, perms_type, icon, component, component_name, url, redirect, sort_no, menu_type, is_leaf AS leaf, is_route AS route, keep_alive, description, create_by, del_flag, rule_flag, hidden, hide_tab, create_time, update_by, update_time, status, always_show, internal_or_external FROM sys_permission WHERE (del_flag = ? AND menu_type = ?)
JDBC Connection [dm.jdbc.driver.DmdbConnection@4daacdbb] will not be managed by Spring
==>  Preparing: SELECT id, parent_id, name, perms, perms_type, icon, component, component_name, url, redirect, sort_no, menu_type, is_leaf AS leaf, is_route AS route, keep_alive, description, create_by, del_flag, rule_flag, hidden, hide_tab, create_time, update_by, update_time, status, always_show, internal_or_external FROM sys_permission WHERE (del_flag = ? AND menu_type = ?)
==> Parameters: 0(Integer), 2(Integer)
<==    Columns: id, parent_id, name, perms, perms_type, icon, component, component_name, url, redirect, sort_no, menu_type, leaf, route, keep_alive, description, create_by, del_flag, rule_flag, hidden, hide_tab, create_time, update_by, update_time, status, always_show, internal_or_external
<==        Row: 1400726868091015170, 4148ec82b6acd69f470bea75fe41c357, demo添加功能, demo:add, 1, null, null, null, null, null, null, 2, 1, 1, 0, null, admin, 0, 0, 0, null, 2021-06-04 16:11:24, null, null, 1, 0, 0
<==        Row: 0ac2ad938963b6c6d1af25477d5b8b51, 8d4683aacaa997ab86b966b464360338, 代码生成按钮, online:goGenerateCode, 1, null, null, null, null, null, 1.0, 2, 1, 1, null, null, admin, 0, 0, 0, null, 2019-06-11 00:00:00, null, null, 1, 0, null
<==        Row: 1260928341675982849, 3f915b2769fc80648e92d04e84ca059d, 添加按钮, user:add, 1, null, null, null, null, null, 1.0, 2, 1, 1, 0, null, admin, 0, 0, 0, null, 2020-05-14 00:00:00, null, null, 1, 0, 0
<==        Row: 1260929666434318338, 3f915b2769fc80648e92d04e84ca059d, 用户编辑, user:edit, 1, null, null, null, null, null, 1.0, 2, 1, 1, 0, null, admin, 0, 0, 0, null, 2020-05-14 00:00:00, null, null, 1, 0, 0
<==        Row: 1260931366557696001, 3f915b2769fc80648e92d04e84ca059d, 表单性别可见, user:sex, 1, null, null, null, null, null, 1.0, 2, 1, 1, 0, null, admin, 0, 0, 0, null, 2020-05-14 00:00:00, admin, 2020-05-14 00:00:00, 1, 0, 0
<==        Row: 1260933542969458689, 3f915b2769fc80648e92d04e84ca059d, 禁用生日字段, user:form:birthday, 2, null, null, null, null, null, 1.0, 2, 1, 1, 0, null, admin, 0, 0, 0, null, 2020-05-14 00:00:00, null, null, 1, 0, 0
<==        Row: 1a0811914300741f4e11838ff37a1d3a, 3f915b2769fc80648e92d04e84ca059d, 手机号禁用, user:form:phone, 2, null, null, null, null, null, 1.0, 2, 1, 0, null, null, admin, 0, 0, 0, null, 2019-05-11 00:00:00, admin, 2019-05-11 00:00:00, 1, 0, null
<==      Total: 7
Closing non transactional SqlSession [org.apache.ibatis.session.defaults.DefaultSqlSession@2dd05dfb]
Creating a new SqlSession
SqlSession [org.apache.ibatis.session.defaults.DefaultSqlSession@1e6ed991] was not registered for synchronization because synchronization is not active
original SQL: SELECT id,project_id,project_name,sns,info_code,info_code_variant,ietm_location_code,learn_code,learn_event_code,year_of_change,seq_no,language_iso_code,country_iso_code,originator,originator_name,rpc,rpc_name,issue_no,in_work,version_type,tech_name,info_name,tech_name_en,info_name_en,cm_node_id,cm_node_name,cm_node_path,is_latest,status,checkout_user,checkout_time,checkin_time,checkout_dm_id,publish_date,workflow_instance_id,workflow_status,workflow_step,workflow_handler,dm_content,dm_type,security,ref_count,refed_count,remark,reason,create_by,create_time,update_by,update_time,version,sys_org_code,info_code_part,dmc_code,issue_date,security_classification,language,attribute_05 FROM ietm_data_module WHERE id=? 
SQL to parse, SQL: SELECT id,project_id,project_name,sns,info_code,info_code_variant,ietm_location_code,learn_code,learn_event_code,year_of_change,seq_no,language_iso_code,country_iso_code,originator,originator_name,rpc,rpc_name,issue_no,in_work,version_type,tech_name,info_name,tech_name_en,info_name_en,cm_node_id,cm_node_name,cm_node_path,is_latest,status,checkout_user,checkout_time,checkin_time,checkout_dm_id,publish_date,workflow_instance_id,workflow_status,workflow_step,workflow_handler,dm_content,dm_type,security,ref_count,refed_count,remark,reason,create_by,create_time,update_by,update_time,version,sys_org_code,info_code_part,dmc_code,issue_date,security_classification,language,attribute_05 FROM ietm_data_module WHERE id=? 
parse the finished SQL: SELECT id, project_id, project_name, sns, info_code, info_code_variant, ietm_location_code, learn_code, learn_event_code, year_of_change, seq_no, language_iso_code, country_iso_code, originator, originator_name, rpc, rpc_name, issue_no, in_work, version_type, tech_name, info_name, tech_name_en, info_name_en, cm_node_id, cm_node_name, cm_node_path, is_latest, status, checkout_user, checkout_time, checkin_time, checkout_dm_id, publish_date, workflow_instance_id, workflow_status, workflow_step, workflow_handler, dm_content, dm_type, security, ref_count, refed_count, remark, reason, create_by, create_time, update_by, update_time, version, sys_org_code, info_code_part, dmc_code, issue_date, security_classification, language, attribute_05 FROM ietm_data_module WHERE id = ?
JDBC Connection [dm.jdbc.driver.DmdbConnection@4daacdbb] will not be managed by Spring
==>  Preparing: SELECT id, project_id, project_name, sns, info_code, info_code_variant, ietm_location_code, learn_code, learn_event_code, year_of_change, seq_no, language_iso_code, country_iso_code, originator, originator_name, rpc, rpc_name, issue_no, in_work, version_type, tech_name, info_name, tech_name_en, info_name_en, cm_node_id, cm_node_name, cm_node_path, is_latest, status, checkout_user, checkout_time, checkin_time, checkout_dm_id, publish_date, workflow_instance_id, workflow_status, workflow_step, workflow_handler, dm_content, dm_type, security, ref_count, refed_count, remark, reason, create_by, create_time, update_by, update_time, version, sys_org_code, info_code_part, dmc_code, issue_date, security_classification, language, attribute_05 FROM ietm_data_module WHERE id = ?
==> Parameters: 2083905781513461761(String)
<==      Total: 0
Closing non transactional SqlSession [org.apache.ibatis.session.defaults.DefaultSqlSession@1e6ed991]
Creating a new SqlSession
SqlSession [org.apache.ibatis.session.defaults.DefaultSqlSession@11c19c99] was not registered for synchronization because synchronization is not active
JDBC Connection [dm.jdbc.driver.DmdbConnection@4daacdbb] will not be managed by Spring
==>  Preparing: insert into sys_log (id, log_type, log_content, method, operate_type, request_url, request_type, request_param, ip, userid, username, cost_time, create_time,create_by) values( ?, ?, ?, ?, ?, ?, ?, ?, ?, ?, ?, ?, ?, ? )
==> Parameters: 2085974186840268802(String), 2(Integer), DM内容编辑器-加载(String), org.jeecg.modules.ietm.ietmdatamodulemanagement.controller.IetmDmContentController.load()(String), 1(Integer), null, null,   id: 2083905781513461761(String), 0:0:0:0:0:0:0:1(String), admin(String), 管理员(String), 7(Long), 2026-08-08 14:19:36.326(Timestamp), null
<==    Updates: 1
Closing non transactional SqlSession [org.apache.ibatis.session.defaults.DefaultSqlSession@11c19c99]
Creating a new SqlSession
SqlSession [org.apache.ibatis.session.defaults.DefaultSqlSession@185d667b] was not registered for synchronization because synchronization is not active
original SQL: SELECT  id,username,realname,password,salt,avatar,birthday,sex,email,phone,org_code,status,del_flag,work_no,post,telephone,create_by,create_time,update_by,update_time,activiti_sync,user_identity,depart_ids,rel_tenant_ids,client_id  FROM sys_user 
 WHERE  del_flag=0

AND (username = ?)
SQL to parse, SQL: SELECT  id,username,realname,password,salt,avatar,birthday,sex,email,phone,org_code,status,del_flag,work_no,post,telephone,create_by,create_time,update_by,update_time,activiti_sync,user_identity,depart_ids,rel_tenant_ids,client_id  FROM sys_user 
 WHERE  del_flag=0

AND (username = ?)
parse the finished SQL: SELECT id, username, realname, password, salt, avatar, birthday, sex, email, phone, org_code, status, del_flag, work_no, post, telephone, create_by, create_time, update_by, update_time, activiti_sync, user_identity, depart_ids, rel_tenant_ids, client_id FROM sys_user WHERE del_flag = 0 AND (username = ?)
JDBC Connection [dm.jdbc.driver.DmdbConnection@4daacdbb] will not be managed by Spring
==>  Preparing: SELECT id, username, realname, password, salt, avatar, birthday, sex, email, phone, org_code, status, del_flag, work_no, post, telephone, create_by, create_time, update_by, update_time, activiti_sync, user_identity, depart_ids, rel_tenant_ids, client_id FROM sys_user WHERE del_flag = 0 AND (username = ?)
==> Parameters: admin(String)
<==    Columns: id, username, realname, password, SALT, avatar, birthday, sex, email, phone, org_code, status, del_flag, work_no, post, telephone, create_by, create_time, update_by, update_time, activiti_sync, user_identity, depart_ids, rel_tenant_ids, client_id
<==        Row: e9ca23d68d884d4ebb19d07889727dae, admin, 管理员, cb362cfeefbf3d8d, RCGTeGiH, https://static.jeecg.com/temp/国炬软件logo_1606575029126.png, 2018-12-05 00:00:00, 1, jeecg@163.com, 18611111111, A01, 1, 0, 00001, 总经理, null, null, 2019-06-21 00:00:00, admin, 2022-10-17 00:00:00, 1, 2, <<BLOB>>, null, null
<==      Total: 1
Closing non transactional SqlSession [org.apache.ibatis.session.defaults.DefaultSqlSession@185d667b]
Creating a new SqlSession
SqlSession [org.apache.ibatis.session.defaults.DefaultSqlSession@532b7426] was not registered for synchronization because synchronization is not active
original SQL: select * from sys_depart where id IN ( select dep_id from sys_user_depart where user_id = ? )
SQL to parse, SQL: select * from sys_depart where id IN ( select dep_id from sys_user_depart where user_id = ? )
parse the finished SQL: SELECT * FROM sys_depart WHERE id IN (SELECT dep_id FROM sys_user_depart WHERE user_id = ?)
JDBC Connection [dm.jdbc.driver.DmdbConnection@4daacdbb] will not be managed by Spring
==>  Preparing: SELECT * FROM sys_depart WHERE id IN (SELECT dep_id FROM sys_user_depart WHERE user_id = ?)
==> Parameters: e9ca23d68d884d4ebb19d07889727dae(String)
<==    Columns: ID, PARENT_ID, DEPART_NAME, DEPART_NAME_EN, DEPART_NAME_ABBR, DEPART_ORDER, DESCRIPTION, ORG_CATEGORY, ORG_TYPE, ORG_CODE, MOBILE, FAX, ADDRESS, MEMO, STATUS, DEL_FLAG, QYWX_IDENTIFIER, CREATE_BY, CREATE_TIME, UPDATE_BY, UPDATE_TIME
<==        Row: c6d7cb4deeac411cb3384b1b31278596, , 北京国炬软件, null, null, 0, null, 1, 1, A01, null, null, null, null, null, 0, null, admin, 2019-02-11 14:21:51, admin, 2020-05-02 18:21:27
<==      Total: 1
Closing non transactional SqlSession [org.apache.ibatis.session.defaults.DefaultSqlSession@532b7426]
Creating a new SqlSession
SqlSession [org.apache.ibatis.session.defaults.DefaultSqlSession@73359065] was not registered for synchronization because synchronization is not active
JDBC Connection [dm.jdbc.driver.DmdbConnection@4daacdbb] will not be managed by Spring
original SQL: UPDATE sys_user SET org_code = ? where username = ?
SQL to parse, SQL: UPDATE sys_user SET org_code = ? where username = ?
parse the finished SQL: UPDATE sys_user SET org_code = ? WHERE username = ?
==>  Preparing: UPDATE sys_user SET org_code = ? WHERE username = ?
==> Parameters: A01(String), admin(String)
<==    Updates: 1
Closing non transactional SqlSession [org.apache.ibatis.session.defaults.DefaultSqlSession@73359065]
2026-08-08 14:19:48.552 [http-nio-9999-exec-9] [34mINFO [0;39m [36mo.j.c.modules.redis.writer.JeecgRedisCacheWriter:113[0;39m - redis remove key:sys:cache:encrypt:user::admin
Creating a new SqlSession
SqlSession [org.apache.ibatis.session.defaults.DefaultSqlSession@208bafa6] was not registered for synchronization because synchronization is not active
original SQL: SELECT  id,type,dict_name,dict_code,description,del_flag,create_by,create_time,update_by,update_time  FROM sys_dict 
 WHERE del_flag=0
SQL to parse, SQL: SELECT  id,type,dict_name,dict_code,description,del_flag,create_by,create_time,update_by,update_time  FROM sys_dict 
 WHERE del_flag=0
parse the finished SQL: SELECT id, type, dict_name, dict_code, description, del_flag, create_by, create_time, update_by, update_time FROM sys_dict WHERE del_flag = 0
JDBC Connection [dm.jdbc.driver.DmdbConnection@4daacdbb] will not be managed by Spring
==>  Preparing: SELECT id, type, dict_name, dict_code, description, del_flag, create_by, create_time, update_by, update_time FROM sys_dict WHERE del_flag = 0
==> Parameters: 
<==    Columns: id, TYPE, dict_name, dict_code, description, del_flag, create_by, create_time, update_by, update_time
<==        Row: 0b5d19e1fce4b2e6647e6b4a17760c14, 0, 通告类型, msg_category, 消息类型1:通知公告2:系统消息, 0, admin, 2019-04-22 18:01:35, null, null
<==        Row: 1174509082208395266, 0, 职务职级, position_rank, 职务表职级字典, 0, admin, 2019-09-19 10:22:41, null, null
<==        Row: 1174511106530525185, 0, 机构类型, org_category, 机构类型 1公司，2部门 3岗位, 0, admin, 2019-09-19 10:30:43, null, null
<==        Row: 1178295274528845826, null, 表单权限策略, form_perms_type, , 0, admin, 2019-09-29 21:07:39, admin, 2019-09-29 21:08:26
<==        Row: 1199517671259906049, 0, 紧急程度, urgent_level, 日程计划紧急程度, 0, admin, 2019-11-27 10:37:53, null, null
<==        Row: 1199518099888414722, 0, 日程计划类型, eoa_plan_type, , 0, admin, 2019-11-27 10:39:36, null, null
<==        Row: 1199520177767587841, 0, 分类栏目类型, eoa_cms_menu_type, , 0, admin, 2019-11-27 10:47:51, admin, 2019-11-27 10:49:35
<==        Row: 1199525215290306561, 0, 日程计划状态, eoa_plan_status, , 0, admin, 2019-11-27 11:07:52, admin, 2019-11-27 11:10:11
<==        Row: 1209733563293962241, 0, 数据库类型, database_type, , 0, admin, 2019-12-25 15:12:12, null, null
<==        Row: 1232913193820581889, 0, Online表单业务分类, ol_form_biz_type, , 0, admin, 2020-02-27 14:19:46, admin, 2020-02-27 14:20:23
<==        Row: 1242298510024429569, 0, 提醒方式, remindMode, , 0, admin, 2020-03-24 11:53:40, admin, 2020-03-24 12:03:22
<==        Row: 1250687930947620866, null, 定时任务状态, quartz_status, , 0, admin, 2020-04-16 15:30:14, , null
<==        Row: 1280401766745718786, 0, 租户状态, tenant_status, 租户状态, 0, admin, 2020-07-07 15:22:25, null, null
<==        Row: 1356445645198135298, 0, 开关, is_open, , 0, admin, 2021-02-02 11:33:38, admin, 2021-02-02 15:28:12
<==        Row: 236e8a4baff0db8c62c00dd95632834f, 0, 同步工作流引擎, activiti_sync, 同步工作流引擎, 0, admin, 2019-05-15 15:27:33, null, null
<==        Row: 2e02df51611a4b9632828ab7e5338f00, 0, 权限策略, perms_type, 权限策略, 0, admin, 2019-04-26 18:26:55, null, null
<==        Row: 2f0320997ade5dd147c90130f7218c3e, 0, 推送类别, msg_type, , 0, admin, 2019-03-17 21:21:32, admin, 2019-03-26 19:57:45
<==        Row: 3486f32803bb953e7155dab3513dc68b, 0, 删除状态, del_flag, null, 0, admin, 2019-01-18 21:46:26, admin, 2019-03-30 11:17:11
<==        Row: 3d9a351be3436fbefb1307d4cfb49bf2, 1, 性别, sex, null, 0, null, 2019-01-04 14:56:32, admin, 2019-03-30 11:28:27
<==        Row: 4274efc2292239b6f000b153f50823ff, 0, 全局权限策略, global_perms_type, 全局权限策略, 0, admin, 2019-05-10 17:54:05, null, null
<==        Row: 4c03fca6bf1f0299c381213961566349, 0, Online图表展示模板, online_graph_display_template, Online图表展示模板, 0, admin, 2019-04-12 17:28:50, null, null
<==        Row: 4c753b5293304e7a445fd2741b46529d, 1, 字典状态, dict_item_status, null, 0, admin, 2020-06-18 23:18:42, admin, 2019-03-30 19:33:52
<==        Row: 4d7fec1a7799a436d26d02325eff295e, 0, 优先级, priority, 优先级, 0, admin, 2019-03-16 17:03:34, admin, 2019-04-16 17:39:23
<==        Row: 4e4602b3e3686f0911384e188dc7efb4, 0, 条件规则, rule_conditions, , 0, admin, 2019-04-01 10:15:03, admin, 2019-04-01 10:30:47
<==        Row: 4f69be5f507accea8d5df5f11346181a, 0, 发送消息类型, msgType, null, 0, admin, 2019-04-11 14:27:09, null, null
<==        Row: 68168534ff5065a152bfab275c2136f8, 0, 有效无效状态, valid_status, 有效无效状态, 0, admin, 2020-09-26 19:21:14, admin, 2019-04-26 19:21:23
<==        Row: 6b78e3f59faec1a4750acff08030a79b, 0, 用户类型, user_type, null, 0, null, 2019-01-04 14:59:01, admin, 2019-03-18 23:28:18
<==        Row: 72cce0989df68887546746d8f09811aa, 0, Online表单类型, cgform_table_type, , 0, admin, 2019-01-27 10:13:02, admin, 2019-03-30 11:37:36
<==        Row: 78bda155fe380b1b3f175f1e88c284c6, 0, 流程状态, bpm_status, 流程状态, 0, admin, 2019-05-09 16:31:52, null, null
<==        Row: 83bfb33147013cc81640d5fd9eda030c, 1, 日志类型, log_type, null, 0, admin, 2019-03-18 23:22:19, null, null
<==        Row: 845da5006c97754728bf48b6a10f79cc, 0, 状态, status, null, 0, admin, 2019-03-18 21:45:25, admin, 2019-03-18 21:58:25
<==        Row: 880a895c98afeca9d9ac39f29e67c13e, 0, 操作类型, operate_type, 操作类型, 0, admin, 2019-07-22 10:54:29, null, null
<==        Row: 8dfe32e2d29ea9430a988b3b558bf233, 0, 发布状态, send_status, 发布状态, 0, admin, 2019-04-16 17:40:42, null, null
<==        Row: a7adbcd86c37f7dbc9b66945c82ef9e6, 0, 1是0否, yn, , 0, admin, 2019-05-22 19:29:29, null, null
<==        Row: a9d9942bd0eccb6e89de92d130ec4c4a, 0, 消息发送状态, msgSendStatus, null, 0, admin, 2019-04-12 18:18:17, null, null
<==        Row: ac2f7c0c5c5775fcea7e2387bcb22f01, 1, 菜单类型, menu_type, null, 0, admin, 2020-12-18 23:24:32, admin, 2019-04-01 15:27:06
<==        Row: ad7c65ba97c20a6805d5dcdf13cdaf36, 0, onlineT类型, ceshi_online, null, 0, admin, 2019-03-22 16:31:49, admin, 2019-03-22 16:34:16
<==        Row: bd1b8bc28e65d6feefefb6f3c79f42fd, 0, Online图表数据类型, online_graph_data_type, Online图表数据类型, 0, admin, 2019-04-12 17:24:24, admin, 2019-04-12 17:24:57
<==        Row: c36169beb12de8a71c8683ee7c28a503, 0, 部门状态, depart_status, null, 0, admin, 2019-03-18 21:59:51, null, null
<==        Row: c5a14c75172783d72cbee6ee7f5df5d1, 0, Online图表类型, online_graph_type, Online图表类型, 0, admin, 2019-04-12 17:04:06, null, null
<==        Row: d6e1152968b02d69ff358c75b48a6ee1, 0, 流程类型, bpm_process_type, null, 0, admin, 2021-02-22 19:26:54, admin, 2019-03-30 18:14:44
<==        Row: fc6cd58fde2e8481db10d3a1e68ce70c, 1, 用户状态, user_status, null, 0, admin, 2019-03-18 21:57:25, admin, 2019-03-18 23:11:58
<==        Row: 2008794656772255745, 0, 密级, security, 密级（ietm项目用）, 0, admin, 2026-01-07 14:55:42, null, null
<==        Row: 2009149820169641986, 0, 标准版本, standard_type, 标准版本, 0, admin, 2026-01-08 14:27:00, admin, 2026-07-13 19:39:51
<==        Row: 2009158440265474049, 0, 装备类型, equipment_type, , 0, admin, 2026-01-08 15:01:15, admin, 2026-01-08 15:20:23
<==        Row: 9e203d99a790493aa44a964b28d13c7f, 0, 机构评级, agency_rating, 机构评级字典, 0, admin, 2026-04-27 22:23:33, admin, 2026-04-27 22:23:33
<==        Row: 52db14900acf4ef386ed34c0e2030afc, 1, 项目状态, project_status, 项目状态字典, 0, admin, 2026-04-27 22:24:16, null, null
<==        Row: 1750000000011, 0, DM状态, dm_status, IETM数据模块状态, 0, null, 2026-07-22 13:57:03, null, null
<==        Row: 1750000000012, 0, 工作流状态, workflow_status, IETM工作流状态, 0, null, 2026-07-22 13:57:09, null, null
<==        Row: 1750000000013, 0, 语言代码, language, ISO 639-1语言代码, 0, null, 2026-07-22 13:57:16, null, null
<==        Row: 1750000000014, 0, 国家代码, country, ISO 3166-1国家代码, 0, null, 2026-07-22 13:57:22, null, null
<==        Row: 1750000000015, 0, 技术名称, tech_name, IETM技术名称（DMC第9段）, 0, null, 2026-07-22 13:57:28, null, null
<==        Row: 1750000000016, 0, 信息名称, info_name, IETM信息名称（DMC第10段）, 0, null, 2026-07-22 13:57:38, null, null
<==        Row: 1750000000017, 0, 变体代码, variant_code, IETM变体代码（DMC第11段A）, 0, null, 2026-07-22 13:57:45, null, null
<==        Row: 1750000000018, 0, 拆卸代码, disassy_code, IETM拆卸代码（DMC第11段B）, 0, null, 2026-07-22 13:57:49, null, null
<==        Row: 1750000000019, 0, 发布类型, issue_type, IETM发布类型（DMC第11段C）, 0, null, 2026-07-22 13:57:55, null, null
<==        Row: 1750000000010, 0, DM类型, dm_type, IETM数据模块类型分类, 0, null, 2026-07-22 13:58:22, null, null
<==        Row: 1815001, 0, DM签出状态, dm_checkout_status, 数据模块签出状态：未签出/已签出, 0, admin, 2026-07-22 15:22:50, null, null
<==        Row: 1815002, 0, DM技术名称类型, dm_tech_name_type, 数据模块技术名称分类, 0, admin, 2026-07-22 15:22:50, null, null
<==        Row: 1815003, 0, DM信息名称类型, dm_info_name_type, 数据模块信息名称分类, 0, admin, 2026-07-22 15:22:50, null, null
<==        Row: 1815004, 0, DM责任伙伴公司, dm_rpc_type, 责任伙伴公司编号, 0, admin, 2026-07-22 15:22:50, null, null
<==        Row: 1815005, 0, DM更新控制状态, dm_update_control, 数据模块更新控制状态, 0, admin, 2026-07-22 15:22:51, null, null
<==        Row: 1815006, 0, DM应用范围, dm_applicability, 数据模块适用范围, 0, admin, 2026-07-22 15:22:51, null, null
<==        Row: 1815007, 0, DM发布模式, dm_publish_mode, 数据模块发布模式, 0, admin, 2026-07-22 15:22:51, null, null
<==        Row: 1815008, 0, DM校验级别, dm_validate_level, 数据模块校验级别, 0, admin, 2026-07-22 15:22:51, null, null
<==        Row: 1815009, 0, DM复制类型, dm_copy_type, 数据模块复制类型, 0, admin, 2026-07-22 15:22:51, null, null
<==        Row: 1815010, 0, DM版本操作类型, dm_version_action, 数据模块版本操作记录, 0, admin, 2026-07-22 15:22:51, null, null
<==        Row: 1815011, 0, DM文件类型, dm_file_type, 数据模块资源文件类型, 0, admin, 2026-07-22 15:22:51, null, null
<==        Row: 1815012, 0, DM工作流步骤, dm_workflow_step, 数据模块工作流步骤, 0, admin, 2026-07-22 15:22:51, null, null
<==        Row: 1815013, 0, DM引用状态, dm_reference_status, 数据模块引用关系状态, 0, admin, 2026-07-22 15:22:51, null, null
<==        Row: dm_location_code_001, 0, DM位置码, dm_location_code, IETM位置码（A/B/C/D/T）S1000D标准, 0, admin, 2026-07-23 09:10:21, null, null
<==        Row: dm_version_type_001, 0, DM版本类型, dm_version_type, 版本类型（草稿/已发布）, 0, admin, 2026-07-23 09:10:53, null, null
<==        Row: dm_version_action_type_001, 0, DM版本操作类型, dm_version_action_type, 版本操作（inwork/issue）, 0, admin, 2026-07-23 09:11:40, null, null
<==        Row: dm_ref_type_001, 0, DM引用类型, dm_ref_type, DM引用关系类型（dmRef/dmlRef/pmRef）, 0, admin, 2026-07-23 09:11:55, null, null
<==        Row: 7FAAEB0E8EBE406CBCC3A1FD68AE1F36, 0, DM密级, dm_security, 数据模块密级（S1000D标准）, 0, admin, 2026-07-25 00:11:14, null, null
<==      Total: 75
Closing non transactional SqlSession [org.apache.ibatis.session.defaults.DefaultSqlSession@208bafa6]
Creating a new SqlSession
SqlSession [org.apache.ibatis.session.defaults.DefaultSqlSession@53966b72] was not registered for synchronization because synchronization is not active
original SQL: SELECT  id,dict_id,item_text,item_value,description,sort_order,status,create_by,create_time,update_by,update_time  FROM sys_dict_item 
 
 WHERE (status = ?) ORDER BY sort_order ASC
SQL to parse, SQL: SELECT  id,dict_id,item_text,item_value,description,sort_order,status,create_by,create_time,update_by,update_time  FROM sys_dict_item 
 
 WHERE (status = ?) ORDER BY sort_order ASC
parse the finished SQL: SELECT id, dict_id, item_text, item_value, description, sort_order, status, create_by, create_time, update_by, update_time FROM sys_dict_item WHERE (status = ?) ORDER BY sort_order ASC
JDBC Connection [dm.jdbc.driver.DmdbConnection@4daacdbb] will not be managed by Spring
==>  Preparing: SELECT id, dict_id, item_text, item_value, description, sort_order, status, create_by, create_time, update_by, update_time FROM sys_dict_item WHERE (status = ?) ORDER BY sort_order ASC
==> Parameters: 1(Integer)
<==    Columns: id, dict_id, item_text, item_value, description, sort_order, status, create_by, create_time, update_by, update_time
<==        Row: f37f90c496ec9841c4c326b065e00bb2, 83bfb33147013cc81640d5fd9eda030c, 登录日志, 1, null, null, 1, admin, 2019-03-18 23:22:37, null, null
<==        Row: f2a7920421f3335afdf6ad2b342f6b5d, 845da5006c97754728bf48b6a10f79cc, 冻结, 2, null, null, 1, admin, 2019-03-18 21:46:02, null, null
<==        Row: b2a8b4bb2c8e66c2c4b1bb086337f393, 3486f32803bb953e7155dab3513dc68b, 正常, 0, null, null, 1, admin, 2022-10-18 21:46:48, admin, 2019-03-28 22:22:20
<==        Row: aa0d8a8042a18715a17f0a888d360aa4, ac2f7c0c5c5775fcea7e2387bcb22f01, 一级菜单, 0, null, null, 1, admin, 2019-03-18 23:24:52, null, null
<==        Row: 86f19c7e0a73a0bae451021ac05b99dd, ac2f7c0c5c5775fcea7e2387bcb22f01, 子菜单, 1, null, null, 1, admin, 2019-03-18 23:25:27, null, null
<==        Row: 81fb2bb0e838dc68b43f96cc309f8257, fc6cd58fde2e8481db10d3a1e68ce70c, 冻结, 2, null, null, 1, admin, 2019-03-18 23:30:37, null, null
<==        Row: 7ccf7b80c70ee002eceb3116854b75cb, ac2f7c0c5c5775fcea7e2387bcb22f01, 按钮权限, 2, null, null, 1, admin, 2019-03-18 23:25:40, null, null
<==        Row: 78ea6cadac457967a4b1c4eb7aaa418c, fc6cd58fde2e8481db10d3a1e68ce70c, 正常, 1, null, null, 1, admin, 2019-03-18 23:30:28, null, null
<==        Row: 7688469db4a3eba61e6e35578dc7c2e5, c36169beb12de8a71c8683ee7c28a503, 启用, 1, null, null, 1, admin, 2019-03-18 23:29:28, null, null
<==        Row: 75b260d7db45a39fc7f21badeabdb0ed, c36169beb12de8a71c8683ee7c28a503, 不启用, 0, null, null, 1, admin, 2019-03-18 23:29:41, admin, 2019-03-18 23:29:54
<==        Row: 700e9f030654f3f90e9ba76ab0713551, 6b78e3f59faec1a4750acff08030a79b, 333, 333, null, null, 1, admin, 2019-02-21 19:59:47, null, null
<==        Row: 5b65a88f076b32e8e69d19bbaadb52d5, 2f0320997ade5dd147c90130f7218c3e, 全体用户, ALL, null, null, 1, admin, 2020-10-17 21:22:43, admin, 2019-03-28 22:17:09
<==        Row: 4f05fb5376f4c61502c5105f52e4dd2b, 83bfb33147013cc81640d5fd9eda030c, 操作日志, 2, null, null, 1, admin, 2019-03-18 23:22:49, null, null
<==        Row: 43d2295b8610adce9510ff196a49c6e9, 845da5006c97754728bf48b6a10f79cc, 正常, 1, null, null, 1, admin, 2019-03-18 21:45:51, null, null
<==        Row: 0c9532916f5cd722017b46bc4d953e41, 2f0320997ade5dd147c90130f7218c3e, 指定用户, USER, null, null, 1, admin, 2019-03-17 21:22:19, admin, 2019-03-17 21:22:28
<==        Row: 05a2e732ce7b00aa52141ecc3e330b4e, 3486f32803bb953e7155dab3513dc68b, 已删除, 1, null, null, 1, admin, 2025-10-18 21:46:56, admin, 2019-03-28 22:23:20
<==        Row: 8c618902365ca681ebbbe1e28f11a548, 4c753b5293304e7a445fd2741b46529d, 启用, 1, , 0, 1, admin, 2020-07-18 23:19:27, admin, 2019-05-17 14:51:18
<==        Row: 1750000001801, 1750000000018, 拆卸到0级, 0, 完全拆卸, 1, 1, null, 2026-07-22 13:57:50, null, null
<==        Row: 1ce390c52453891f93514c1bd2795d44, ad7c65ba97c20a6805d5dcdf13cdaf36, 000, 00, null, 1, 1, admin, 2019-03-22 16:34:34, null, null
<==        Row: df168368dcef46cade2aadd80100d8aa, 3d9a351be3436fbefb1307d4cfb49bf2, 男, 1, null, 1, 1, null, 2027-08-04 14:56:49, admin, 2019-03-23 22:44:44
<==        Row: 1174509601047994369, 1174509082208395266, 员级, 1, , 1, 1, admin, 2019-09-19 10:24:45, admin, 2019-09-23 11:46:39
<==        Row: 41d7aaa40c9b61756ffb1f28da5ead8e, 0b5d19e1fce4b2e6647e6b4a17760c14, 通知公告, 1, null, 1, 1, admin, 2019-04-22 18:01:57, null, null
<==        Row: 1280401815068295170, 1280401766745718786, 正常, 1, , 1, 1, admin, 2020-07-07 15:22:36, null, null
<==        Row: 66c952ae2c3701a993e7db58f3baf55e, 4e4602b3e3686f0911384e188dc7efb4, 大于, >, 大于, 1, 1, admin, 2019-04-01 10:45:46, admin, 2019-04-01 17:48:29
<==        Row: 1199517914017832962, 1199517671259906049, 重要, 2, , 1, 1, admin, 2019-11-27 10:38:51, null, null
<==        Row: 1815008001, 1815008, 基础校验, basic, DMC格式校验, 1, 1, null, 2026-07-22 15:22:51, null, null
<==        Row: 1356445705549975553, 1356445645198135298, 是, Y, , 1, 1, admin, 2021-02-02 11:33:52, null, null
<==        Row: 9a96c4a4e4c5c9b4e4d0cbf6eb3243cc, 4c753b5293304e7a445fd2741b46529d, 不启用, 0, null, 1, 1, admin, 2019-03-18 23:19:53, null, null
<==        Row: 147c48ff4b51545032a9119d13f3222a, d6e1152968b02d69ff358c75b48a6ee1, 测试流程, test, null, 1, 1, admin, 2019-03-22 19:27:05, null, null
<==        Row: 1750000001301, 1750000000013, zh, zh, 简体中文, 1, 1, null, 2026-07-22 13:57:16, admin, 2026-08-07 20:13:27
<==        Row: 1815013001, 1815013, 有效, valid, 引用有效, 1, 1, null, 2026-07-22 15:22:52, null, null
<==        Row: 1250688147579228161, 1250687930947620866, 正常, 0, , 1, 1, admin, 2020-04-16 15:31:05, , null
<==        Row: 1199518186144276482, 1199518099888414722, 日常记录, 1, , 1, 1, admin, 2019-11-27 10:39:56, null, null
<==        Row: b9fbe2a3602d4a27b45c100ac5328484, 78bda155fe380b1b3f175f1e88c284c6, 待提交, 1, 待提交, 1, 1, admin, 2019-05-09 16:32:35, null, null
<==        Row: 337ea1e401bda7233f6258c284ce4f50, bd1b8bc28e65d6feefefb6f3c79f42fd, JSON, json, null, 1, 1, admin, 2019-04-12 17:26:33, null, null
<==        Row: 2009158497136041986, 2009158440265474049, 通用, 0, , 1, 1, admin, 2026-01-08 15:01:29, admin, 2026-01-09 14:51:56
<==        Row: dm_ft_xml, dm_file_type_001, XML文件, xml, S1000D XML数据模块, 1, 1, admin, 2026-07-23 09:13:02, null, null
<==        Row: dm_co_in, dm_checkout_status_001, 签入, 0, DM已签入，可供他人签出, 1, 1, admin, 2026-07-23 09:12:06, null, null
<==        Row: 1815009001, 1815009, 基本复制, basic, 仅复制基本属性, 1, 1, null, 2026-07-22 15:22:51, null, null
<==        Row: 1815010001, 1815010, 创建, create, 创建新DM, 1, 1, null, 2026-07-22 15:22:51, null, null
<==        Row: dm_ver_0, dm_version_type_001, 草稿版本, 0, In-Work版本，未正式发布, 1, 1, admin, 2026-07-23 09:12:06, null, null
<==        Row: 83250269359855501ec4e9c0b7e21596, 4274efc2292239b6f000b153f50823ff, 可见/可访问(授权后可见/可访问), 1, , 1, 1, admin, 2019-05-10 17:54:51, null, null
<==        Row: 1750000001001, 1750000000010, 描述性DM, description, 描述性数据模块, 1, 1, null, 2026-07-22 13:58:22, admin, 2026-08-01 23:00:56
<==        Row: 1199525468672405505, 1199525215290306561, 未开始, 0, , 1, 1, admin, 2019-11-27 11:08:52, null, null
<==        Row: 1750000001701, 1750000000017, A型, A, A型变体, 1, 1, null, 2026-07-22 13:57:45, null, null
<==        Row: 1199525506429530114, 1199525215290306561, 已完成, 2, , 1, 1, admin, 2019-11-27 11:09:02, admin, 2019-11-27 11:10:02
<==        Row: 1199517884758368257, 1199517671259906049, 一般, 1, , 1, 1, admin, 2019-11-27 10:38:44, null, null
<==        Row: 69cacf64e244100289ddd4aa9fa3b915, a9d9942bd0eccb6e89de92d130ec4c4a, 未发送, 0, null, 1, 1, admin, 2019-04-12 18:19:23, null, null
<==        Row: 1750000001601, 1750000000016, 描述, 00, 描述信息, 1, 1, null, 2026-07-22 13:57:38, null, null
<==        Row: dm_pub_draft, dm_publish_mode_001, 草稿发布, draft, 发布为草稿模式, 1, 1, admin, 2026-07-23 09:19:47, null, null
<==        Row: dm_copy_attr, dm_copy_type_001, 仅复制属性, 0, 创建新DM，仅复制元数据, 1, 1, admin, 2026-07-23 09:21:33, null, null
<==        Row: 222705e11ef0264d4214affff1fb4ff9, 4f69be5f507accea8d5df5f11346181a, 文本, 1, , 1, 1, admin, 2023-02-28 10:50:36, admin, 2022-07-04 16:29:21
<==        Row: 538fca35afe004972c5f3947c039e766, 2e02df51611a4b9632828ab7e5338f00, 显示, 1, 显示, 1, 1, admin, 2025-03-26 18:27:13, admin, 2019-04-26 18:39:07
<==        Row: 096c2e758d823def3855f6376bc736fb, bd1b8bc28e65d6feefefb6f3c79f42fd, SQL, sql, null, 1, 1, admin, 2019-04-12 17:26:26, null, null
<==        Row: 51222413e5906cdaf160bb5c86fb827c, a7adbcd86c37f7dbc9b66945c82ef9e6, 是, 1, , 1, 1, admin, 2019-05-22 19:29:45, null, null
<==        Row: 1815002001, 1815002, 系统描述, 01, 系统级描述性文档, 1, 1, null, 2026-07-22 15:22:50, null, null
<==        Row: 2009149856358096897, 2009149820169641986, GJB6600, GJB6600, , 1, 1, admin, 2026-01-08 14:27:09, admin, 2026-07-16 10:02:57
<==        Row: 1815005001, 1815005, 可更新, 0, 允许更新修改, 1, 1, null, 2026-07-22 15:22:51, null, null
<==        Row: 1174511197735665665, 1174511106530525185, 公司, 1, 公司, 1, 1, admin, 2019-09-19 10:31:05, null, null
<==        Row: dm_ref_st_valid, dm_reference_status_001, 有效, 1, 引用关系有效, 1, 1, admin, 2026-07-23 09:13:13, null, null
<==        Row: 1242300814383435777, 1242298510024429569, 邮件提醒, 1, , 1, 1, admin, 2020-03-24 12:02:49, admin, 2020-03-30 18:21:26
<==        Row: c5700a71ad08994d18ad1dacc37a71a9, a7adbcd86c37f7dbc9b66945c82ef9e6, 否, 0, , 1, 1, admin, 2019-05-22 19:29:55, null, null
<==        Row: 1280401847607705602, 1280401766745718786, 冻结, 0, , 1, 1, admin, 2020-07-07 15:22:44, null, null
<==        Row: 7050c1522702bac3be40e3b7d2e1dfd8, c5a14c75172783d72cbee6ee7f5df5d1, 柱状图, bar, null, 1, 1, admin, 2019-04-12 17:05:17, null, null
<==        Row: dm_upd_0, dm_update_control_001, 无更新控制, 0, 无特殊更新控制, 1, 1, admin, 2026-07-23 09:12:06, null, null
<==        Row: 1232913424813486081, 1232913193820581889, 官方示例, demo, , 1, 1, admin, 2020-02-27 14:20:42, admin, 2020-02-27 14:21:37
<==        Row: 1356445754212290561, 1356445645198135298, 否, N, , 1, 1, admin, 2021-02-02 11:34:04, null, null
<==        Row: 1209733775114702850, 1209733563293962241, MySQL5.5, 1, , 1, 1, admin, 2019-12-25 15:13:02, null, null
<==        Row: 1815007001, 1815007, 草稿模式, draft, 草稿编辑阶段, 1, 1, null, 2026-07-22 15:22:51, null, null
<==        Row: f0162f4cc572c9273f3e26b2b4d8c082, ad7c65ba97c20a6805d5dcdf13cdaf36, booostrap, 1, null, 1, 1, admin, 2021-08-22 16:32:04, admin, 2019-03-22 16:33:57
<==        Row: 6c682d78ddf1715baf79a1d52d2aa8c2, 72cce0989df68887546746d8f09811aa, 单表, 1, null, 1, 1, admin, 2019-03-27 10:13:29, null, null
<==        Row: 1750000001901, 1750000000019, 正式发布, N, 正式发布版本, 1, 1, null, 2026-07-22 13:57:55, null, null
<==        Row: 1750000001101, 1750000000011, 草稿, draft, 草稿状态, 1, 1, null, 2026-07-22 13:57:03, null, null
<==        Row: 1199520817285701634, 1199520177767587841, 列表, 1, , 1, 1, admin, 2019-11-27 10:50:24, null, null
<==        Row: 1815011001, 1815011, XML文件, xml, XML格式文档, 1, 1, null, 2026-07-22 15:22:51, null, null
<==        Row: 6d4e26e78e1a09699182e08516c49fc4, 4d7fec1a7799a436d26d02325eff295e, 高, H, 高, 1, 1, admin, 2019-04-16 17:04:24, null, null
<==        Row: 1750000001401, 1750000000014, CN, CN, 中华人民共和国, 1, 1, null, 2026-07-22 13:57:22, admin, 2026-07-25 14:16:06
<==        Row: 1178295639554928641, 1178295274528845826, 可见(未授权不可见), 1, , 1, 1, admin, 2019-09-29 21:09:06, admin, 2019-09-29 21:09:24
<==        Row: 1199518214858481666, 1199518099888414722, 本周工作, 2, , 1, 1, admin, 2019-11-27 10:40:03, null, null
<==        Row: 1815003001, 1815003, 概述, 001, 概述性内容, 1, 1, null, 2026-07-22 15:22:50, null, null
<==        Row: 1815006001, 1815006, 全部适用, all, 适用于所有型号, 1, 1, null, 2026-07-22 15:22:51, null, null
<==        Row: 1174509082208395266, 1174511106530525185, 岗位, 3, 岗位, 1, 1, admin, 2019-09-19 10:31:16, , null
<==        Row: ba27737829c6e0e582e334832703d75e, 236e8a4baff0db8c62c00dd95632834f, 同步, 1, 同步, 1, 1, admin, 2019-05-15 15:28:15, null, null
<==        Row: 6937c5dde8f92e9a00d4e2ded9198694, ad7c65ba97c20a6805d5dcdf13cdaf36, easyui, 3, null, 1, 1, admin, 2019-03-22 16:32:15, null, null
<==        Row: dm_type_desc, dm_type_001, 描述性DM, descriptive, 描述静态信息（部件、系统介绍）, 1, 1, admin, 2026-07-23 09:12:06, null, null
<==        Row: 1250688201064992770, 1250687930947620866, 停止, -1, , 1, 1, admin, 2020-04-16 15:31:18, , null
<==        Row: b029a41a851465332ee4ee69dcf0a4c2, 0b5d19e1fce4b2e6647e6b4a17760c14, 系统消息, 2, null, 1, 1, admin, 2019-02-22 18:02:08, admin, 2019-04-22 18:02:13
<==        Row: dm_info_desc, dm_info_name_type_001, 描述, description, 描述性信息, 1, 1, admin, 2026-07-23 09:12:06, null, null
<==        Row: 66EF34864A884E9295B1B353DC1CA0D4, 7FAAEB0E8EBE406CBCC3A1FD68AE1F36, 非密, unclassified, Unclassified, 1, 1, admin, 2026-07-25 00:11:24, null, null
<==        Row: b5f3bd5f66bb9a83fecd89228c0d93d1, 68168534ff5065a152bfab275c2136f8, 无效, 0, 无效, 1, 1, admin, 2019-04-26 19:21:49, null, null
<==        Row: 1750000001501, 1750000000015, 安装, 00, 安装相关技术, 1, 1, null, 2026-07-22 13:57:28, null, null
<==        Row: 1174511244036587521, 1174511106530525185, 部门, 2, 部门, 1, 1, admin, 2019-09-19 10:31:16, null, null
<==        Row: 1815004001, 1815004, AVIC-中航工业, AVIC, 中国航空工业集团, 1, 1, null, 2026-07-22 15:22:50, null, null
<==        Row: 034021b8a8404472b13cec49608ceb5d, 52db14900acf4ef386ed34c0e2030afc, 无效, 0, , 1, 1, admin, 2026-04-27 22:25:13, admin, 2026-07-15 10:27:51
<==        Row: 2008794721943351298, 2008794656772255745, 公开, 1, , 1, 1, admin, 2026-01-07 14:55:58, admin, 2026-01-07 14:56:28
<==        Row: dm_ref_dm, dm_ref_type_001, DM引用, dmRef, 数据模块之间的引用, 1, 1, admin, 2026-07-23 09:22:32, null, null
<==        Row: 333e6b2196e01ef9a5f76d74e86a6e33, 8dfe32e2d29ea9430a988b3b558bf233, 未发布, 0, 未发布, 1, 1, admin, 2019-04-16 17:41:12, null, null
<==        Row: 1199518235943247874, 1199518099888414722, 下周计划, 3, , 1, 1, admin, 2019-11-27 10:40:08, null, null
<==        Row: dm_va_inwork, dm_version_action_type_001, In-Work（草稿）, inwork, 创建草稿版本, 1, 1, admin, 2026-07-23 09:21:51, null, null
<==        Row: 1815012001, 1815012, 起草, draft, 起草阶段, 1, 1, null, 2026-07-22 15:22:51, null, null
<==        Row: 1199525490575060993, 1199525215290306561, 进行中, 1, , 1, 1, admin, 2019-11-27 11:08:58, null, null
<==        Row: c53da022b9912e0aed691bbec3c78473, 880a895c98afeca9d9ac39f29e67c13e, 查询, 1, , 1, 1, admin, 2019-07-22 10:54:51, null, null
<==        Row: 1199517941339529217, 1199517671259906049, 紧急, 3, , 1, 1, admin, 2019-11-27 10:38:58, null, null
<==        Row: dm_wf_draft, dm_workflow_step_001, 起草, draft, 起草阶段, 1, 1, admin, 2026-07-23 09:13:06, null, null
<==        Row: dm_status_0, dm_status_001, 已删除, 0, DM已标记删除, 1, 1, admin, 2026-07-23 09:12:06, null, null
<==        Row: fcec03570f68a175e1964808dc3f1c91, 4c03fca6bf1f0299c381213961566349, Tab风格, tab, null, 1, 1, admin, 2019-04-12 17:43:31, null, null
<==        Row: dm_val_none, dm_validate_level_001, 不校验, 0, 跳过XML校验, 1, 1, admin, 2026-07-23 09:12:37, null, null
<==        Row: dm_tech_sys, dm_tech_name_type_001, 系统, system, 系统级技术名称, 1, 1, admin, 2026-07-23 09:12:06, null, null
<==        Row: 1750000001201, 1750000000012, 未提交, 0, 未提交工作流, 1, 1, null, 2026-07-22 13:57:09, null, null
<==        Row: dm_loc_A, dm_location_code_001, A, A, , 1, 1, admin, 2026-07-23 09:12:06, admin, 2026-07-25 14:14:27
<==        Row: 1815001001, 1815001, 未签出, 0, 数据模块未被签出，可被任何人签出, 1, 1, null, 2026-07-22 15:22:50, null, null
<==        Row: 1199520835035996161, 1199520177767587841, 链接, 2, , 1, 1, admin, 2019-11-27 10:50:28, null, null
<==        Row: dm_rpc_001, dm_rpc_type_001, AVIC（中航工业）, AVIC1, 中国航空工业集团, 1, 1, admin, 2026-07-23 09:12:06, null, null
<==        Row: e6329e3a66a003819e2eb830b0ca2ea0, 4e4602b3e3686f0911384e188dc7efb4, 小于, <, 小于, 2, 1, admin, 2019-04-01 16:44:15, admin, 2019-04-01 17:48:34
<==        Row: e94eb7af89f1dbfa0d823580a7a6e66a, 236e8a4baff0db8c62c00dd95632834f, 不同步, 0, 不同步, 2, 1, admin, 2019-05-15 15:28:28, null, null
<==        Row: 1232913493717512194, 1232913193820581889, 流程表单, bpm, , 2, 1, admin, 2020-02-27 14:20:58, admin, 2020-02-27 14:22:20
<==        Row: 1174509667297026049, 1174509082208395266, 助级, 2, , 2, 1, admin, 2019-09-19 10:25:01, admin, 2019-09-23 11:46:47
<==        Row: 1815010002, 1815010, 编辑, edit, 编辑DM属性, 2, 1, null, 2026-07-22 15:22:51, null, null
<==        Row: 71b924faa93805c5c1579f12e001c809, d6e1152968b02d69ff358c75b48a6ee1, OA办公, oa, null, 2, 1, admin, 2021-03-22 19:27:17, admin, 2019-03-22 23:24:36
<==        Row: f16c5706f3ae05c57a53850c64ce7c45, a9d9942bd0eccb6e89de92d130ec4c4a, 发送成功, 1, null, 2, 1, admin, 2019-04-12 18:19:43, null, null
<==        Row: 1815009002, 1815009, 完整复制, full, 复制全部内容+资源, 2, 1, null, 2026-07-22 15:22:51, null, null
<==        Row: 1750000001802, 1750000000018, 拆卸到1级, 1, 拆卸到1级, 2, 1, null, 2026-07-22 13:57:50, null, null
<==        Row: 84dfc178dd61b95a72900fcdd624c471, 78bda155fe380b1b3f175f1e88c284c6, 处理中, 2, 处理中, 2, 1, admin, 2019-05-09 16:33:01, null, null
<==        Row: 1815011002, 1815011, PDF文档, pdf, PDF格式文档, 2, 1, null, 2026-07-22 15:22:51, null, null
<==        Row: 1815007002, 1815007, 审核模式, review, 送审审核阶段, 2, 1, null, 2026-07-22 15:22:51, null, null
<==        Row: 1178295553450061826, 1178295274528845826, 可编辑(未授权禁用), 2, , 2, 1, admin, 2019-09-29 21:08:46, admin, 2019-09-29 21:09:18
<==        Row: 1815005002, 1815005, 锁定, 1, 已锁定禁止修改, 2, 1, null, 2026-07-22 15:22:51, null, null
<==        Row: 1750000001502, 1750000000015, 拆卸, 01, 拆卸相关技术, 2, 1, null, 2026-07-22 13:57:28, null, null
<==        Row: 1815004002, 1815004, COMAC-中国商飞, COMAC, 中国商用飞机有限公司, 2, 1, null, 2026-07-22 15:22:50, null, null
<==        Row: dm_ver_1, dm_version_type_001, 已发布版本, 1, Issue版本，已正式发布, 2, 1, admin, 2026-07-23 09:12:06, null, null
<==        Row: cbfcc5b88fc3a90975df23ffc8cbe29c, c5a14c75172783d72cbee6ee7f5df5d1, 曲线图, line, null, 2, 1, admin, 2019-05-12 17:05:30, admin, 2019-04-12 17:06:06
<==        Row: 1815003002, 1815003, 准备, 002, 准备工作内容, 2, 1, null, 2026-07-22 15:22:50, null, null
<==        Row: 58b73b344305c99b9d8db0fc056bbc0a, 72cce0989df68887546746d8f09811aa, 主表, 2, null, 2, 1, admin, 2019-03-27 10:13:36, null, null
<==        Row: 2008794750670139394, 2008794656772255745, 内部, 2, , 2, 1, admin, 2026-01-07 14:56:05, admin, 2026-01-07 14:56:25
<==        Row: 734C6F3E7AAB4BA8887C09F0527900D1, 7FAAEB0E8EBE406CBCC3A1FD68AE1F36, 机密, confidential, Confidential, 2, 1, admin, 2026-07-25 00:11:24, null, null
<==        Row: dm_wf_review, dm_workflow_step_001, 审核, review, 审核阶段, 2, 1, admin, 2026-07-23 09:13:06, null, null
<==        Row: dm_upd_1, dm_update_control_001, 更新控制, 1, 需要更新控制, 2, 1, admin, 2026-07-23 09:12:06, null, null
<==        Row: dm_rpc_002, dm_rpc_type_001, COMAC（商飞）, COMAC, 中国商用飞机有限责任公司, 2, 1, admin, 2026-07-23 09:12:06, null, null
<==        Row: 1815002002, 1815002, 操作程序, 02, 操作类程序文档, 2, 1, null, 2026-07-22 15:22:50, null, null
<==        Row: 1815001002, 1815001, 已签出, 1, 数据模块已被签出，锁定状态, 2, 1, null, 2026-07-22 15:22:50, null, null
<==        Row: 8ff48e657a7c5090d4f2a59b37d1b878, 4d7fec1a7799a436d26d02325eff295e, 中, M, 中, 2, 1, admin, 2019-04-16 17:04:40, null, null
<==        Row: 1815008002, 1815008, 标准校验, standard, 字段完整性校验, 2, 1, null, 2026-07-22 15:22:51, null, null
<==        Row: 8cdf08045056671efd10677b8456c999, 4274efc2292239b6f000b153f50823ff, 可编辑(未授权时禁用), 2, , 2, 1, admin, 2019-05-10 17:55:38, null, null
<==        Row: 948923658baa330319e59b2213cda97c, 880a895c98afeca9d9ac39f29e67c13e, 添加, 2, , 2, 1, admin, 2019-07-22 10:54:59, admin, 2019-07-22 10:55:36
<==        Row: 1750000001002, 1750000000010, 过程性DM, procedure, 过程性数据模块, 2, 1, null, 2026-07-22 13:58:22, admin, 2026-08-01 23:01:10
<==        Row: dm_info_oper, dm_info_name_type_001, 操作, operation, 操作性信息, 2, 1, admin, 2026-07-23 09:12:06, null, null
<==        Row: 1750000001902, 1750000000019, 临时发布, T, 临时发布版本, 2, 1, null, 2026-07-22 13:57:55, null, null
<==        Row: 308c8aadf0c37ecdde188b97ca9833f5, 8dfe32e2d29ea9430a988b3b558bf233, 已发布, 1, 已发布, 2, 1, admin, 2019-04-16 17:41:24, null, null
<==        Row: dm_ref_dml, dm_ref_type_001, DML引用, dmlRef, 数据模块列表引用, 2, 1, admin, 2026-07-23 09:22:32, null, null
<==        Row: 1334440962954936321, 1209733563293962241, MYSQL5.7+, 4, , 2, 1, admin, 2020-12-03 18:16:02, admin, 2021-07-15 13:44:29
<==        Row: 1750000001702, 1750000000017, B型, B, B型变体, 2, 1, null, 2026-07-22 13:57:45, null, null
<==        Row: 1543fe7e5e26fb97cdafe4981bedc0c8, 4c03fca6bf1f0299c381213961566349, 单排布局, single, null, 2, 1, admin, 2022-07-12 17:43:39, admin, 2019-04-12 17:43:57
<==        Row: 6a7a9e1403a7943aba69e54ebeff9762, 4f69be5f507accea8d5df5f11346181a, 富文本, 2, , 2, 1, admin, 2031-02-28 10:50:44, admin, 2022-07-04 16:29:30
<==        Row: 1750000001602, 1750000000016, 操作, 01, 操作信息, 2, 1, null, 2026-07-22 13:57:38, null, null
<==        Row: 2009158867908321281, 2009158440265474049, 航空, 1, , 2, 1, admin, 2026-01-08 15:02:57, admin, 2026-01-09 14:52:00
<==        Row: 1030a2652608f5eac3b49d70458b8532, 2e02df51611a4b9632828ab7e5338f00, 禁用, 2, 禁用, 2, 1, admin, 2021-03-26 18:27:28, admin, 2019-04-26 18:39:11
<==        Row: dm_pub_official, dm_publish_mode_001, 正式发布, official, 正式发布, 2, 1, admin, 2026-07-23 09:19:47, null, null
<==        Row: 1750000001202, 1750000000012, 流转中, 1, 流程流转中, 2, 1, null, 2026-07-22 13:57:09, null, null
<==        Row: dm_ft_pdf, dm_file_type_001, PDF文件, pdf, PDF格式DM, 2, 1, admin, 2026-07-23 09:13:02, null, null
<==        Row: 2080832479622590466, language_iso_code, English, en, null, 2, 1, admin, 2026-07-25 09:48:18, null, null
<==        Row: 1750000001402, 1750000000014, US, US, United States, 2, 1, null, 2026-07-22 13:57:22, admin, 2026-07-25 14:16:12
<==        Row: 1750000001302, 1750000000013, en, en, English, 2, 1, null, 2026-07-22 13:57:16, admin, 2026-08-07 20:13:41
<==        Row: dm_va_issue, dm_version_action_type_001, Issue（发布）, issue, 创建发布版本, 2, 1, admin, 2026-07-23 09:21:51, null, null
<==        Row: dm_copy_ver, dm_copy_type_001, 创建版本链, 1, 创建版本关联的新DM, 2, 1, admin, 2026-07-23 09:21:33, null, null
<==        Row: dm_ref_st_invalid, dm_reference_status_001, 无效, 0, 引用关系已失效, 2, 1, admin, 2026-07-23 09:13:13, null, null
<==        Row: 1815013002, 1815013, 断链, broken, 引用断链, 2, 1, null, 2026-07-22 15:22:52, null, null
<==        Row: 2009150391974912001, 2009149820169641986, S1000D3.0, S1000D3.0, , 2, 1, admin, 2026-01-08 14:29:16, admin, 2026-07-16 09:58:02
<==        Row: 1242300779390357505, 1242298510024429569, 短信提醒, 2, , 2, 1, admin, 2020-03-24 12:02:41, admin, 2020-03-30 18:21:33
<==        Row: 1750000001102, 1750000000011, 编辑中, editing, 正在编辑, 2, 1, null, 2026-07-22 13:57:03, null, null
<==        Row: dm_val_basic, dm_validate_level_001, 基础校验, 1, 基础XML格式校验, 2, 1, admin, 2026-07-23 09:12:37, null, null
<==        Row: cfe88c07c69443b99e6a1da0d915b36f, 52db14900acf4ef386ed34c0e2030afc, 有效, 1, , 2, 1, admin, 2026-04-27 22:25:13, admin, 2026-07-15 10:28:01
<==        Row: 5d84a8634c8fdfe96275385075b105c9, 3d9a351be3436fbefb1307d4cfb49bf2, 女, 2, null, 2, 1, null, 2019-01-04 14:56:56, null, 2019-01-04 17:38:12
<==        Row: dm_loc_B, dm_location_code_001, B, B, , 2, 1, admin, 2026-07-23 09:12:06, admin, 2026-07-25 14:14:31
<==        Row: dm_tech_assy, dm_tech_name_type_001, 组件, assembly, 组件级技术名称, 2, 1, admin, 2026-07-23 09:12:06, null, null
<==        Row: 1815006002, 1815006, 部分适用, partial, 适用于部分型号, 2, 1, null, 2026-07-22 15:22:51, null, null
<==        Row: dm_co_out, dm_checkout_status_001, 签出, 1, DM已被签出，正在编辑中, 2, 1, admin, 2026-07-23 09:12:06, null, null
<==        Row: dm_status_1, dm_status_001, 正常, 1, DM正常状态, 2, 1, admin, 2026-07-23 09:12:06, null, null
<==        Row: 2d51376643f220afdeb6d216a8ac2c01, 68168534ff5065a152bfab275c2136f8, 有效, 1, 有效, 2, 1, admin, 2019-04-26 19:22:01, null, null
<==        Row: dm_type_proc, dm_type_001, 过程性DM, procedural, 描述操作过程（维护、检查程序）, 2, 1, admin, 2026-07-23 09:12:06, null, null
<==        Row: 1815012002, 1815012, 审核, review, 审核阶段, 2, 1, null, 2026-07-22 15:22:51, null, null
<==        Row: 2009150431040659458, 2009149820169641986, S1000D4.0, S1000D4.0, , 3, 1, admin, 2026-01-08 14:29:26, admin, 2026-07-16 09:58:07
<==        Row: 23a5bb76004ed0e39414e928c4cde155, 4e4602b3e3686f0911384e188dc7efb4, 不等于, !=, 不等于, 3, 1, admin, 2019-04-01 16:46:15, admin, 2019-04-01 17:48:40
<==        Row: dm_loc_C, dm_location_code_001, C, C, , 3, 1, admin, 2026-07-23 09:12:06, admin, 2026-07-25 14:14:39
<==        Row: 1815013003, 1815013, 过期, outdated, 引用过期, 3, 1, null, 2026-07-22 15:22:52, null, null
<==        Row: dm_rpc_003, dm_rpc_type_001, Boeing, BOE01, 波音公司, 3, 1, admin, 2026-07-23 09:12:06, null, null
<==        Row: 1815012003, 1815012, 批准, approve, 批准阶段, 3, 1, null, 2026-07-22 15:22:51, null, null
<==        Row: 0ca4beba9efc4f9dd54af0911a946d5c, 72cce0989df68887546746d8f09811aa, 附表, 3, null, 3, 1, admin, 2019-03-27 10:13:43, null, null
<==        Row: 1815011003, 1815011, 图片, image, 图片文件（jpg/png/gif等）, 3, 1, null, 2026-07-22 15:22:51, null, null
<==        Row: f753aff60ff3931c0ecb4812d8b5e643, 4c03fca6bf1f0299c381213961566349, 双排布局, double, null, 3, 1, admin, 2019-04-12 17:43:51, null, null
<==        Row: 1815010003, 1815010, 签入, checkin, 签入新版本, 3, 1, null, 2026-07-22 15:22:51, null, null
<==        Row: 1815009003, 1815009, 新版本, newVersion, 创建新版本副本, 3, 1, null, 2026-07-22 15:22:51, null, null
<==        Row: 1750000001103, 1750000000011, 审核中, reviewing, 正在审核, 3, 1, null, 2026-07-22 13:57:03, null, null
<==        Row: 1209733839933476865, 1209733563293962241, Oracle, 2, , 3, 1, admin, 2019-12-25 15:13:18, admin, 2021-07-15 13:44:08
<==        Row: 1815008003, 1815008, 严格校验, strict, XML Schema校验, 3, 1, null, 2026-07-22 15:22:51, null, null
<==        Row: 1815007003, 1815007, 正式发布, official, 正式发布版本, 3, 1, null, 2026-07-22 15:22:51, null, null
<==        Row: 1815006003, 1815006, 特定条件, specific, 特定条件下适用, 3, 1, null, 2026-07-22 15:22:51, null, null
<==        Row: 1815005003, 1815005, 待审核, 2, 等待审核中, 3, 1, null, 2026-07-22 15:22:51, null, null
<==        Row: 0072d115e07c875d76c9b022e2179128, 4d7fec1a7799a436d26d02325eff295e, 低, L, 低, 3, 1, admin, 2019-04-16 17:04:59, null, null
<==        Row: 1750000001503, 1750000000015, 检查, 02, 检查相关技术, 3, 1, null, 2026-07-22 13:57:28, null, null
<==        Row: 1815004003, 1815004, CASC-中国航天, CASC, 中国航天科技集团, 3, 1, null, 2026-07-22 15:22:50, null, null
<==        Row: 1815003003, 1815003, 程序, 003, 具体程序步骤, 3, 1, null, 2026-07-22 15:22:50, null, null
<==        Row: a2be752dd4ec980afaec1efd1fb589af, 8dfe32e2d29ea9430a988b3b558bf233, 已撤销, 2, 已撤销, 3, 1, admin, 2019-04-16 17:41:39, null, null
<==        Row: 1815002003, 1815002, 维护程序, 03, 维护类程序文档, 3, 1, null, 2026-07-22 15:22:50, null, null
<==        Row: 1750000001003, 1750000000010, 故障性DM, faultIsolation, 故障性数据模块, 3, 1, null, 2026-07-22 13:58:22, admin, 2026-08-01 23:01:30
<==        Row: 1750000001903, 1750000000019, 紧急发布, E, 紧急发布版本, 3, 1, null, 2026-07-22 13:57:55, null, null
<==        Row: 848d4da35ebd93782029c57b103e5b36, c5a14c75172783d72cbee6ee7f5df5d1, 饼图, pie, null, 3, 1, admin, 2019-04-12 17:05:49, null, null
<==        Row: 1750000001803, 1750000000018, 拆卸到2级, 2, 拆卸到2级, 3, 1, null, 2026-07-22 13:57:50, null, null
<==        Row: 1750000001703, 1750000000017, C型, C, C型变体, 3, 1, null, 2026-07-22 13:57:45, null, null
<==        Row: 1305827309355302914, bd1b8bc28e65d6feefefb6f3c79f42fd, API, api, , 3, 1, admin, 2020-09-15 19:14:26, admin, 2020-09-15 19:14:41
<==        Row: 1750000001603, 1750000000016, 规范, 02, 规范信息, 3, 1, null, 2026-07-22 13:57:38, null, null
<==        Row: 5d833f69296f691843ccdd0c91212b6b, 880a895c98afeca9d9ac39f29e67c13e, 修改, 3, , 3, 1, admin, 2019-07-22 10:55:07, admin, 2019-07-22 10:55:41
<==        Row: 2008794914789060609, 2008794656772255745, 秘密, 3, , 3, 1, admin, 2026-01-07 14:56:44, null, null
<==        Row: 3736FD3883374BB69E5DABE51B5002EC, 7FAAEB0E8EBE406CBCC3A1FD68AE1F36, 秘密, secret, Secret, 3, 1, admin, 2026-07-25 00:11:24, null, null
<==        Row: dm_ref_pm, dm_ref_type_001, PM引用, pmRef, 出版模块引用, 3, 1, admin, 2026-07-23 09:22:32, null, null
<==        Row: dm_pub_temp, dm_publish_mode_001, 临时发布, temporary, 临时发布（测试用）, 3, 1, admin, 2026-07-23 09:19:47, null, null
<==        Row: 1750000001203, 1750000000012, 已通过, 2, 审批通过, 3, 1, null, 2026-07-22 13:57:09, null, null
<==        Row: dm_ref_st_pending, dm_reference_status_001, 待确认, 2, 引用关系待确认, 3, 1, admin, 2026-07-23 09:13:13, null, null
<==        Row: 50223341bfb5ba30bf6319789d8d17fe, d6e1152968b02d69ff358c75b48a6ee1, 业务办理, business, null, 3, 1, admin, 2023-04-22 19:28:05, admin, 2019-03-22 23:24:39
<==        Row: dm_ft_img, dm_file_type_001, 图片文件, image, 图片资源（PNG/JPG/SVG）, 3, 1, admin, 2026-07-23 09:13:02, null, null
<==        Row: dm_val_std, dm_validate_level_001, 标准校验, 2, 严格按S1000D标准校验, 3, 1, admin, 2026-07-23 09:12:37, null, null
<==        Row: 3fbc03d6c994ae06d083751248037c0e, 78bda155fe380b1b3f175f1e88c284c6, 已完成, 3, 已完成, 3, 1, admin, 2019-05-09 16:33:25, null, null
<==        Row: dm_info_maint, dm_info_name_type_001, 维护, maintenance, 维护性信息, 3, 1, admin, 2026-07-23 09:12:06, null, null
<==        Row: 33bc9d9f753cf7dc40e70461e50fdc54, a9d9942bd0eccb6e89de92d130ec4c4a, 发送失败, 2, null, 3, 1, admin, 2019-04-12 18:20:02, null, null
<==        Row: dm_tech_part, dm_tech_name_type_001, 零件, part, 零件级技术名称, 3, 1, admin, 2026-07-23 09:12:06, null, null
<==        Row: 1174509713568587777, 1174509082208395266, 中级, 3, , 3, 1, admin, 2019-09-19 10:25:12, admin, 2019-09-23 11:46:56
<==        Row: dm_wf_approve, dm_workflow_step_001, 批准, approve, 批准阶段, 3, 1, admin, 2026-07-23 09:13:06, null, null
<==        Row: dm_status_2, dm_status_001, 草稿, 2, DM草稿状态, 3, 1, admin, 2026-07-23 09:12:06, null, null
<==        Row: 2009158905313124354, 2009158440265474049, 舰船, 2, , 3, 1, admin, 2026-01-08 15:03:06, admin, 2026-01-09 14:52:03
<==        Row: dm_type_fault, dm_type_001, 故障性DM, fault, 故障隔离与排除程序, 3, 1, admin, 2026-07-23 09:12:06, null, null
<==        Row: 2009150500481556482, 2009149820169641986, S1000D4.2, S1000D4.2, , 4, 1, admin, 2026-01-08 14:29:42, admin, 2026-07-16 09:58:18
<==        Row: 2009150469556953089, 2009149820169641986, S1000D4.1, S1000D4.1, , 4, 1, admin, 2026-01-08 14:29:35, admin, 2026-07-16 09:58:13
<==        Row: 1232913605382467585, 1232913193820581889, 测试表单, temp, , 4, 1, admin, 2020-02-27 14:21:25, admin, 2020-02-27 14:22:16
<==        Row: dm_loc_D, dm_location_code_001, D, D, , 4, 1, admin, 2026-07-23 09:12:06, admin, 2026-07-25 14:14:43
<==        Row: dm_rpc_004, dm_rpc_type_001, Airbus, AIR01, 空客公司, 4, 1, admin, 2026-07-23 09:12:06, null, null
<==        Row: 2008794996636708866, 2008794656772255745, 机密, 4, , 4, 1, admin, 2026-01-07 14:57:03, null, null
<==        Row: 1815012004, 1815012, 发布, publish, 发布阶段, 4, 1, null, 2026-07-22 15:22:51, null, null
<==        Row: 1db531bcff19649fa82a644c8a939dc4, 4c03fca6bf1f0299c381213961566349, 组合布局, combination, , 4, 1, admin, 2019-05-11 16:07:08, null, null
<==        Row: fe50b23ae5e68434def76f67cef35d2d, 78bda155fe380b1b3f175f1e88c284c6, 已作废, 4, 已作废, 4, 1, admin, 2021-09-09 16:33:43, admin, 2019-05-09 16:34:40
<==        Row: 1815011004, 1815011, 视频, video, 视频文件（mp4/avi等）, 4, 1, null, 2026-07-22 15:22:51, null, null
<==        Row: f80a8f6838215753b05e1a5ba3346d22, 880a895c98afeca9d9ac39f29e67c13e, 删除, 4, , 4, 1, admin, 2019-07-22 10:55:14, admin, 2019-07-22 10:55:30
<==        Row: 1815010004, 1815010, 发布, publish, 发布DM, 4, 1, null, 2026-07-22 15:22:51, null, null
<==        Row: 1209733903020003330, 1209733563293962241, SQLServer, 3, , 4, 1, admin, 2019-12-25 15:13:33, admin, 2021-07-15 13:44:11
<==        Row: 1815008004, 1815008, 完整校验, full, 业务逻辑+引用完整性校验, 4, 1, null, 2026-07-22 15:22:51, null, null
<==        Row: d217592908ea3e00ff986ce97f24fb98, c5a14c75172783d72cbee6ee7f5df5d1, 数据列表, table, null, 4, 1, admin, 2019-04-12 17:05:56, null, null
<==        Row: 1815004004, 1815004, OEM-原厂商, OEM, 原始设备制造商, 4, 1, null, 2026-07-22 15:22:50, null, null
<==        Row: 1815003004, 1815003, 清单, 004, 清单类内容, 4, 1, null, 2026-07-22 15:22:50, null, null
<==        Row: 1815002004, 1815002, 故障隔离, 04, 故障诊断与隔离, 4, 1, null, 2026-07-22 15:22:50, null, null
<==        Row: 1750000001004, 1750000000010, 乘员DM, crew, 乘员数据模块, 4, 1, null, 2026-07-22 13:58:22, null, null
<==        Row: 1750000001804, 1750000000018, 拆卸到3级, 3, 拆卸到3级, 4, 1, null, 2026-07-22 13:57:50, null, null
<==        Row: 1750000001704, 1750000000017, D型, D, D型变体, 4, 1, null, 2026-07-22 13:57:45, null, null
<==        Row: dm_wf_publish, dm_workflow_step_001, 发布, publish, 发布阶段, 4, 1, admin, 2026-07-23 09:13:06, null, null
<==        Row: 1750000001604, 1750000000016, 图示, 03, 图示信息, 4, 1, null, 2026-07-22 13:57:38, null, null
<==        Row: 1750000001504, 1750000000015, 测试, 03, 测试相关技术, 4, 1, null, 2026-07-22 13:57:28, null, null
<==        Row: 489FB57746744E3FB93E3E90D581B4A3, 7FAAEB0E8EBE406CBCC3A1FD68AE1F36, 绝密, top_secret, Top Secret, 4, 1, admin, 2026-07-25 00:11:24, null, null
<==        Row: 1242300887343353857, 1242298510024429569, 系统消息, 4, , 4, 1, admin, 2020-03-24 12:03:07, admin, 2020-03-30 18:21:43
<==        Row: 1750000001204, 1750000000012, 已拒绝, 3, 审批拒绝, 4, 1, null, 2026-07-22 13:57:09, null, null
<==        Row: 1174509788361416705, 1174509082208395266, 副高级, 4, , 4, 1, admin, 2019-09-19 10:25:30, admin, 2019-09-23 11:47:06
<==        Row: 41fa1e9571505d643aea87aeb83d4d76, 4e4602b3e3686f0911384e188dc7efb4, 等于, =, 等于, 4, 1, admin, 2019-04-01 16:45:24, admin, 2019-04-01 17:49:00
<==        Row: 1750000001104, 1750000000011, 已发布, published, 已发布状态, 4, 1, null, 2026-07-22 13:57:03, null, null
<==        Row: dm_ft_zip, dm_file_type_001, ZIP压缩包, zip, ZIP格式资源包, 4, 1, admin, 2026-07-23 09:13:02, null, null
<==        Row: dm_val_full, dm_validate_level_001, 完整校验, 3, 完整校验（包括业务规则）, 4, 1, admin, 2026-07-23 09:12:37, null, null
<==        Row: dm_status_3, dm_status_001, 审核中, 3, DM正在审核, 4, 1, admin, 2026-07-23 09:12:06, null, null
<==        Row: 2009158953551814657, 2009158440265474049, 战术导弹, 3, , 4, 1, admin, 2026-01-08 15:03:18, admin, 2026-01-09 14:52:08
<==        Row: dm_type_front, dm_type_001, 前事性DM, frontmatter, 封面、前言、目录等, 4, 1, admin, 2026-07-23 09:12:06, null, null
<==        Row: dm_loc_T, dm_location_code_001, T, T, , 5, 1, admin, 2026-07-23 09:12:06, admin, 2026-07-25 14:14:49
<==        Row: 2008795045311606785, 2008794656772255745, 绝密, 5, , 5, 1, admin, 2026-01-07 14:57:15, null, null
<==        Row: 1815011005, 1815011, 音频, audio, 音频文件（mp3/wav等）, 5, 1, null, 2026-07-22 15:22:51, null, null
<==        Row: 1815010005, 1815010, 回滚, rollback, 版本回滚, 5, 1, null, 2026-07-22 15:22:51, null, null
<==        Row: 1815004005, 1815004, SUB-分包商, SUB, 分包供应商, 5, 1, null, 2026-07-22 15:22:50, null, null
<==        Row: bcec04526b04307e24a005d6dcd27fd6, 880a895c98afeca9d9ac39f29e67c13e, 导入, 5, , 5, 1, admin, 2019-07-22 12:06:41, null, null
<==        Row: 1815003005, 1815003, 图例, 005, 图例说明, 5, 1, null, 2026-07-22 15:22:50, null, null
<==        Row: 1815002005, 1815002, 拆装程序, 05, 拆卸与安装程序, 5, 1, null, 2026-07-22 15:22:50, null, null
<==        Row: 1414837074500976641, 1209733563293962241, postgresql, 6, , 5, 1, admin, 2021-07-13 14:40:20, admin, 2021-07-15 13:44:15
<==        Row: 1750000001005, 1750000000010, 规划性DM, maintPlanning, 规划性数据模块, 5, 1, null, 2026-07-22 13:58:22, null, null
<==        Row: 84778d7e928bc843ad4756db1322301f, 4e4602b3e3686f0911384e188dc7efb4, 大于等于, >=, 大于等于, 5, 1, admin, 2019-04-01 10:46:02, admin, 2019-04-01 17:49:05
<==        Row: 1750000001805, 1750000000018, 拆卸到4级, 4, 拆卸到4级, 5, 1, null, 2026-07-22 13:57:50, null, null
<==        Row: 1750000001705, 1750000000017, E型, E, E型变体, 5, 1, null, 2026-07-22 13:57:45, null, null
<==        Row: 1750000001605, 1750000000016, 数据, 04, 数据信息, 5, 1, null, 2026-07-22 13:57:38, null, null
<==        Row: 1174509835803189250, 1174509082208395266, 正高级, 5, , 5, 1, admin, 2019-09-19 10:25:41, admin, 2019-09-23 11:47:12
<==        Row: 1750000001505, 1750000000015, 维修, 04, 维修相关技术, 5, 1, null, 2026-07-22 13:57:28, null, null
<==        Row: 1750000001105, 1750000000011, 已归档, archived, 已归档状态, 5, 1, null, 2026-07-22 13:57:03, null, null
<==        Row: 2076625175196975105, 2009149820169641986, S1000D4.3, S1000D4.3, , 5, 1, admin, 2026-07-13 19:09:58, admin, 2026-07-16 09:58:24
<==        Row: 2009158995578740738, 2009158440265474049, 地面车辆, 4, , 5, 1, admin, 2026-01-08 15:03:28, admin, 2026-01-09 14:52:11
<==        Row: dm_status_4, dm_status_001, 已发布, 4, DM已正式发布, 5, 1, admin, 2026-07-23 09:12:06, null, null
<==        Row: 1232914232372195330, 1232913193820581889, 导入表单, bdfl_include, , 5, 1, admin, 2020-02-27 14:23:54, null, null
<==        Row: 25847e9cb661a7c711f9998452dc09e6, 4e4602b3e3686f0911384e188dc7efb4, 小于等于, <=, 小于等于, 6, 1, admin, 2019-04-01 16:44:34, admin, 2019-04-01 17:49:10
<==        Row: 1815011006, 1815011, 压缩包, zip, ZIP/RAR压缩包, 6, 1, null, 2026-07-22 15:22:51, null, null
<==        Row: 1815003006, 1815003, 备注, 006, 备注信息, 6, 1, null, 2026-07-22 15:22:50, null, null
<==        Row: a1e7d1ca507cff4a480c8caba7c1339e, 880a895c98afeca9d9ac39f29e67c13e, 导出, 6, , 6, 1, admin, 2019-07-22 12:06:50, null, null
<==        Row: 1815002006, 1815002, 测试程序, 06, 测试与检验程序, 6, 1, null, 2026-07-22 15:22:50, null, null
<==        Row: 1415547541091504129, 1209733563293962241, marialDB, 5, , 6, 1, admin, 2021-07-15 13:43:28, admin, 2021-07-15 13:44:23
<==        Row: 1750000001006, 1750000000010, 工艺性DM, process, 工艺性数据模块, 6, 1, null, 2026-07-22 13:58:22, null, null
<==        Row: 1750000001606, 1750000000016, 工具, 05, 工具信息, 6, 1, null, 2026-07-22 13:57:38, null, null
<==        Row: 1750000001506, 1750000000015, 调整, 05, 调整相关技术, 6, 1, null, 2026-07-22 13:57:28, null, null
<==        Row: 2009159040323575809, 2009158440265474049, 军械, 5, , 6, 1, admin, 2026-01-08 15:03:38, admin, 2026-01-09 14:52:15
<==        Row: dm_status_5, dm_status_001, 已归档, 5, DM已归档, 6, 1, admin, 2026-07-23 09:12:06, null, null
<==        Row: 1815011007, 1815011, 其他, other, 其他类型文件, 7, 1, null, 2026-07-22 15:22:51, null, null
<==        Row: 1815003007, 1815003, 参考, 007, 参考资料, 7, 1, null, 2026-07-22 15:22:50, null, null
<==        Row: 1815002007, 1815002, 检查程序, 07, 检查类程序文档, 7, 1, null, 2026-07-22 15:22:50, null, null
<==        Row: 1418049969003089922, 1209733563293962241, 达梦, 7, , 7, 1, admin, 2021-07-22 11:27:13, admin, 2021-07-22 11:27:30
<==        Row: 6d404fd2d82311fbc87722cd302a28bc, 4e4602b3e3686f0911384e188dc7efb4, 模糊, LIKE, 模糊, 7, 1, admin, 2019-04-01 16:46:02, admin, 2019-04-01 17:49:20
<==        Row: 1750000001607, 1750000000016, 耗材, 06, 耗材信息, 7, 1, null, 2026-07-22 13:57:38, null, null
<==        Row: 1750000001507, 1750000000015, 润滑, 06, 润滑相关技术, 7, 1, null, 2026-07-22 13:57:28, null, null
<==        Row: 1750000001007, 1750000000010, 故障报告DM, faultReporting, 故障报告数据模块, 7, 1, null, 2026-08-05 18:03:27, null, null
<==        Row: C666D8CA975441DDA5055935B1D12A38, 1750000000010, 前言类, frontmatter, Front Matter, 7, 1, admin, 2026-07-25 00:11:43, null, null
<==        Row: 1234371809495760898, 4e4602b3e3686f0911384e188dc7efb4, 右模糊, RIGHT_LIKE, 右模糊, 7, 1, admin, 2020-03-02 14:55:47, null, null
<==        Row: 2009159092395859970, 2009158440265474049, 保障与训练, 6, , 7, 1, admin, 2026-01-08 15:03:51, admin, 2026-01-09 14:52:21
<==        Row: 1234371726545010689, 4e4602b3e3686f0911384e188dc7efb4, 左模糊, LEFT_LIKE, 左模糊, 7, 1, admin, 2020-03-02 14:55:27, null, null
<==        Row: 1815003008, 1815003, 附录, 008, 附录内容, 8, 1, null, 2026-07-22 15:22:50, null, null
<==        Row: adcf2a1fe93bb99a84833043f475fe0b, 4e4602b3e3686f0911384e188dc7efb4, 包含, IN, 包含, 8, 1, admin, 2019-04-01 16:45:47, admin, 2019-04-01 17:49:24
<==        Row: 1815002008, 1815002, 修理程序, 08, 修理类程序文档, 8, 1, null, 2026-07-22 15:22:50, null, null
<==        Row: 1418050017053036545, 1209733563293962241, 人大金仓, 8, , 8, 1, admin, 2021-07-22 11:27:25, null, null
<==        Row: 1750000001608, 1750000000016, 附件, 07, 附件信息, 8, 1, null, 2026-07-22 13:57:38, null, null
<==        Row: 1750000001508, 1750000000015, 清洁, 07, 清洁相关技术, 8, 1, null, 2026-07-22 13:57:28, null, null
<==        Row: 1750000001008, 1750000000010, 图解零件目录DM, illustratedPartsCatalog, 图解零件目录数据模块, 8, 1, null, 2026-08-05 18:03:31, null, null
<==        Row: 2009159141330804738, 2009158440265474049, 通信, 7, , 8, 1, admin, 2026-01-08 15:04:02, admin, 2026-01-09 14:52:26
<==        Row: 1418050075555188737, 1209733563293962241, 神通, 9, , 9, 1, admin, 2021-07-22 11:27:39, null, null
<==        Row: 5584c21993bde231bbde2b966f2633ac, 4e4602b3e3686f0911384e188dc7efb4, 自定义SQL表达式, USE_SQL_RULES, 自定义SQL表达式, 9, 1, admin, 2019-04-01 10:45:24, admin, 2019-04-01 17:49:27
<==        Row: 1418050110669901826, 1209733563293962241, SQLite, 10, , 10, 1, admin, 2021-07-22 11:27:47, null, null
<==        Row: 1418050149475602434, 1209733563293962241, DB2, 11, , 11, 1, admin, 2021-07-22 11:27:56, null, null
<==        Row: 1418050209823248385, 1209733563293962241, Hsqldb, 12, , 12, 1, admin, 2021-07-22 11:28:11, admin, 2021-07-22 11:28:27
<==        Row: 1418050323111399425, 1209733563293962241, Derby, 13, , 13, 1, admin, 2021-07-22 11:28:38, null, null
<==        Row: 1418117316707590146, 1209733563293962241, H2, 14, , 14, 1, admin, 2021-07-22 15:54:50, null, null
<==        Row: 1418491604048449537, 1209733563293962241, 其他数据库, 15, , 15, 1, admin, 2021-07-23 16:42:07, null, null
<==      Total: 324
Closing non transactional SqlSession [org.apache.ibatis.session.defaults.DefaultSqlSession@53966b72]
Creating a new SqlSession
SqlSession [org.apache.ibatis.session.defaults.DefaultSqlSession@5b94bf62] was not registered for synchronization because synchronization is not active
JDBC Connection [dm.jdbc.driver.DmdbConnection@4daacdbb] will not be managed by Spring
==>  Preparing: insert into sys_log (id, log_type, log_content, method, operate_type, request_url, request_type, request_param, ip, userid, username, cost_time, create_time,create_by) values( ?, ?, ?, ?, ?, ?, ?, ?, ?, ?, ?, ?, ?, ? )
==> Parameters: 2085974238191132674(String), 1(Integer), 用户名: admin,登录成功！(String), null, null, null, null, null, 0:0:0:0:0:0:0:1(String), admin(String), 管理员(String), null, 2026-08-08 14:19:48.568(Timestamp), null
<==    Updates: 1
Closing non transactional SqlSession [org.apache.ibatis.session.defaults.DefaultSqlSession@5b94bf62]
Creating a new SqlSession
SqlSession [org.apache.ibatis.session.defaults.DefaultSqlSession@27277a02] was not registered for synchronization because synchronization is not active
original SQL: select * from  sys_user  where username = ? and del_flag = 0
SQL to parse, SQL: select * from  sys_user  where username = ? and del_flag = 0
parse the finished SQL: SELECT * FROM sys_user WHERE username = ? AND del_flag = 0
JDBC Connection [dm.jdbc.driver.DmdbConnection@4daacdbb] will not be managed by Spring
==>  Preparing: SELECT * FROM sys_user WHERE username = ? AND del_flag = 0
==> Parameters: admin(String)
<==    Columns: ID, USERNAME, REALNAME, PASSWORD, SALT, AVATAR, BIRTHDAY, SEX, EMAIL, PHONE, ORG_CODE, STATUS, DEL_FLAG, THIRD_ID, THIRD_TYPE, ACTIVITI_SYNC, WORK_NO, POST, TELEPHONE, CREATE_BY, CREATE_TIME, UPDATE_BY, UPDATE_TIME, USER_IDENTITY, DEPART_IDS, REL_TENANT_IDS, CLIENT_ID
<==        Row: e9ca23d68d884d4ebb19d07889727dae, admin, 管理员, cb362cfeefbf3d8d, RCGTeGiH, https://static.jeecg.com/temp/国炬软件logo_1606575029126.png, 2018-12-05 00:00:00, 1, jeecg@163.com, 18611111111, A01, 1, 0, null, null, 1, 00001, 总经理, null, null, 2019-06-21 00:00:00, admin, 2022-10-17 00:00:00, 2, <<BLOB>>, null, null
<==      Total: 1
Closing non transactional SqlSession [org.apache.ibatis.session.defaults.DefaultSqlSession@27277a02]
2026-08-08 14:19:53.081 [http-nio-9999-exec-5] [34mINFO [0;39m [36mo.j.c.desensitization.aspect.SensitiveDataAspect:76[0;39m - 加密操作，Aspect程序耗时：0ms
Creating a new SqlSession
SqlSession [org.apache.ibatis.session.defaults.DefaultSqlSession@3b43e5c0] was not registered for synchronization because synchronization is not active
original SQL: SELECT * FROM (
			   SELECT p.*
			   FROM  sys_permission p
			   WHERE (exists(
						select a.id from sys_role_permission a
						join sys_role b on a.role_id = b.id
						join sys_user_role c on c.role_id = b.id
						join sys_user d on d.id = c.user_id
						where p.id = a.permission_id AND d.username = ?
					)
					or (p.url like '%:code' and p.url like '/online%' and p.hidden = 1)
					or (p.url like '%:id' and p.url like '/online%' and p.hidden = 1)
					or p.url = '/online')
			   and p.del_flag = 0
			
			   UNION
			   SELECT p.*
			   FROM  sys_permission p
			   WHERE exists(
					select a.id from sys_depart_role_permission a
					join sys_depart_role b on a.role_id = b.id
					join sys_depart_role_user c on c.drole_id = b.id
					join sys_user d on d.id = c.user_id
					where p.id = a.permission_id AND d.username = ?
			   )
			   and p.del_flag = 0
			
		   ) h order by h.sort_no ASC
SQL to parse, SQL: SELECT * FROM (
			   SELECT p.*
			   FROM  sys_permission p
			   WHERE (exists(
						select a.id from sys_role_permission a
						join sys_role b on a.role_id = b.id
						join sys_user_role c on c.role_id = b.id
						join sys_user d on d.id = c.user_id
						where p.id = a.permission_id AND d.username = ?
					)
					or (p.url like '%:code' and p.url like '/online%' and p.hidden = 1)
					or (p.url like '%:id' and p.url like '/online%' and p.hidden = 1)
					or p.url = '/online')
			   and p.del_flag = 0
			
			   UNION
			   SELECT p.*
			   FROM  sys_permission p
			   WHERE exists(
					select a.id from sys_depart_role_permission a
					join sys_depart_role b on a.role_id = b.id
					join sys_depart_role_user c on c.drole_id = b.id
					join sys_user d on d.id = c.user_id
					where p.id = a.permission_id AND d.username = ?
			   )
			   and p.del_flag = 0
			
		   ) h order by h.sort_no ASC
parse the finished SQL: SELECT * FROM (SELECT p.* FROM sys_permission p WHERE (EXISTS (SELECT a.id FROM sys_role_permission a JOIN sys_role b ON a.role_id = b.id JOIN sys_user_role c ON c.role_id = b.id JOIN sys_user d ON d.id = c.user_id WHERE p.id = a.permission_id AND d.username = ?) OR (p.url LIKE '%:code' AND p.url LIKE '/online%' AND p.hidden = 1) OR (p.url LIKE '%:id' AND p.url LIKE '/online%' AND p.hidden = 1) OR p.url = '/online') AND p.del_flag = 0 UNION SELECT p.* FROM sys_permission p WHERE EXISTS (SELECT a.id FROM sys_depart_role_permission a JOIN sys_depart_role b ON a.role_id = b.id JOIN sys_depart_role_user c ON c.drole_id = b.id JOIN sys_user d ON d.id = c.user_id WHERE p.id = a.permission_id AND d.username = ?) AND p.del_flag = 0) h ORDER BY h.sort_no ASC
JDBC Connection [dm.jdbc.driver.DmdbConnection@4daacdbb] will not be managed by Spring
==>  Preparing: SELECT * FROM (SELECT p.* FROM sys_permission p WHERE (EXISTS (SELECT a.id FROM sys_role_permission a JOIN sys_role b ON a.role_id = b.id JOIN sys_user_role c ON c.role_id = b.id JOIN sys_user d ON d.id = c.user_id WHERE p.id = a.permission_id AND d.username = ?) OR (p.url LIKE '%:code' AND p.url LIKE '/online%' AND p.hidden = 1) OR (p.url LIKE '%:id' AND p.url LIKE '/online%' AND p.hidden = 1) OR p.url = '/online') AND p.del_flag = 0 UNION SELECT p.* FROM sys_permission p WHERE EXISTS (SELECT a.id FROM sys_depart_role_permission a JOIN sys_depart_role b ON a.role_id = b.id JOIN sys_depart_role_user c ON c.drole_id = b.id JOIN sys_user d ON d.id = c.user_id WHERE p.id = a.permission_id AND d.username = ?) AND p.del_flag = 0) h ORDER BY h.sort_no ASC
==> Parameters: admin(String), admin(String)
<==    Columns: ID, PARENT_ID, NAME, URL, COMPONENT, COMPONENT_NAME, REDIRECT, MENU_TYPE, PERMS, PERMS_TYPE, SORT_NO, ALWAYS_SHOW, ICON, IS_ROUTE, IS_LEAF, KEEP_ALIVE, HIDDEN, HIDE_TAB, DESCRIPTION, CREATE_BY, CREATE_TIME, UPDATE_BY, UPDATE_TIME, DEL_FLAG, RULE_FLAG, STATUS, INTERNAL_OR_EXTERNAL
<==        Row: 9502685863ab87f0ad1134142788a385, , 首页, /dashboard/analysis, dashboard/Analysis, null, null, 0, null, null, 0.0, 0, home, 1, 1, 0, 0, 0, null, null, 2018-12-25 20:34:38, admin, 2026-02-06 16:31:17, 0, 0, null, 0
<==        Row: 1260928341675982849, 3f915b2769fc80648e92d04e84ca059d, 添加按钮, null, null, null, null, 2, user:add, 1, 1.0, 0, null, 1, 1, 0, 0, null, null, admin, 2020-05-14 00:00:00, null, null, 0, 0, 1, 0
<==        Row: 2008069295683989506, 2008068007130886145, Word转DM, /302, 111, null, null, 1, null, 1, 1.0, 0, null, 1, 1, 0, 0, 0, null, admin, 2026-01-05 14:53:23, admin, 2026-01-08 20:59:19, 0, 0, 1, 0
<==        Row: 2008069592011567106, 2008069453259796481, 翻译, /305, 1111, null, null, 1, null, 1, 1.0, 0, null, 1, 1, 0, 0, 0, null, admin, 2026-01-05 14:54:34, admin, 2026-01-08 20:59:47, 0, 0, 1, 0
<==        Row: 2008070600762650625, 2008068063753990145, 数据模块导入, /402, 11, null, null, 1, null, 1, 1.0, 0, null, 1, 1, 0, 0, 0, null, admin, 2026-01-05 14:58:34, admin, 2026-01-08 21:00:31, 0, 0, 1, 0
<==        Row: 9cb91b8851db0cf7b19d7ecc2a8193dd, 1939e035e803a99ceecb6f5563570fb2, 我的任务表单, /modules/bpm/task/form/FormModule, modules/bpm/task/form/FormModule, null, null, 1, null, null, 1.0, 0, null, 1, 1, null, 0, null, null, admin, 2019-03-08 00:00:00, admin, 2019-03-08 00:00:00, 0, 0, null, null
<==        Row: 2008068408546750465, 2008067776595161090, 手册标准管理, /standard, ietm/standardmanagement/IetmStandardList, null, null, 1, null, 1, 1.0, 0, null, 1, 1, 0, 0, 0, null, admin, 2026-01-05 14:49:51, admin, 2026-01-08 20:25:41, 0, 0, 1, 0
<==        Row: 1260929666434318338, 3f915b2769fc80648e92d04e84ca059d, 用户编辑, null, null, null, null, 2, user:edit, 1, 1.0, 0, null, 1, 1, 0, 0, null, null, admin, 2020-05-14 00:00:00, null, null, 0, 0, 1, 0
<==        Row: 2008071144147316737, 2008068136860708865, 出版物管理, /602, 2, null, null, 1, null, 1, 1.0, 0, null, 1, 1, 0, 0, 0, null, admin, 2026-01-05 15:00:44, admin, 2026-01-08 21:01:23, 0, 0, 1, 0
<==        Row: 1a0811914300741f4e11838ff37a1d3a, 3f915b2769fc80648e92d04e84ca059d, 手机号禁用, null, null, null, null, 2, user:form:phone, 2, 1.0, 0, null, 0, 1, null, 0, null, null, admin, 2019-05-11 00:00:00, admin, 2019-05-11 00:00:00, 0, 0, 1, null
<==        Row: f2849d3814fc97993bfc519ae6bbf049, e41b69c57a941a3bbcce45032fe57605, AUTO复制表单, /online/copyform/:code, modules/online/cgform/OnlCgformCopyList, null, null, 1, null, 1, 1.0, 0, null, 1, 1, 0, 1, null, null, admin, 2019-08-29 00:00:00, null, null, 0, 0, 1, null
<==        Row: 2008070818400890882, 2008070671243735041, 导出数据模块, /405, 11, null, null, 1, null, 1, 1.0, 0, null, 1, 1, 0, 0, 0, null, admin, 2026-01-05 14:59:26, admin, 2026-01-08 21:00:49, 0, 0, 1, 0
<==        Row: 3f915b2769fc80648e92d04e84ca059d, d7d6e2e4e2934f2c9385a623fd98c6f3, 用户管理, /isystem/user, system/UserList, null, null, 1, null, null, 1.1, 0, null, 1, 0, 1, 0, 0, null, null, 2018-12-25 00:00:00, admin, 2022-10-14 00:00:00, 0, 0, null, 0
<==        Row: 190c2b43bec6a5f7a4194a85db67d96a, d7d6e2e4e2934f2c9385a623fd98c6f3, 角色管理, /isystem/roleUserList, system/RoleUserList, null, null, 1, null, null, 1.2, 0, null, 1, 1, 0, 0, null, null, admin, 2019-04-17 00:00:00, admin, 2019-12-25 00:00:00, 0, 0, null, 0
<==        Row: 1170592628746878978, d7d6e2e4e2934f2c9385a623fd98c6f3, 菜单管理, /isystem/newPermissionList, system/NewPermissionList, null, null, 1, null, 1, 1.3, 0, null, 1, 1, 0, 0, 0, null, admin, 2019-09-08 00:00:00, admin, 2022-10-14 00:00:00, 0, 0, 1, 0
<==        Row: 1280350452934307841, d7d6e2e4e2934f2c9385a623fd98c6f3, 租户管理, /isys/tenant, system/TenantList, null, null, 1, null, 1, 1.31, 0, null, 1, 1, 0, 0, null, null, admin, 2020-07-07 00:00:00, admin, 2021-08-16 00:00:00, 0, 0, 1, 0
<==        Row: 45c966826eeff4c99b8f8ebfe74511fc, d7d6e2e4e2934f2c9385a623fd98c6f3, 部门管理, /isystem/depart, system/DepartList, null, null, 1, null, null, 1.4, 0, null, 1, 1, 0, 0, null, null, admin, 2019-01-29 00:00:00, admin, 2019-12-25 00:00:00, 0, 0, null, 0
<==        Row: 2008069705744314370, 2008069453259796481, 设计视图设置, /306, 222, null, null, 1, null, 1, 2.0, 0, null, 1, 1, 0, 0, 0, null, admin, 2026-01-05 14:55:01, admin, 2026-01-08 20:59:57, 0, 0, 1, 0
<==        Row: 2008070905084571650, 2008070671243735041, 导出出版物模块, /406, 111, null, null, 1, null, 1, 2.0, 0, null, 1, 1, 0, 0, 0, null, admin, 2026-01-05 14:59:47, admin, 2026-01-08 21:00:57, 0, 0, 1, 0
<==        Row: 2008069375518371841, 2008068007130886145, DM离线编辑, /303, 1111, null, null, 1, null, 1, 2.0, 0, null, 1, 1, 0, 0, 0, null, admin, 2026-01-05 14:53:42, admin, 2026-01-08 20:59:28, 0, 0, 1, 0
<==        Row: 5c2f42277948043026b7a14692456828, d7d6e2e4e2934f2c9385a623fd98c6f3, 我的部门, /isystem/departUserList, system/DepartUserList, null, null, 1, null, null, 2.0, 0, null, 1, 1, 0, 0, null, null, admin, 2019-04-17 00:00:00, admin, 2019-12-25 00:00:00, 0, 0, null, 0
<==        Row: 2008068895991984130, 2008067884074201090, 项目信息码管理, /projectinformationcode, ietm/projectinformationcode/IetmProjectInformationCodeList, null, null, 1, null, 1, 2.0, 0, null, 1, 1, 0, 0, 0, null, admin, 2026-01-05 14:51:48, admin, 2026-01-12 10:30:54, 0, 0, 1, 0
<==        Row: 2008071223008620545, 2008068136860708865, 线性出版, /603, 1, null, null, 1, null, 1, 2.0, 0, , 1, 1, 0, 0, 0, null, admin, 2026-01-05 15:01:02, admin, 2026-01-08 21:01:31, 0, 0, 1, 0
<==        Row: 2008070671243735041, 2008068063753990145, 数据导出, /403, 22, null, null, 1, null, 1, 2.0, 0, null, 1, 0, 0, 0, 0, null, admin, 2026-01-05 14:58:51, admin, 2026-01-08 21:00:39, 0, 0, 1, 0
<==        Row: 2008068495435952129, 2008067776595161090, 手册预设模板管理, /standardtemplate, ietm/standardtemplatemanagement/StandardTemplateManagement, null, null, 1, null, 1, 2.0, 0, null, 1, 1, 0, 0, 0, null, admin, 2026-01-05 14:50:12, admin, 2026-01-12 11:32:20, 0, 0, 1, 0
<==        Row: 2008068972047298561, 2008067884074201090, 项目构型管理, /projectconfiguration, ietm/projectconfigurationmanagement/IetmProjectConfigurationManagementList, null, null, 1, null, 1, 3.0, 0, null, 1, 1, 0, 0, 0, null, admin, 2026-01-05 14:52:06, admin, 2026-02-10 11:38:25, 0, 0, 1, 0
<==        Row: 2008069453259796481, 2008068007130886145, 手册编辑设置, /304, 1111, null, null, 1, null, 1, 3.0, 0, null, 1, 0, 0, 0, 0, null, admin, 2026-01-05 14:54:00, admin, 2026-01-08 20:59:37, 0, 0, 1, 0
<==        Row: 2008071067370582018, 2008068063753990145, 数据交换记录, /408, 2, null, null, 1, null, 1, 3.0, 0, null, 1, 1, 0, 0, 0, null, admin, 2026-01-05 15:00:25, admin, 2026-01-08 21:01:11, 0, 0, 1, 0
<==        Row: 2008070986810585090, 2008070671243735041, 导出实体, /407, 111, null, null, 1, null, 1, 3.0, 0, , 1, 1, 0, 0, 0, null, admin, 2026-01-05 15:00:06, admin, 2026-01-08 21:01:03, 0, 0, 1, 0
<==        Row: 2008068602587836418, 2008067776595161090, 手册项目管理, /project, ietm/projectmanagement/IetmProjectList, null, null, 1, null, 1, 3.0, 0, null, 1, 1, 0, 0, 0, null, admin, 2026-01-05 14:50:38, admin, 2026-01-12 09:55:33, 0, 0, 1, 0
<==        Row: 2016742841506177025, 2008068007130886145, Edit, /IetmXmlEditor, ietm/ietmeditor/IetmXmlEditorPage, null, null, 1, null, 1, 4.0, 0, null, 1, 1, 0, 0, 0, null, admin, 2026-01-29 13:18:57, admin, 2026-01-29 14:25:28, 0, 0, 1, 0
<==        Row: 2008069040804524034, 2008067884074201090, 项目实体管理, /icnmanage, ietm/icnmanage/IetmIcnManageList, null, null, 1, null, 1, 4.0, 0, null, 1, 1, 0, 0, 0, null, admin, 2026-01-05 14:52:22, admin, 2026-02-06 11:27:24, 0, 0, 1, 0
<==        Row: 2008068672783708161, 2008067776595161090, 手册授权管理, /1005, ietm/ietmroleauth/IetmRoleauthList, null, null, 1, null, 1, 4.0, 0, null, 1, 1, 0, 0, 0, null, admin, 2026-01-05 14:50:54, admin, 2026-07-15 21:19:16, 0, 0, 1, 0
<==        Row: f1cb187abf927c88b89470d08615f5ac, d7d6e2e4e2934f2c9385a623fd98c6f3, 数据字典, /isystem/dict, system/DictList, null, null, 1, null, null, 5.0, 0, null, 1, 1, 0, 0, null, null, null, 2018-12-28 00:00:00, admin, 2020-02-23 00:00:00, 0, 0, null, 0
<==        Row: 2008069135360913409, 2008067884074201090, 项目数据模块管理, /ietmdatamodulemanagement, ietm/ietmdatamodulemanagement/IetmDataModuleList, null, null, 1, null, 1, 5.0, 0, null, 1, 1, 0, 0, 0, null, admin, 2026-01-05 14:52:45, admin, 2026-07-22 15:56:21, 0, 0, 1, 0
<==        Row: 1229674163694841857, e41b69c57a941a3bbcce45032fe57605, AUTO在线表单ERP, /online/cgformErpList/:code, modules/online/cgform/auto/erp/OnlCgformErpList, null, null, 1, null, 1, 5.0, 0, null, 1, 1, 0, 1, null, null, admin, 2020-02-18 00:00:00, admin, 2020-02-18 00:00:00, 0, 0, 1, 0
<==        Row: 1304032910990495745, e41b69c57a941a3bbcce45032fe57605, AUTO在线表单TAB, /online/cgformTabList/:code, modules/online/cgform/auto/tab/OnlCgformTabList, null, null, 1, null, 1, 8.0, 0, null, 1, 1, 0, 1, null, null, admin, 2020-09-10 00:00:00, admin, 2020-09-10 00:00:00, 0, 0, 1, 0
<==        Row: 22d6a3d39a59dd7ea9a30acfa6bfb0a5, e41b69c57a941a3bbcce45032fe57605, AUTO动态表单, /online/df/:table/:id, modules/online/cgform/auto/OnlineDynamicForm, null, null, 1, null, null, 9.0, 0, null, 0, 1, null, 1, null, null, admin, 2019-04-22 00:00:00, admin, 2019-04-30 00:00:00, 0, 0, null, null
<==        Row: fba41089766888023411a978d13c0aa4, e41b69c57a941a3bbcce45032fe57605, AUTO树表单列表, /online/cgformTreeList/:code, modules/online/cgform/auto/OnlCgformTreeList, null, null, 1, null, 1, 9.0, 0, null, 1, 1, null, 1, null, null, admin, 2019-05-21 00:00:00, admin, 2019-06-11 00:00:00, 0, 0, 1, null
<==        Row: 54097c6a3cf50fad0793a34beff1efdf, e41b69c57a941a3bbcce45032fe57605, AUTO在线表单, /online/cgformList/:code, modules/online/cgform/auto/OnlCgformAutoList, null, null, 1, null, null, 9.0, 0, null, 1, 1, null, 1, null, null, admin, 2019-03-19 00:00:00, admin, 2019-04-30 00:00:00, 0, 0, null, null
<==        Row: 9fe26464838de2ea5e90f2367e35efa0, e41b69c57a941a3bbcce45032fe57605, AUTO在线报表, /online/cgreport/:code, modules/online/cgreport/auto/OnlCgreportAutoList, onlineAutoList, null, 1, null, null, 9.0, 0, null, 1, 1, null, 1, null, null, admin, 2019-03-12 00:00:00, admin, 2019-04-30 00:00:00, 0, 0, null, null
<==        Row: 2008067776595161090, , 手册管理, /101, layouts/RouteView, null, null, 0, null, 1, 10.0, 0, copy, 1, 0, 0, 0, 0, null, admin, 2026-01-05 14:47:21, admin, 2026-01-05 15:29:10, 0, 0, 1, 0
<==        Row: 2008067884074201090, , 项目管理, /102, layouts/RouteView, null, null, 0, null, 1, 11.0, 0, audit, 1, 0, 0, 0, 0, null, admin, 2026-01-05 14:47:46, admin, 2026-01-05 15:26:04, 0, 0, 1, 0
<==        Row: 2008068007130886145, , 手册编辑, /301, layouts/RouteView, null, null, 0, null, 1, 12.0, 0, form, 1, 0, 0, 0, 0, null, admin, 2026-01-05 14:48:16, admin, 2026-01-08 20:59:10, 0, 0, 1, 0
<==        Row: 2008068063753990145, , 数据交换, /401, layouts/RouteView, null, null, 0, null, 1, 13.0, 0, interation, 1, 0, 0, 0, 0, null, admin, 2026-01-05 14:48:29, admin, 2026-01-08 21:00:07, 0, 0, 1, 0
<==        Row: 2008068136860708865, , 数据发布, /601, layouts/RouteView, null, null, 0, null, 1, 14.0, 0, global, 1, 0, 0, 0, 0, null, admin, 2026-01-05 14:48:47, admin, 2026-07-15 15:46:20, 0, 0, 1, 0
<==        Row: EFEDCB8751084A2DBB2471040E731073, , 浏览或编辑DM内容, /ietm/dm-content-editor/:id, ietm/ietmdatamodulemanagement/editor/DmContentEditor, DmContentEditor, null, 0, null, 1, 99.0, 0, null, 1, 1, 0, 1, 0, null, admin, 2026-08-01 17:28:57, admin, 2026-08-01 18:04:38, 0, 0, 1, 0
<==        Row: e41b69c57a941a3bbcce45032fe57605, , 在线开发, /online, layouts/RouteView, null, null, 0, null, null, 110.0, 0, cloud, 1, 0, 0, 0, 0, null, admin, 2019-03-08 00:00:00, admin, 2026-01-05 15:03:59, 0, 0, null, 0
<==        Row: d7d6e2e4e2934f2c9385a623fd98c6f3, , 系统管理, /isystem, layouts/RouteView, null, null, 0, null, null, 111.0, 0, setting, 1, 0, 0, 0, 0, null, null, 2018-12-25 00:00:00, admin, 2026-01-05 15:04:05, 0, 0, null, 0
<==        Row: 1235823781053313025, e41b69c57a941a3bbcce45032fe57605, AUTO在线内嵌子表, /online/cgformInnerTableList/:code, modules/online/cgform/auto/innerTable/OnlCgformInnerTableList, null, null, 1, null, 1, 999.0, 0, null, 1, 1, 0, 1, null, null, admin, 2020-03-06 00:00:00, admin, 2020-03-06 00:00:00, 0, 0, 1, 0
<==      Total: 50
Closing non transactional SqlSession [org.apache.ibatis.session.defaults.DefaultSqlSession@3b43e5c0]
Creating a new SqlSession
SqlSession [org.apache.ibatis.session.defaults.DefaultSqlSession@76822f77] was not registered for synchronization because synchronization is not active
original SQL: select role_code from sys_role where id in (select role_id from sys_user_role where user_id = (select id from sys_user where username=?))
SQL to parse, SQL: select role_code from sys_role where id in (select role_id from sys_user_role where user_id = (select id from sys_user where username=?))
parse the finished SQL: SELECT role_code FROM sys_role WHERE id IN (SELECT role_id FROM sys_user_role WHERE user_id = (SELECT id FROM sys_user WHERE username = ?))
JDBC Connection [dm.jdbc.driver.DmdbConnection@4daacdbb] will not be managed by Spring
==>  Preparing: SELECT role_code FROM sys_role WHERE id IN (SELECT role_id FROM sys_user_role WHERE user_id = (SELECT id FROM sys_user WHERE username = ?))
==> Parameters: admin(String)
<==    Columns: role_code
<==        Row: vue3
<==        Row: admin
<==      Total: 2
Closing non transactional SqlSession [org.apache.ibatis.session.defaults.DefaultSqlSession@76822f77]
Creating a new SqlSession
SqlSession [org.apache.ibatis.session.defaults.DefaultSqlSession@3c806a0d] was not registered for synchronization because synchronization is not active
original SQL: SELECT  id,parent_id,name,perms,perms_type,icon,component,component_name,url,redirect,sort_no,menu_type,is_leaf AS leaf,is_route AS route,keep_alive,description,create_by,del_flag,rule_flag,hidden,hide_tab,create_time,update_by,update_time,status,always_show,internal_or_external  FROM sys_permission 
 
 WHERE (del_flag = ? AND menu_type = ?)
SQL to parse, SQL: SELECT  id,parent_id,name,perms,perms_type,icon,component,component_name,url,redirect,sort_no,menu_type,is_leaf AS leaf,is_route AS route,keep_alive,description,create_by,del_flag,rule_flag,hidden,hide_tab,create_time,update_by,update_time,status,always_show,internal_or_external  FROM sys_permission 
 
 WHERE (del_flag = ? AND menu_type = ?)
parse the finished SQL: SELECT id, parent_id, name, perms, perms_type, icon, component, component_name, url, redirect, sort_no, menu_type, is_leaf AS leaf, is_route AS route, keep_alive, description, create_by, del_flag, rule_flag, hidden, hide_tab, create_time, update_by, update_time, status, always_show, internal_or_external FROM sys_permission WHERE (del_flag = ? AND menu_type = ?)
JDBC Connection [dm.jdbc.driver.DmdbConnection@4daacdbb] will not be managed by Spring
==>  Preparing: SELECT id, parent_id, name, perms, perms_type, icon, component, component_name, url, redirect, sort_no, menu_type, is_leaf AS leaf, is_route AS route, keep_alive, description, create_by, del_flag, rule_flag, hidden, hide_tab, create_time, update_by, update_time, status, always_show, internal_or_external FROM sys_permission WHERE (del_flag = ? AND menu_type = ?)
==> Parameters: 0(Integer), 2(Integer)
<==    Columns: id, parent_id, name, perms, perms_type, icon, component, component_name, url, redirect, sort_no, menu_type, leaf, route, keep_alive, description, create_by, del_flag, rule_flag, hidden, hide_tab, create_time, update_by, update_time, status, always_show, internal_or_external
<==        Row: 1400726868091015170, 4148ec82b6acd69f470bea75fe41c357, demo添加功能, demo:add, 1, null, null, null, null, null, null, 2, 1, 1, 0, null, admin, 0, 0, 0, null, 2021-06-04 16:11:24, null, null, 1, 0, 0
<==        Row: 0ac2ad938963b6c6d1af25477d5b8b51, 8d4683aacaa997ab86b966b464360338, 代码生成按钮, online:goGenerateCode, 1, null, null, null, null, null, 1.0, 2, 1, 1, null, null, admin, 0, 0, 0, null, 2019-06-11 00:00:00, null, null, 1, 0, null
<==        Row: 1260928341675982849, 3f915b2769fc80648e92d04e84ca059d, 添加按钮, user:add, 1, null, null, null, null, null, 1.0, 2, 1, 1, 0, null, admin, 0, 0, 0, null, 2020-05-14 00:00:00, null, null, 1, 0, 0
<==        Row: 1260929666434318338, 3f915b2769fc80648e92d04e84ca059d, 用户编辑, user:edit, 1, null, null, null, null, null, 1.0, 2, 1, 1, 0, null, admin, 0, 0, 0, null, 2020-05-14 00:00:00, null, null, 1, 0, 0
<==        Row: 1260931366557696001, 3f915b2769fc80648e92d04e84ca059d, 表单性别可见, user:sex, 1, null, null, null, null, null, 1.0, 2, 1, 1, 0, null, admin, 0, 0, 0, null, 2020-05-14 00:00:00, admin, 2020-05-14 00:00:00, 1, 0, 0
<==        Row: 1260933542969458689, 3f915b2769fc80648e92d04e84ca059d, 禁用生日字段, user:form:birthday, 2, null, null, null, null, null, 1.0, 2, 1, 1, 0, null, admin, 0, 0, 0, null, 2020-05-14 00:00:00, null, null, 1, 0, 0
<==        Row: 1a0811914300741f4e11838ff37a1d3a, 3f915b2769fc80648e92d04e84ca059d, 手机号禁用, user:form:phone, 2, null, null, null, null, null, 1.0, 2, 1, 0, null, null, admin, 0, 0, 0, null, 2019-05-11 00:00:00, admin, 2019-05-11 00:00:00, 1, 0, null
<==      Total: 7
Closing non transactional SqlSession [org.apache.ibatis.session.defaults.DefaultSqlSession@3c806a0d]
Creating a new SqlSession
SqlSession [org.apache.ibatis.session.defaults.DefaultSqlSession@468e7d3e] was not registered for synchronization because synchronization is not active
original SQL: SELECT id,project_id,project_name,sns,info_code,info_code_variant,ietm_location_code,learn_code,learn_event_code,year_of_change,seq_no,language_iso_code,country_iso_code,originator,originator_name,rpc,rpc_name,issue_no,in_work,version_type,tech_name,info_name,tech_name_en,info_name_en,cm_node_id,cm_node_name,cm_node_path,is_latest,status,checkout_user,checkout_time,checkin_time,checkout_dm_id,publish_date,workflow_instance_id,workflow_status,workflow_step,workflow_handler,dm_content,dm_type,security,ref_count,refed_count,remark,reason,create_by,create_time,update_by,update_time,version,sys_org_code,info_code_part,dmc_code,issue_date,security_classification,language,attribute_05 FROM ietm_data_module WHERE id=? 
SQL to parse, SQL: SELECT id,project_id,project_name,sns,info_code,info_code_variant,ietm_location_code,learn_code,learn_event_code,year_of_change,seq_no,language_iso_code,country_iso_code,originator,originator_name,rpc,rpc_name,issue_no,in_work,version_type,tech_name,info_name,tech_name_en,info_name_en,cm_node_id,cm_node_name,cm_node_path,is_latest,status,checkout_user,checkout_time,checkin_time,checkout_dm_id,publish_date,workflow_instance_id,workflow_status,workflow_step,workflow_handler,dm_content,dm_type,security,ref_count,refed_count,remark,reason,create_by,create_time,update_by,update_time,version,sys_org_code,info_code_part,dmc_code,issue_date,security_classification,language,attribute_05 FROM ietm_data_module WHERE id=? 
parse the finished SQL: SELECT id, project_id, project_name, sns, info_code, info_code_variant, ietm_location_code, learn_code, learn_event_code, year_of_change, seq_no, language_iso_code, country_iso_code, originator, originator_name, rpc, rpc_name, issue_no, in_work, version_type, tech_name, info_name, tech_name_en, info_name_en, cm_node_id, cm_node_name, cm_node_path, is_latest, status, checkout_user, checkout_time, checkin_time, checkout_dm_id, publish_date, workflow_instance_id, workflow_status, workflow_step, workflow_handler, dm_content, dm_type, security, ref_count, refed_count, remark, reason, create_by, create_time, update_by, update_time, version, sys_org_code, info_code_part, dmc_code, issue_date, security_classification, language, attribute_05 FROM ietm_data_module WHERE id = ?
JDBC Connection [dm.jdbc.driver.DmdbConnection@4daacdbb] will not be managed by Spring
==>  Preparing: SELECT id, project_id, project_name, sns, info_code, info_code_variant, ietm_location_code, learn_code, learn_event_code, year_of_change, seq_no, language_iso_code, country_iso_code, originator, originator_name, rpc, rpc_name, issue_no, in_work, version_type, tech_name, info_name, tech_name_en, info_name_en, cm_node_id, cm_node_name, cm_node_path, is_latest, status, checkout_user, checkout_time, checkin_time, checkout_dm_id, publish_date, workflow_instance_id, workflow_status, workflow_step, workflow_handler, dm_content, dm_type, security, ref_count, refed_count, remark, reason, create_by, create_time, update_by, update_time, version, sys_org_code, info_code_part, dmc_code, issue_date, security_classification, language, attribute_05 FROM ietm_data_module WHERE id = ?
==> Parameters: 2083905781513461761(String)
<==      Total: 0
Closing non transactional SqlSession [org.apache.ibatis.session.defaults.DefaultSqlSession@468e7d3e]
Creating a new SqlSession
SqlSession [org.apache.ibatis.session.defaults.DefaultSqlSession@7243b304] was not registered for synchronization because synchronization is not active
JDBC Connection [dm.jdbc.driver.DmdbConnection@4daacdbb] will not be managed by Spring
==>  Preparing: insert into sys_log (id, log_type, log_content, method, operate_type, request_url, request_type, request_param, ip, userid, username, cost_time, create_time,create_by) values( ?, ?, ?, ?, ?, ?, ?, ?, ?, ?, ?, ?, ?, ? )
==> Parameters: 2085974262836862978(String), 2(Integer), DM内容编辑器-加载(String), org.jeecg.modules.ietm.ietmdatamodulemanagement.controller.IetmDmContentController.load()(String), 1(Integer), null, null,   id: 2083905781513461761(String), 0:0:0:0:0:0:0:1(String), admin(String), 管理员(String), 8(Long), 2026-08-08 14:19:54.446(Timestamp), null
<==    Updates: 1
Closing non transactional SqlSession [org.apache.ibatis.session.defaults.DefaultSqlSession@7243b304]
Creating a new SqlSession
SqlSession [org.apache.ibatis.session.defaults.DefaultSqlSession@4fdbacd] was not registered for synchronization because synchronization is not active
original SQL: SELECT  id,username,realname,password,salt,avatar,birthday,sex,email,phone,org_code,status,del_flag,work_no,post,telephone,create_by,create_time,update_by,update_time,activiti_sync,user_identity,depart_ids,rel_tenant_ids,client_id  FROM sys_user 
 WHERE  del_flag=0

AND (username = ?)
SQL to parse, SQL: SELECT  id,username,realname,password,salt,avatar,birthday,sex,email,phone,org_code,status,del_flag,work_no,post,telephone,create_by,create_time,update_by,update_time,activiti_sync,user_identity,depart_ids,rel_tenant_ids,client_id  FROM sys_user 
 WHERE  del_flag=0

AND (username = ?)
parse the finished SQL: SELECT id, username, realname, password, salt, avatar, birthday, sex, email, phone, org_code, status, del_flag, work_no, post, telephone, create_by, create_time, update_by, update_time, activiti_sync, user_identity, depart_ids, rel_tenant_ids, client_id FROM sys_user WHERE del_flag = 0 AND (username = ?)
JDBC Connection [dm.jdbc.driver.DmdbConnection@4daacdbb] will not be managed by Spring
==>  Preparing: SELECT id, username, realname, password, salt, avatar, birthday, sex, email, phone, org_code, status, del_flag, work_no, post, telephone, create_by, create_time, update_by, update_time, activiti_sync, user_identity, depart_ids, rel_tenant_ids, client_id FROM sys_user WHERE del_flag = 0 AND (username = ?)
==> Parameters: admin(String)
<==    Columns: id, username, realname, password, SALT, avatar, birthday, sex, email, phone, org_code, status, del_flag, work_no, post, telephone, create_by, create_time, update_by, update_time, activiti_sync, user_identity, depart_ids, rel_tenant_ids, client_id
<==        Row: e9ca23d68d884d4ebb19d07889727dae, admin, 管理员, cb362cfeefbf3d8d, RCGTeGiH, https://static.jeecg.com/temp/国炬软件logo_1606575029126.png, 2018-12-05 00:00:00, 1, jeecg@163.com, 18611111111, A01, 1, 0, 00001, 总经理, null, null, 2019-06-21 00:00:00, admin, 2022-10-17 00:00:00, 1, 2, <<BLOB>>, null, null
<==      Total: 1
Closing non transactional SqlSession [org.apache.ibatis.session.defaults.DefaultSqlSession@4fdbacd]
Creating a new SqlSession
SqlSession [org.apache.ibatis.session.defaults.DefaultSqlSession@195bfadc] was not registered for synchronization because synchronization is not active
original SQL: select * from sys_depart where id IN ( select dep_id from sys_user_depart where user_id = ? )
SQL to parse, SQL: select * from sys_depart where id IN ( select dep_id from sys_user_depart where user_id = ? )
parse the finished SQL: SELECT * FROM sys_depart WHERE id IN (SELECT dep_id FROM sys_user_depart WHERE user_id = ?)
JDBC Connection [dm.jdbc.driver.DmdbConnection@4daacdbb] will not be managed by Spring
==>  Preparing: SELECT * FROM sys_depart WHERE id IN (SELECT dep_id FROM sys_user_depart WHERE user_id = ?)
==> Parameters: e9ca23d68d884d4ebb19d07889727dae(String)
<==    Columns: ID, PARENT_ID, DEPART_NAME, DEPART_NAME_EN, DEPART_NAME_ABBR, DEPART_ORDER, DESCRIPTION, ORG_CATEGORY, ORG_TYPE, ORG_CODE, MOBILE, FAX, ADDRESS, MEMO, STATUS, DEL_FLAG, QYWX_IDENTIFIER, CREATE_BY, CREATE_TIME, UPDATE_BY, UPDATE_TIME
<==        Row: c6d7cb4deeac411cb3384b1b31278596, , 北京国炬软件, null, null, 0, null, 1, 1, A01, null, null, null, null, null, 0, null, admin, 2019-02-11 14:21:51, admin, 2020-05-02 18:21:27
<==      Total: 1
Closing non transactional SqlSession [org.apache.ibatis.session.defaults.DefaultSqlSession@195bfadc]
Creating a new SqlSession
SqlSession [org.apache.ibatis.session.defaults.DefaultSqlSession@67ca393a] was not registered for synchronization because synchronization is not active
JDBC Connection [dm.jdbc.driver.DmdbConnection@4daacdbb] will not be managed by Spring
original SQL: UPDATE sys_user SET org_code = ? where username = ?
SQL to parse, SQL: UPDATE sys_user SET org_code = ? where username = ?
parse the finished SQL: UPDATE sys_user SET org_code = ? WHERE username = ?
==>  Preparing: UPDATE sys_user SET org_code = ? WHERE username = ?
==> Parameters: A01(String), admin(String)
<==    Updates: 1
Closing non transactional SqlSession [org.apache.ibatis.session.defaults.DefaultSqlSession@67ca393a]
2026-08-08 14:20:06.526 [http-nio-9999-exec-9] [34mINFO [0;39m [36mo.j.c.modules.redis.writer.JeecgRedisCacheWriter:113[0;39m - redis remove key:sys:cache:encrypt:user::admin
Creating a new SqlSession
SqlSession [org.apache.ibatis.session.defaults.DefaultSqlSession@e88dcdc] was not registered for synchronization because synchronization is not active
original SQL: SELECT  id,type,dict_name,dict_code,description,del_flag,create_by,create_time,update_by,update_time  FROM sys_dict 
 WHERE del_flag=0
SQL to parse, SQL: SELECT  id,type,dict_name,dict_code,description,del_flag,create_by,create_time,update_by,update_time  FROM sys_dict 
 WHERE del_flag=0
parse the finished SQL: SELECT id, type, dict_name, dict_code, description, del_flag, create_by, create_time, update_by, update_time FROM sys_dict WHERE del_flag = 0
JDBC Connection [dm.jdbc.driver.DmdbConnection@4daacdbb] will not be managed by Spring
==>  Preparing: SELECT id, type, dict_name, dict_code, description, del_flag, create_by, create_time, update_by, update_time FROM sys_dict WHERE del_flag = 0
==> Parameters: 
<==    Columns: id, TYPE, dict_name, dict_code, description, del_flag, create_by, create_time, update_by, update_time
<==        Row: 0b5d19e1fce4b2e6647e6b4a17760c14, 0, 通告类型, msg_category, 消息类型1:通知公告2:系统消息, 0, admin, 2019-04-22 18:01:35, null, null
<==        Row: 1174509082208395266, 0, 职务职级, position_rank, 职务表职级字典, 0, admin, 2019-09-19 10:22:41, null, null
<==        Row: 1174511106530525185, 0, 机构类型, org_category, 机构类型 1公司，2部门 3岗位, 0, admin, 2019-09-19 10:30:43, null, null
<==        Row: 1178295274528845826, null, 表单权限策略, form_perms_type, , 0, admin, 2019-09-29 21:07:39, admin, 2019-09-29 21:08:26
<==        Row: 1199517671259906049, 0, 紧急程度, urgent_level, 日程计划紧急程度, 0, admin, 2019-11-27 10:37:53, null, null
<==        Row: 1199518099888414722, 0, 日程计划类型, eoa_plan_type, , 0, admin, 2019-11-27 10:39:36, null, null
<==        Row: 1199520177767587841, 0, 分类栏目类型, eoa_cms_menu_type, , 0, admin, 2019-11-27 10:47:51, admin, 2019-11-27 10:49:35
<==        Row: 1199525215290306561, 0, 日程计划状态, eoa_plan_status, , 0, admin, 2019-11-27 11:07:52, admin, 2019-11-27 11:10:11
<==        Row: 1209733563293962241, 0, 数据库类型, database_type, , 0, admin, 2019-12-25 15:12:12, null, null
<==        Row: 1232913193820581889, 0, Online表单业务分类, ol_form_biz_type, , 0, admin, 2020-02-27 14:19:46, admin, 2020-02-27 14:20:23
<==        Row: 1242298510024429569, 0, 提醒方式, remindMode, , 0, admin, 2020-03-24 11:53:40, admin, 2020-03-24 12:03:22
<==        Row: 1250687930947620866, null, 定时任务状态, quartz_status, , 0, admin, 2020-04-16 15:30:14, , null
<==        Row: 1280401766745718786, 0, 租户状态, tenant_status, 租户状态, 0, admin, 2020-07-07 15:22:25, null, null
<==        Row: 1356445645198135298, 0, 开关, is_open, , 0, admin, 2021-02-02 11:33:38, admin, 2021-02-02 15:28:12
<==        Row: 236e8a4baff0db8c62c00dd95632834f, 0, 同步工作流引擎, activiti_sync, 同步工作流引擎, 0, admin, 2019-05-15 15:27:33, null, null
<==        Row: 2e02df51611a4b9632828ab7e5338f00, 0, 权限策略, perms_type, 权限策略, 0, admin, 2019-04-26 18:26:55, null, null
<==        Row: 2f0320997ade5dd147c90130f7218c3e, 0, 推送类别, msg_type, , 0, admin, 2019-03-17 21:21:32, admin, 2019-03-26 19:57:45
<==        Row: 3486f32803bb953e7155dab3513dc68b, 0, 删除状态, del_flag, null, 0, admin, 2019-01-18 21:46:26, admin, 2019-03-30 11:17:11
<==        Row: 3d9a351be3436fbefb1307d4cfb49bf2, 1, 性别, sex, null, 0, null, 2019-01-04 14:56:32, admin, 2019-03-30 11:28:27
<==        Row: 4274efc2292239b6f000b153f50823ff, 0, 全局权限策略, global_perms_type, 全局权限策略, 0, admin, 2019-05-10 17:54:05, null, null
<==        Row: 4c03fca6bf1f0299c381213961566349, 0, Online图表展示模板, online_graph_display_template, Online图表展示模板, 0, admin, 2019-04-12 17:28:50, null, null
<==        Row: 4c753b5293304e7a445fd2741b46529d, 1, 字典状态, dict_item_status, null, 0, admin, 2020-06-18 23:18:42, admin, 2019-03-30 19:33:52
<==        Row: 4d7fec1a7799a436d26d02325eff295e, 0, 优先级, priority, 优先级, 0, admin, 2019-03-16 17:03:34, admin, 2019-04-16 17:39:23
<==        Row: 4e4602b3e3686f0911384e188dc7efb4, 0, 条件规则, rule_conditions, , 0, admin, 2019-04-01 10:15:03, admin, 2019-04-01 10:30:47
<==        Row: 4f69be5f507accea8d5df5f11346181a, 0, 发送消息类型, msgType, null, 0, admin, 2019-04-11 14:27:09, null, null
<==        Row: 68168534ff5065a152bfab275c2136f8, 0, 有效无效状态, valid_status, 有效无效状态, 0, admin, 2020-09-26 19:21:14, admin, 2019-04-26 19:21:23
<==        Row: 6b78e3f59faec1a4750acff08030a79b, 0, 用户类型, user_type, null, 0, null, 2019-01-04 14:59:01, admin, 2019-03-18 23:28:18
<==        Row: 72cce0989df68887546746d8f09811aa, 0, Online表单类型, cgform_table_type, , 0, admin, 2019-01-27 10:13:02, admin, 2019-03-30 11:37:36
<==        Row: 78bda155fe380b1b3f175f1e88c284c6, 0, 流程状态, bpm_status, 流程状态, 0, admin, 2019-05-09 16:31:52, null, null
<==        Row: 83bfb33147013cc81640d5fd9eda030c, 1, 日志类型, log_type, null, 0, admin, 2019-03-18 23:22:19, null, null
<==        Row: 845da5006c97754728bf48b6a10f79cc, 0, 状态, status, null, 0, admin, 2019-03-18 21:45:25, admin, 2019-03-18 21:58:25
<==        Row: 880a895c98afeca9d9ac39f29e67c13e, 0, 操作类型, operate_type, 操作类型, 0, admin, 2019-07-22 10:54:29, null, null
<==        Row: 8dfe32e2d29ea9430a988b3b558bf233, 0, 发布状态, send_status, 发布状态, 0, admin, 2019-04-16 17:40:42, null, null
<==        Row: a7adbcd86c37f7dbc9b66945c82ef9e6, 0, 1是0否, yn, , 0, admin, 2019-05-22 19:29:29, null, null
<==        Row: a9d9942bd0eccb6e89de92d130ec4c4a, 0, 消息发送状态, msgSendStatus, null, 0, admin, 2019-04-12 18:18:17, null, null
<==        Row: ac2f7c0c5c5775fcea7e2387bcb22f01, 1, 菜单类型, menu_type, null, 0, admin, 2020-12-18 23:24:32, admin, 2019-04-01 15:27:06
<==        Row: ad7c65ba97c20a6805d5dcdf13cdaf36, 0, onlineT类型, ceshi_online, null, 0, admin, 2019-03-22 16:31:49, admin, 2019-03-22 16:34:16
<==        Row: bd1b8bc28e65d6feefefb6f3c79f42fd, 0, Online图表数据类型, online_graph_data_type, Online图表数据类型, 0, admin, 2019-04-12 17:24:24, admin, 2019-04-12 17:24:57
<==        Row: c36169beb12de8a71c8683ee7c28a503, 0, 部门状态, depart_status, null, 0, admin, 2019-03-18 21:59:51, null, null
<==        Row: c5a14c75172783d72cbee6ee7f5df5d1, 0, Online图表类型, online_graph_type, Online图表类型, 0, admin, 2019-04-12 17:04:06, null, null
<==        Row: d6e1152968b02d69ff358c75b48a6ee1, 0, 流程类型, bpm_process_type, null, 0, admin, 2021-02-22 19:26:54, admin, 2019-03-30 18:14:44
<==        Row: fc6cd58fde2e8481db10d3a1e68ce70c, 1, 用户状态, user_status, null, 0, admin, 2019-03-18 21:57:25, admin, 2019-03-18 23:11:58
<==        Row: 2008794656772255745, 0, 密级, security, 密级（ietm项目用）, 0, admin, 2026-01-07 14:55:42, null, null
<==        Row: 2009149820169641986, 0, 标准版本, standard_type, 标准版本, 0, admin, 2026-01-08 14:27:00, admin, 2026-07-13 19:39:51
<==        Row: 2009158440265474049, 0, 装备类型, equipment_type, , 0, admin, 2026-01-08 15:01:15, admin, 2026-01-08 15:20:23
<==        Row: 9e203d99a790493aa44a964b28d13c7f, 0, 机构评级, agency_rating, 机构评级字典, 0, admin, 2026-04-27 22:23:33, admin, 2026-04-27 22:23:33
<==        Row: 52db14900acf4ef386ed34c0e2030afc, 1, 项目状态, project_status, 项目状态字典, 0, admin, 2026-04-27 22:24:16, null, null
<==        Row: 1750000000011, 0, DM状态, dm_status, IETM数据模块状态, 0, null, 2026-07-22 13:57:03, null, null
<==        Row: 1750000000012, 0, 工作流状态, workflow_status, IETM工作流状态, 0, null, 2026-07-22 13:57:09, null, null
<==        Row: 1750000000013, 0, 语言代码, language, ISO 639-1语言代码, 0, null, 2026-07-22 13:57:16, null, null
<==        Row: 1750000000014, 0, 国家代码, country, ISO 3166-1国家代码, 0, null, 2026-07-22 13:57:22, null, null
<==        Row: 1750000000015, 0, 技术名称, tech_name, IETM技术名称（DMC第9段）, 0, null, 2026-07-22 13:57:28, null, null
<==        Row: 1750000000016, 0, 信息名称, info_name, IETM信息名称（DMC第10段）, 0, null, 2026-07-22 13:57:38, null, null
<==        Row: 1750000000017, 0, 变体代码, variant_code, IETM变体代码（DMC第11段A）, 0, null, 2026-07-22 13:57:45, null, null
<==        Row: 1750000000018, 0, 拆卸代码, disassy_code, IETM拆卸代码（DMC第11段B）, 0, null, 2026-07-22 13:57:49, null, null
<==        Row: 1750000000019, 0, 发布类型, issue_type, IETM发布类型（DMC第11段C）, 0, null, 2026-07-22 13:57:55, null, null
<==        Row: 1750000000010, 0, DM类型, dm_type, IETM数据模块类型分类, 0, null, 2026-07-22 13:58:22, null, null
<==        Row: 1815001, 0, DM签出状态, dm_checkout_status, 数据模块签出状态：未签出/已签出, 0, admin, 2026-07-22 15:22:50, null, null
<==        Row: 1815002, 0, DM技术名称类型, dm_tech_name_type, 数据模块技术名称分类, 0, admin, 2026-07-22 15:22:50, null, null
<==        Row: 1815003, 0, DM信息名称类型, dm_info_name_type, 数据模块信息名称分类, 0, admin, 2026-07-22 15:22:50, null, null
<==        Row: 1815004, 0, DM责任伙伴公司, dm_rpc_type, 责任伙伴公司编号, 0, admin, 2026-07-22 15:22:50, null, null
<==        Row: 1815005, 0, DM更新控制状态, dm_update_control, 数据模块更新控制状态, 0, admin, 2026-07-22 15:22:51, null, null
<==        Row: 1815006, 0, DM应用范围, dm_applicability, 数据模块适用范围, 0, admin, 2026-07-22 15:22:51, null, null
<==        Row: 1815007, 0, DM发布模式, dm_publish_mode, 数据模块发布模式, 0, admin, 2026-07-22 15:22:51, null, null
<==        Row: 1815008, 0, DM校验级别, dm_validate_level, 数据模块校验级别, 0, admin, 2026-07-22 15:22:51, null, null
<==        Row: 1815009, 0, DM复制类型, dm_copy_type, 数据模块复制类型, 0, admin, 2026-07-22 15:22:51, null, null
<==        Row: 1815010, 0, DM版本操作类型, dm_version_action, 数据模块版本操作记录, 0, admin, 2026-07-22 15:22:51, null, null
<==        Row: 1815011, 0, DM文件类型, dm_file_type, 数据模块资源文件类型, 0, admin, 2026-07-22 15:22:51, null, null
<==        Row: 1815012, 0, DM工作流步骤, dm_workflow_step, 数据模块工作流步骤, 0, admin, 2026-07-22 15:22:51, null, null
<==        Row: 1815013, 0, DM引用状态, dm_reference_status, 数据模块引用关系状态, 0, admin, 2026-07-22 15:22:51, null, null
<==        Row: dm_location_code_001, 0, DM位置码, dm_location_code, IETM位置码（A/B/C/D/T）S1000D标准, 0, admin, 2026-07-23 09:10:21, null, null
<==        Row: dm_version_type_001, 0, DM版本类型, dm_version_type, 版本类型（草稿/已发布）, 0, admin, 2026-07-23 09:10:53, null, null
<==        Row: dm_version_action_type_001, 0, DM版本操作类型, dm_version_action_type, 版本操作（inwork/issue）, 0, admin, 2026-07-23 09:11:40, null, null
<==        Row: dm_ref_type_001, 0, DM引用类型, dm_ref_type, DM引用关系类型（dmRef/dmlRef/pmRef）, 0, admin, 2026-07-23 09:11:55, null, null
<==        Row: 7FAAEB0E8EBE406CBCC3A1FD68AE1F36, 0, DM密级, dm_security, 数据模块密级（S1000D标准）, 0, admin, 2026-07-25 00:11:14, null, null
<==      Total: 75
Closing non transactional SqlSession [org.apache.ibatis.session.defaults.DefaultSqlSession@e88dcdc]
Creating a new SqlSession
SqlSession [org.apache.ibatis.session.defaults.DefaultSqlSession@41aabbfd] was not registered for synchronization because synchronization is not active
original SQL: SELECT  id,dict_id,item_text,item_value,description,sort_order,status,create_by,create_time,update_by,update_time  FROM sys_dict_item 
 
 WHERE (status = ?) ORDER BY sort_order ASC
SQL to parse, SQL: SELECT  id,dict_id,item_text,item_value,description,sort_order,status,create_by,create_time,update_by,update_time  FROM sys_dict_item 
 
 WHERE (status = ?) ORDER BY sort_order ASC
parse the finished SQL: SELECT id, dict_id, item_text, item_value, description, sort_order, status, create_by, create_time, update_by, update_time FROM sys_dict_item WHERE (status = ?) ORDER BY sort_order ASC
JDBC Connection [dm.jdbc.driver.DmdbConnection@4daacdbb] will not be managed by Spring
==>  Preparing: SELECT id, dict_id, item_text, item_value, description, sort_order, status, create_by, create_time, update_by, update_time FROM sys_dict_item WHERE (status = ?) ORDER BY sort_order ASC
==> Parameters: 1(Integer)
<==    Columns: id, dict_id, item_text, item_value, description, sort_order, status, create_by, create_time, update_by, update_time
<==        Row: f37f90c496ec9841c4c326b065e00bb2, 83bfb33147013cc81640d5fd9eda030c, 登录日志, 1, null, null, 1, admin, 2019-03-18 23:22:37, null, null
<==        Row: f2a7920421f3335afdf6ad2b342f6b5d, 845da5006c97754728bf48b6a10f79cc, 冻结, 2, null, null, 1, admin, 2019-03-18 21:46:02, null, null
<==        Row: b2a8b4bb2c8e66c2c4b1bb086337f393, 3486f32803bb953e7155dab3513dc68b, 正常, 0, null, null, 1, admin, 2022-10-18 21:46:48, admin, 2019-03-28 22:22:20
<==        Row: aa0d8a8042a18715a17f0a888d360aa4, ac2f7c0c5c5775fcea7e2387bcb22f01, 一级菜单, 0, null, null, 1, admin, 2019-03-18 23:24:52, null, null
<==        Row: 86f19c7e0a73a0bae451021ac05b99dd, ac2f7c0c5c5775fcea7e2387bcb22f01, 子菜单, 1, null, null, 1, admin, 2019-03-18 23:25:27, null, null
<==        Row: 81fb2bb0e838dc68b43f96cc309f8257, fc6cd58fde2e8481db10d3a1e68ce70c, 冻结, 2, null, null, 1, admin, 2019-03-18 23:30:37, null, null
<==        Row: 7ccf7b80c70ee002eceb3116854b75cb, ac2f7c0c5c5775fcea7e2387bcb22f01, 按钮权限, 2, null, null, 1, admin, 2019-03-18 23:25:40, null, null
<==        Row: 78ea6cadac457967a4b1c4eb7aaa418c, fc6cd58fde2e8481db10d3a1e68ce70c, 正常, 1, null, null, 1, admin, 2019-03-18 23:30:28, null, null
<==        Row: 7688469db4a3eba61e6e35578dc7c2e5, c36169beb12de8a71c8683ee7c28a503, 启用, 1, null, null, 1, admin, 2019-03-18 23:29:28, null, null
<==        Row: 75b260d7db45a39fc7f21badeabdb0ed, c36169beb12de8a71c8683ee7c28a503, 不启用, 0, null, null, 1, admin, 2019-03-18 23:29:41, admin, 2019-03-18 23:29:54
<==        Row: 700e9f030654f3f90e9ba76ab0713551, 6b78e3f59faec1a4750acff08030a79b, 333, 333, null, null, 1, admin, 2019-02-21 19:59:47, null, null
<==        Row: 5b65a88f076b32e8e69d19bbaadb52d5, 2f0320997ade5dd147c90130f7218c3e, 全体用户, ALL, null, null, 1, admin, 2020-10-17 21:22:43, admin, 2019-03-28 22:17:09
<==        Row: 4f05fb5376f4c61502c5105f52e4dd2b, 83bfb33147013cc81640d5fd9eda030c, 操作日志, 2, null, null, 1, admin, 2019-03-18 23:22:49, null, null
<==        Row: 43d2295b8610adce9510ff196a49c6e9, 845da5006c97754728bf48b6a10f79cc, 正常, 1, null, null, 1, admin, 2019-03-18 21:45:51, null, null
<==        Row: 0c9532916f5cd722017b46bc4d953e41, 2f0320997ade5dd147c90130f7218c3e, 指定用户, USER, null, null, 1, admin, 2019-03-17 21:22:19, admin, 2019-03-17 21:22:28
<==        Row: 05a2e732ce7b00aa52141ecc3e330b4e, 3486f32803bb953e7155dab3513dc68b, 已删除, 1, null, null, 1, admin, 2025-10-18 21:46:56, admin, 2019-03-28 22:23:20
<==        Row: 8c618902365ca681ebbbe1e28f11a548, 4c753b5293304e7a445fd2741b46529d, 启用, 1, , 0, 1, admin, 2020-07-18 23:19:27, admin, 2019-05-17 14:51:18
<==        Row: 1750000001801, 1750000000018, 拆卸到0级, 0, 完全拆卸, 1, 1, null, 2026-07-22 13:57:50, null, null
<==        Row: 1ce390c52453891f93514c1bd2795d44, ad7c65ba97c20a6805d5dcdf13cdaf36, 000, 00, null, 1, 1, admin, 2019-03-22 16:34:34, null, null
<==        Row: df168368dcef46cade2aadd80100d8aa, 3d9a351be3436fbefb1307d4cfb49bf2, 男, 1, null, 1, 1, null, 2027-08-04 14:56:49, admin, 2019-03-23 22:44:44
<==        Row: 1174509601047994369, 1174509082208395266, 员级, 1, , 1, 1, admin, 2019-09-19 10:24:45, admin, 2019-09-23 11:46:39
<==        Row: 41d7aaa40c9b61756ffb1f28da5ead8e, 0b5d19e1fce4b2e6647e6b4a17760c14, 通知公告, 1, null, 1, 1, admin, 2019-04-22 18:01:57, null, null
<==        Row: 1280401815068295170, 1280401766745718786, 正常, 1, , 1, 1, admin, 2020-07-07 15:22:36, null, null
<==        Row: 66c952ae2c3701a993e7db58f3baf55e, 4e4602b3e3686f0911384e188dc7efb4, 大于, >, 大于, 1, 1, admin, 2019-04-01 10:45:46, admin, 2019-04-01 17:48:29
<==        Row: 1199517914017832962, 1199517671259906049, 重要, 2, , 1, 1, admin, 2019-11-27 10:38:51, null, null
<==        Row: 1815008001, 1815008, 基础校验, basic, DMC格式校验, 1, 1, null, 2026-07-22 15:22:51, null, null
<==        Row: 1356445705549975553, 1356445645198135298, 是, Y, , 1, 1, admin, 2021-02-02 11:33:52, null, null
<==        Row: 9a96c4a4e4c5c9b4e4d0cbf6eb3243cc, 4c753b5293304e7a445fd2741b46529d, 不启用, 0, null, 1, 1, admin, 2019-03-18 23:19:53, null, null
<==        Row: 147c48ff4b51545032a9119d13f3222a, d6e1152968b02d69ff358c75b48a6ee1, 测试流程, test, null, 1, 1, admin, 2019-03-22 19:27:05, null, null
<==        Row: 1750000001301, 1750000000013, zh, zh, 简体中文, 1, 1, null, 2026-07-22 13:57:16, admin, 2026-08-07 20:13:27
<==        Row: 1815013001, 1815013, 有效, valid, 引用有效, 1, 1, null, 2026-07-22 15:22:52, null, null
<==        Row: 1250688147579228161, 1250687930947620866, 正常, 0, , 1, 1, admin, 2020-04-16 15:31:05, , null
<==        Row: 1199518186144276482, 1199518099888414722, 日常记录, 1, , 1, 1, admin, 2019-11-27 10:39:56, null, null
<==        Row: b9fbe2a3602d4a27b45c100ac5328484, 78bda155fe380b1b3f175f1e88c284c6, 待提交, 1, 待提交, 1, 1, admin, 2019-05-09 16:32:35, null, null
<==        Row: 337ea1e401bda7233f6258c284ce4f50, bd1b8bc28e65d6feefefb6f3c79f42fd, JSON, json, null, 1, 1, admin, 2019-04-12 17:26:33, null, null
<==        Row: 2009158497136041986, 2009158440265474049, 通用, 0, , 1, 1, admin, 2026-01-08 15:01:29, admin, 2026-01-09 14:51:56
<==        Row: dm_ft_xml, dm_file_type_001, XML文件, xml, S1000D XML数据模块, 1, 1, admin, 2026-07-23 09:13:02, null, null
<==        Row: dm_co_in, dm_checkout_status_001, 签入, 0, DM已签入，可供他人签出, 1, 1, admin, 2026-07-23 09:12:06, null, null
<==        Row: 1815009001, 1815009, 基本复制, basic, 仅复制基本属性, 1, 1, null, 2026-07-22 15:22:51, null, null
<==        Row: 1815010001, 1815010, 创建, create, 创建新DM, 1, 1, null, 2026-07-22 15:22:51, null, null
<==        Row: dm_ver_0, dm_version_type_001, 草稿版本, 0, In-Work版本，未正式发布, 1, 1, admin, 2026-07-23 09:12:06, null, null
<==        Row: 83250269359855501ec4e9c0b7e21596, 4274efc2292239b6f000b153f50823ff, 可见/可访问(授权后可见/可访问), 1, , 1, 1, admin, 2019-05-10 17:54:51, null, null
<==        Row: 1750000001001, 1750000000010, 描述性DM, description, 描述性数据模块, 1, 1, null, 2026-07-22 13:58:22, admin, 2026-08-01 23:00:56
<==        Row: 1199525468672405505, 1199525215290306561, 未开始, 0, , 1, 1, admin, 2019-11-27 11:08:52, null, null
<==        Row: 1750000001701, 1750000000017, A型, A, A型变体, 1, 1, null, 2026-07-22 13:57:45, null, null
<==        Row: 1199525506429530114, 1199525215290306561, 已完成, 2, , 1, 1, admin, 2019-11-27 11:09:02, admin, 2019-11-27 11:10:02
<==        Row: 1199517884758368257, 1199517671259906049, 一般, 1, , 1, 1, admin, 2019-11-27 10:38:44, null, null
<==        Row: 69cacf64e244100289ddd4aa9fa3b915, a9d9942bd0eccb6e89de92d130ec4c4a, 未发送, 0, null, 1, 1, admin, 2019-04-12 18:19:23, null, null
<==        Row: 1750000001601, 1750000000016, 描述, 00, 描述信息, 1, 1, null, 2026-07-22 13:57:38, null, null
<==        Row: dm_pub_draft, dm_publish_mode_001, 草稿发布, draft, 发布为草稿模式, 1, 1, admin, 2026-07-23 09:19:47, null, null
<==        Row: dm_copy_attr, dm_copy_type_001, 仅复制属性, 0, 创建新DM，仅复制元数据, 1, 1, admin, 2026-07-23 09:21:33, null, null
<==        Row: 222705e11ef0264d4214affff1fb4ff9, 4f69be5f507accea8d5df5f11346181a, 文本, 1, , 1, 1, admin, 2023-02-28 10:50:36, admin, 2022-07-04 16:29:21
<==        Row: 538fca35afe004972c5f3947c039e766, 2e02df51611a4b9632828ab7e5338f00, 显示, 1, 显示, 1, 1, admin, 2025-03-26 18:27:13, admin, 2019-04-26 18:39:07
<==        Row: 096c2e758d823def3855f6376bc736fb, bd1b8bc28e65d6feefefb6f3c79f42fd, SQL, sql, null, 1, 1, admin, 2019-04-12 17:26:26, null, null
<==        Row: 51222413e5906cdaf160bb5c86fb827c, a7adbcd86c37f7dbc9b66945c82ef9e6, 是, 1, , 1, 1, admin, 2019-05-22 19:29:45, null, null
<==        Row: 1815002001, 1815002, 系统描述, 01, 系统级描述性文档, 1, 1, null, 2026-07-22 15:22:50, null, null
<==        Row: 2009149856358096897, 2009149820169641986, GJB6600, GJB6600, , 1, 1, admin, 2026-01-08 14:27:09, admin, 2026-07-16 10:02:57
<==        Row: 1815005001, 1815005, 可更新, 0, 允许更新修改, 1, 1, null, 2026-07-22 15:22:51, null, null
<==        Row: 1174511197735665665, 1174511106530525185, 公司, 1, 公司, 1, 1, admin, 2019-09-19 10:31:05, null, null
<==        Row: dm_ref_st_valid, dm_reference_status_001, 有效, 1, 引用关系有效, 1, 1, admin, 2026-07-23 09:13:13, null, null
<==        Row: 1242300814383435777, 1242298510024429569, 邮件提醒, 1, , 1, 1, admin, 2020-03-24 12:02:49, admin, 2020-03-30 18:21:26
<==        Row: c5700a71ad08994d18ad1dacc37a71a9, a7adbcd86c37f7dbc9b66945c82ef9e6, 否, 0, , 1, 1, admin, 2019-05-22 19:29:55, null, null
<==        Row: 1280401847607705602, 1280401766745718786, 冻结, 0, , 1, 1, admin, 2020-07-07 15:22:44, null, null
<==        Row: 7050c1522702bac3be40e3b7d2e1dfd8, c5a14c75172783d72cbee6ee7f5df5d1, 柱状图, bar, null, 1, 1, admin, 2019-04-12 17:05:17, null, null
<==        Row: dm_upd_0, dm_update_control_001, 无更新控制, 0, 无特殊更新控制, 1, 1, admin, 2026-07-23 09:12:06, null, null
<==        Row: 1232913424813486081, 1232913193820581889, 官方示例, demo, , 1, 1, admin, 2020-02-27 14:20:42, admin, 2020-02-27 14:21:37
<==        Row: 1356445754212290561, 1356445645198135298, 否, N, , 1, 1, admin, 2021-02-02 11:34:04, null, null
<==        Row: 1209733775114702850, 1209733563293962241, MySQL5.5, 1, , 1, 1, admin, 2019-12-25 15:13:02, null, null
<==        Row: 1815007001, 1815007, 草稿模式, draft, 草稿编辑阶段, 1, 1, null, 2026-07-22 15:22:51, null, null
<==        Row: f0162f4cc572c9273f3e26b2b4d8c082, ad7c65ba97c20a6805d5dcdf13cdaf36, booostrap, 1, null, 1, 1, admin, 2021-08-22 16:32:04, admin, 2019-03-22 16:33:57
<==        Row: 6c682d78ddf1715baf79a1d52d2aa8c2, 72cce0989df68887546746d8f09811aa, 单表, 1, null, 1, 1, admin, 2019-03-27 10:13:29, null, null
<==        Row: 1750000001901, 1750000000019, 正式发布, N, 正式发布版本, 1, 1, null, 2026-07-22 13:57:55, null, null
<==        Row: 1750000001101, 1750000000011, 草稿, draft, 草稿状态, 1, 1, null, 2026-07-22 13:57:03, null, null
<==        Row: 1199520817285701634, 1199520177767587841, 列表, 1, , 1, 1, admin, 2019-11-27 10:50:24, null, null
<==        Row: 1815011001, 1815011, XML文件, xml, XML格式文档, 1, 1, null, 2026-07-22 15:22:51, null, null
<==        Row: 6d4e26e78e1a09699182e08516c49fc4, 4d7fec1a7799a436d26d02325eff295e, 高, H, 高, 1, 1, admin, 2019-04-16 17:04:24, null, null
<==        Row: 1750000001401, 1750000000014, CN, CN, 中华人民共和国, 1, 1, null, 2026-07-22 13:57:22, admin, 2026-07-25 14:16:06
<==        Row: 1178295639554928641, 1178295274528845826, 可见(未授权不可见), 1, , 1, 1, admin, 2019-09-29 21:09:06, admin, 2019-09-29 21:09:24
<==        Row: 1199518214858481666, 1199518099888414722, 本周工作, 2, , 1, 1, admin, 2019-11-27 10:40:03, null, null
<==        Row: 1815003001, 1815003, 概述, 001, 概述性内容, 1, 1, null, 2026-07-22 15:22:50, null, null
<==        Row: 1815006001, 1815006, 全部适用, all, 适用于所有型号, 1, 1, null, 2026-07-22 15:22:51, null, null
<==        Row: 1174509082208395266, 1174511106530525185, 岗位, 3, 岗位, 1, 1, admin, 2019-09-19 10:31:16, , null
<==        Row: ba27737829c6e0e582e334832703d75e, 236e8a4baff0db8c62c00dd95632834f, 同步, 1, 同步, 1, 1, admin, 2019-05-15 15:28:15, null, null
<==        Row: 6937c5dde8f92e9a00d4e2ded9198694, ad7c65ba97c20a6805d5dcdf13cdaf36, easyui, 3, null, 1, 1, admin, 2019-03-22 16:32:15, null, null
<==        Row: dm_type_desc, dm_type_001, 描述性DM, descriptive, 描述静态信息（部件、系统介绍）, 1, 1, admin, 2026-07-23 09:12:06, null, null
<==        Row: 1250688201064992770, 1250687930947620866, 停止, -1, , 1, 1, admin, 2020-04-16 15:31:18, , null
<==        Row: b029a41a851465332ee4ee69dcf0a4c2, 0b5d19e1fce4b2e6647e6b4a17760c14, 系统消息, 2, null, 1, 1, admin, 2019-02-22 18:02:08, admin, 2019-04-22 18:02:13
<==        Row: dm_info_desc, dm_info_name_type_001, 描述, description, 描述性信息, 1, 1, admin, 2026-07-23 09:12:06, null, null
<==        Row: 66EF34864A884E9295B1B353DC1CA0D4, 7FAAEB0E8EBE406CBCC3A1FD68AE1F36, 非密, unclassified, Unclassified, 1, 1, admin, 2026-07-25 00:11:24, null, null
<==        Row: b5f3bd5f66bb9a83fecd89228c0d93d1, 68168534ff5065a152bfab275c2136f8, 无效, 0, 无效, 1, 1, admin, 2019-04-26 19:21:49, null, null
<==        Row: 1750000001501, 1750000000015, 安装, 00, 安装相关技术, 1, 1, null, 2026-07-22 13:57:28, null, null
<==        Row: 1174511244036587521, 1174511106530525185, 部门, 2, 部门, 1, 1, admin, 2019-09-19 10:31:16, null, null
<==        Row: 1815004001, 1815004, AVIC-中航工业, AVIC, 中国航空工业集团, 1, 1, null, 2026-07-22 15:22:50, null, null
<==        Row: 034021b8a8404472b13cec49608ceb5d, 52db14900acf4ef386ed34c0e2030afc, 无效, 0, , 1, 1, admin, 2026-04-27 22:25:13, admin, 2026-07-15 10:27:51
<==        Row: 2008794721943351298, 2008794656772255745, 公开, 1, , 1, 1, admin, 2026-01-07 14:55:58, admin, 2026-01-07 14:56:28
<==        Row: dm_ref_dm, dm_ref_type_001, DM引用, dmRef, 数据模块之间的引用, 1, 1, admin, 2026-07-23 09:22:32, null, null
<==        Row: 333e6b2196e01ef9a5f76d74e86a6e33, 8dfe32e2d29ea9430a988b3b558bf233, 未发布, 0, 未发布, 1, 1, admin, 2019-04-16 17:41:12, null, null
<==        Row: 1199518235943247874, 1199518099888414722, 下周计划, 3, , 1, 1, admin, 2019-11-27 10:40:08, null, null
<==        Row: dm_va_inwork, dm_version_action_type_001, In-Work（草稿）, inwork, 创建草稿版本, 1, 1, admin, 2026-07-23 09:21:51, null, null
<==        Row: 1815012001, 1815012, 起草, draft, 起草阶段, 1, 1, null, 2026-07-22 15:22:51, null, null
<==        Row: 1199525490575060993, 1199525215290306561, 进行中, 1, , 1, 1, admin, 2019-11-27 11:08:58, null, null
<==        Row: c53da022b9912e0aed691bbec3c78473, 880a895c98afeca9d9ac39f29e67c13e, 查询, 1, , 1, 1, admin, 2019-07-22 10:54:51, null, null
<==        Row: 1199517941339529217, 1199517671259906049, 紧急, 3, , 1, 1, admin, 2019-11-27 10:38:58, null, null
<==        Row: dm_wf_draft, dm_workflow_step_001, 起草, draft, 起草阶段, 1, 1, admin, 2026-07-23 09:13:06, null, null
<==        Row: dm_status_0, dm_status_001, 已删除, 0, DM已标记删除, 1, 1, admin, 2026-07-23 09:12:06, null, null
<==        Row: fcec03570f68a175e1964808dc3f1c91, 4c03fca6bf1f0299c381213961566349, Tab风格, tab, null, 1, 1, admin, 2019-04-12 17:43:31, null, null
<==        Row: dm_val_none, dm_validate_level_001, 不校验, 0, 跳过XML校验, 1, 1, admin, 2026-07-23 09:12:37, null, null
<==        Row: dm_tech_sys, dm_tech_name_type_001, 系统, system, 系统级技术名称, 1, 1, admin, 2026-07-23 09:12:06, null, null
<==        Row: 1750000001201, 1750000000012, 未提交, 0, 未提交工作流, 1, 1, null, 2026-07-22 13:57:09, null, null
<==        Row: dm_loc_A, dm_location_code_001, A, A, , 1, 1, admin, 2026-07-23 09:12:06, admin, 2026-07-25 14:14:27
<==        Row: 1815001001, 1815001, 未签出, 0, 数据模块未被签出，可被任何人签出, 1, 1, null, 2026-07-22 15:22:50, null, null
<==        Row: 1199520835035996161, 1199520177767587841, 链接, 2, , 1, 1, admin, 2019-11-27 10:50:28, null, null
<==        Row: dm_rpc_001, dm_rpc_type_001, AVIC（中航工业）, AVIC1, 中国航空工业集团, 1, 1, admin, 2026-07-23 09:12:06, null, null
<==        Row: e6329e3a66a003819e2eb830b0ca2ea0, 4e4602b3e3686f0911384e188dc7efb4, 小于, <, 小于, 2, 1, admin, 2019-04-01 16:44:15, admin, 2019-04-01 17:48:34
<==        Row: e94eb7af89f1dbfa0d823580a7a6e66a, 236e8a4baff0db8c62c00dd95632834f, 不同步, 0, 不同步, 2, 1, admin, 2019-05-15 15:28:28, null, null
<==        Row: 1232913493717512194, 1232913193820581889, 流程表单, bpm, , 2, 1, admin, 2020-02-27 14:20:58, admin, 2020-02-27 14:22:20
<==        Row: 1174509667297026049, 1174509082208395266, 助级, 2, , 2, 1, admin, 2019-09-19 10:25:01, admin, 2019-09-23 11:46:47
<==        Row: 1815010002, 1815010, 编辑, edit, 编辑DM属性, 2, 1, null, 2026-07-22 15:22:51, null, null
<==        Row: 71b924faa93805c5c1579f12e001c809, d6e1152968b02d69ff358c75b48a6ee1, OA办公, oa, null, 2, 1, admin, 2021-03-22 19:27:17, admin, 2019-03-22 23:24:36
<==        Row: f16c5706f3ae05c57a53850c64ce7c45, a9d9942bd0eccb6e89de92d130ec4c4a, 发送成功, 1, null, 2, 1, admin, 2019-04-12 18:19:43, null, null
<==        Row: 1815009002, 1815009, 完整复制, full, 复制全部内容+资源, 2, 1, null, 2026-07-22 15:22:51, null, null
<==        Row: 1750000001802, 1750000000018, 拆卸到1级, 1, 拆卸到1级, 2, 1, null, 2026-07-22 13:57:50, null, null
<==        Row: 84dfc178dd61b95a72900fcdd624c471, 78bda155fe380b1b3f175f1e88c284c6, 处理中, 2, 处理中, 2, 1, admin, 2019-05-09 16:33:01, null, null
<==        Row: 1815011002, 1815011, PDF文档, pdf, PDF格式文档, 2, 1, null, 2026-07-22 15:22:51, null, null
<==        Row: 1815007002, 1815007, 审核模式, review, 送审审核阶段, 2, 1, null, 2026-07-22 15:22:51, null, null
<==        Row: 1178295553450061826, 1178295274528845826, 可编辑(未授权禁用), 2, , 2, 1, admin, 2019-09-29 21:08:46, admin, 2019-09-29 21:09:18
<==        Row: 1815005002, 1815005, 锁定, 1, 已锁定禁止修改, 2, 1, null, 2026-07-22 15:22:51, null, null
<==        Row: 1750000001502, 1750000000015, 拆卸, 01, 拆卸相关技术, 2, 1, null, 2026-07-22 13:57:28, null, null
<==        Row: 1815004002, 1815004, COMAC-中国商飞, COMAC, 中国商用飞机有限公司, 2, 1, null, 2026-07-22 15:22:50, null, null
<==        Row: dm_ver_1, dm_version_type_001, 已发布版本, 1, Issue版本，已正式发布, 2, 1, admin, 2026-07-23 09:12:06, null, null
<==        Row: cbfcc5b88fc3a90975df23ffc8cbe29c, c5a14c75172783d72cbee6ee7f5df5d1, 曲线图, line, null, 2, 1, admin, 2019-05-12 17:05:30, admin, 2019-04-12 17:06:06
<==        Row: 1815003002, 1815003, 准备, 002, 准备工作内容, 2, 1, null, 2026-07-22 15:22:50, null, null
<==        Row: 58b73b344305c99b9d8db0fc056bbc0a, 72cce0989df68887546746d8f09811aa, 主表, 2, null, 2, 1, admin, 2019-03-27 10:13:36, null, null
<==        Row: 2008794750670139394, 2008794656772255745, 内部, 2, , 2, 1, admin, 2026-01-07 14:56:05, admin, 2026-01-07 14:56:25
<==        Row: 734C6F3E7AAB4BA8887C09F0527900D1, 7FAAEB0E8EBE406CBCC3A1FD68AE1F36, 机密, confidential, Confidential, 2, 1, admin, 2026-07-25 00:11:24, null, null
<==        Row: dm_wf_review, dm_workflow_step_001, 审核, review, 审核阶段, 2, 1, admin, 2026-07-23 09:13:06, null, null
<==        Row: dm_upd_1, dm_update_control_001, 更新控制, 1, 需要更新控制, 2, 1, admin, 2026-07-23 09:12:06, null, null
<==        Row: dm_rpc_002, dm_rpc_type_001, COMAC（商飞）, COMAC, 中国商用飞机有限责任公司, 2, 1, admin, 2026-07-23 09:12:06, null, null
<==        Row: 1815002002, 1815002, 操作程序, 02, 操作类程序文档, 2, 1, null, 2026-07-22 15:22:50, null, null
<==        Row: 1815001002, 1815001, 已签出, 1, 数据模块已被签出，锁定状态, 2, 1, null, 2026-07-22 15:22:50, null, null
<==        Row: 8ff48e657a7c5090d4f2a59b37d1b878, 4d7fec1a7799a436d26d02325eff295e, 中, M, 中, 2, 1, admin, 2019-04-16 17:04:40, null, null
<==        Row: 1815008002, 1815008, 标准校验, standard, 字段完整性校验, 2, 1, null, 2026-07-22 15:22:51, null, null
<==        Row: 8cdf08045056671efd10677b8456c999, 4274efc2292239b6f000b153f50823ff, 可编辑(未授权时禁用), 2, , 2, 1, admin, 2019-05-10 17:55:38, null, null
<==        Row: 948923658baa330319e59b2213cda97c, 880a895c98afeca9d9ac39f29e67c13e, 添加, 2, , 2, 1, admin, 2019-07-22 10:54:59, admin, 2019-07-22 10:55:36
<==        Row: 1750000001002, 1750000000010, 过程性DM, procedure, 过程性数据模块, 2, 1, null, 2026-07-22 13:58:22, admin, 2026-08-01 23:01:10
<==        Row: dm_info_oper, dm_info_name_type_001, 操作, operation, 操作性信息, 2, 1, admin, 2026-07-23 09:12:06, null, null
<==        Row: 1750000001902, 1750000000019, 临时发布, T, 临时发布版本, 2, 1, null, 2026-07-22 13:57:55, null, null
<==        Row: 308c8aadf0c37ecdde188b97ca9833f5, 8dfe32e2d29ea9430a988b3b558bf233, 已发布, 1, 已发布, 2, 1, admin, 2019-04-16 17:41:24, null, null
<==        Row: dm_ref_dml, dm_ref_type_001, DML引用, dmlRef, 数据模块列表引用, 2, 1, admin, 2026-07-23 09:22:32, null, null
<==        Row: 1334440962954936321, 1209733563293962241, MYSQL5.7+, 4, , 2, 1, admin, 2020-12-03 18:16:02, admin, 2021-07-15 13:44:29
<==        Row: 1750000001702, 1750000000017, B型, B, B型变体, 2, 1, null, 2026-07-22 13:57:45, null, null
<==        Row: 1543fe7e5e26fb97cdafe4981bedc0c8, 4c03fca6bf1f0299c381213961566349, 单排布局, single, null, 2, 1, admin, 2022-07-12 17:43:39, admin, 2019-04-12 17:43:57
<==        Row: 6a7a9e1403a7943aba69e54ebeff9762, 4f69be5f507accea8d5df5f11346181a, 富文本, 2, , 2, 1, admin, 2031-02-28 10:50:44, admin, 2022-07-04 16:29:30
<==        Row: 1750000001602, 1750000000016, 操作, 01, 操作信息, 2, 1, null, 2026-07-22 13:57:38, null, null
<==        Row: 2009158867908321281, 2009158440265474049, 航空, 1, , 2, 1, admin, 2026-01-08 15:02:57, admin, 2026-01-09 14:52:00
<==        Row: 1030a2652608f5eac3b49d70458b8532, 2e02df51611a4b9632828ab7e5338f00, 禁用, 2, 禁用, 2, 1, admin, 2021-03-26 18:27:28, admin, 2019-04-26 18:39:11
<==        Row: dm_pub_official, dm_publish_mode_001, 正式发布, official, 正式发布, 2, 1, admin, 2026-07-23 09:19:47, null, null
<==        Row: 1750000001202, 1750000000012, 流转中, 1, 流程流转中, 2, 1, null, 2026-07-22 13:57:09, null, null
<==        Row: dm_ft_pdf, dm_file_type_001, PDF文件, pdf, PDF格式DM, 2, 1, admin, 2026-07-23 09:13:02, null, null
<==        Row: 2080832479622590466, language_iso_code, English, en, null, 2, 1, admin, 2026-07-25 09:48:18, null, null
<==        Row: 1750000001402, 1750000000014, US, US, United States, 2, 1, null, 2026-07-22 13:57:22, admin, 2026-07-25 14:16:12
<==        Row: 1750000001302, 1750000000013, en, en, English, 2, 1, null, 2026-07-22 13:57:16, admin, 2026-08-07 20:13:41
<==        Row: dm_va_issue, dm_version_action_type_001, Issue（发布）, issue, 创建发布版本, 2, 1, admin, 2026-07-23 09:21:51, null, null
<==        Row: dm_copy_ver, dm_copy_type_001, 创建版本链, 1, 创建版本关联的新DM, 2, 1, admin, 2026-07-23 09:21:33, null, null
<==        Row: dm_ref_st_invalid, dm_reference_status_001, 无效, 0, 引用关系已失效, 2, 1, admin, 2026-07-23 09:13:13, null, null
<==        Row: 1815013002, 1815013, 断链, broken, 引用断链, 2, 1, null, 2026-07-22 15:22:52, null, null
<==        Row: 2009150391974912001, 2009149820169641986, S1000D3.0, S1000D3.0, , 2, 1, admin, 2026-01-08 14:29:16, admin, 2026-07-16 09:58:02
<==        Row: 1242300779390357505, 1242298510024429569, 短信提醒, 2, , 2, 1, admin, 2020-03-24 12:02:41, admin, 2020-03-30 18:21:33
<==        Row: 1750000001102, 1750000000011, 编辑中, editing, 正在编辑, 2, 1, null, 2026-07-22 13:57:03, null, null
<==        Row: dm_val_basic, dm_validate_level_001, 基础校验, 1, 基础XML格式校验, 2, 1, admin, 2026-07-23 09:12:37, null, null
<==        Row: cfe88c07c69443b99e6a1da0d915b36f, 52db14900acf4ef386ed34c0e2030afc, 有效, 1, , 2, 1, admin, 2026-04-27 22:25:13, admin, 2026-07-15 10:28:01
<==        Row: 5d84a8634c8fdfe96275385075b105c9, 3d9a351be3436fbefb1307d4cfb49bf2, 女, 2, null, 2, 1, null, 2019-01-04 14:56:56, null, 2019-01-04 17:38:12
<==        Row: dm_loc_B, dm_location_code_001, B, B, , 2, 1, admin, 2026-07-23 09:12:06, admin, 2026-07-25 14:14:31
<==        Row: dm_tech_assy, dm_tech_name_type_001, 组件, assembly, 组件级技术名称, 2, 1, admin, 2026-07-23 09:12:06, null, null
<==        Row: 1815006002, 1815006, 部分适用, partial, 适用于部分型号, 2, 1, null, 2026-07-22 15:22:51, null, null
<==        Row: dm_co_out, dm_checkout_status_001, 签出, 1, DM已被签出，正在编辑中, 2, 1, admin, 2026-07-23 09:12:06, null, null
<==        Row: dm_status_1, dm_status_001, 正常, 1, DM正常状态, 2, 1, admin, 2026-07-23 09:12:06, null, null
<==        Row: 2d51376643f220afdeb6d216a8ac2c01, 68168534ff5065a152bfab275c2136f8, 有效, 1, 有效, 2, 1, admin, 2019-04-26 19:22:01, null, null
<==        Row: dm_type_proc, dm_type_001, 过程性DM, procedural, 描述操作过程（维护、检查程序）, 2, 1, admin, 2026-07-23 09:12:06, null, null
<==        Row: 1815012002, 1815012, 审核, review, 审核阶段, 2, 1, null, 2026-07-22 15:22:51, null, null
<==        Row: 2009150431040659458, 2009149820169641986, S1000D4.0, S1000D4.0, , 3, 1, admin, 2026-01-08 14:29:26, admin, 2026-07-16 09:58:07
<==        Row: 23a5bb76004ed0e39414e928c4cde155, 4e4602b3e3686f0911384e188dc7efb4, 不等于, !=, 不等于, 3, 1, admin, 2019-04-01 16:46:15, admin, 2019-04-01 17:48:40
<==        Row: dm_loc_C, dm_location_code_001, C, C, , 3, 1, admin, 2026-07-23 09:12:06, admin, 2026-07-25 14:14:39
<==        Row: 1815013003, 1815013, 过期, outdated, 引用过期, 3, 1, null, 2026-07-22 15:22:52, null, null
<==        Row: dm_rpc_003, dm_rpc_type_001, Boeing, BOE01, 波音公司, 3, 1, admin, 2026-07-23 09:12:06, null, null
<==        Row: 1815012003, 1815012, 批准, approve, 批准阶段, 3, 1, null, 2026-07-22 15:22:51, null, null
<==        Row: 0ca4beba9efc4f9dd54af0911a946d5c, 72cce0989df68887546746d8f09811aa, 附表, 3, null, 3, 1, admin, 2019-03-27 10:13:43, null, null
<==        Row: 1815011003, 1815011, 图片, image, 图片文件（jpg/png/gif等）, 3, 1, null, 2026-07-22 15:22:51, null, null
<==        Row: f753aff60ff3931c0ecb4812d8b5e643, 4c03fca6bf1f0299c381213961566349, 双排布局, double, null, 3, 1, admin, 2019-04-12 17:43:51, null, null
<==        Row: 1815010003, 1815010, 签入, checkin, 签入新版本, 3, 1, null, 2026-07-22 15:22:51, null, null
<==        Row: 1815009003, 1815009, 新版本, newVersion, 创建新版本副本, 3, 1, null, 2026-07-22 15:22:51, null, null
<==        Row: 1750000001103, 1750000000011, 审核中, reviewing, 正在审核, 3, 1, null, 2026-07-22 13:57:03, null, null
<==        Row: 1209733839933476865, 1209733563293962241, Oracle, 2, , 3, 1, admin, 2019-12-25 15:13:18, admin, 2021-07-15 13:44:08
<==        Row: 1815008003, 1815008, 严格校验, strict, XML Schema校验, 3, 1, null, 2026-07-22 15:22:51, null, null
<==        Row: 1815007003, 1815007, 正式发布, official, 正式发布版本, 3, 1, null, 2026-07-22 15:22:51, null, null
<==        Row: 1815006003, 1815006, 特定条件, specific, 特定条件下适用, 3, 1, null, 2026-07-22 15:22:51, null, null
<==        Row: 1815005003, 1815005, 待审核, 2, 等待审核中, 3, 1, null, 2026-07-22 15:22:51, null, null
<==        Row: 0072d115e07c875d76c9b022e2179128, 4d7fec1a7799a436d26d02325eff295e, 低, L, 低, 3, 1, admin, 2019-04-16 17:04:59, null, null
<==        Row: 1750000001503, 1750000000015, 检查, 02, 检查相关技术, 3, 1, null, 2026-07-22 13:57:28, null, null
<==        Row: 1815004003, 1815004, CASC-中国航天, CASC, 中国航天科技集团, 3, 1, null, 2026-07-22 15:22:50, null, null
<==        Row: 1815003003, 1815003, 程序, 003, 具体程序步骤, 3, 1, null, 2026-07-22 15:22:50, null, null
<==        Row: a2be752dd4ec980afaec1efd1fb589af, 8dfe32e2d29ea9430a988b3b558bf233, 已撤销, 2, 已撤销, 3, 1, admin, 2019-04-16 17:41:39, null, null
<==        Row: 1815002003, 1815002, 维护程序, 03, 维护类程序文档, 3, 1, null, 2026-07-22 15:22:50, null, null
<==        Row: 1750000001003, 1750000000010, 故障性DM, faultIsolation, 故障性数据模块, 3, 1, null, 2026-07-22 13:58:22, admin, 2026-08-01 23:01:30
<==        Row: 1750000001903, 1750000000019, 紧急发布, E, 紧急发布版本, 3, 1, null, 2026-07-22 13:57:55, null, null
<==        Row: 848d4da35ebd93782029c57b103e5b36, c5a14c75172783d72cbee6ee7f5df5d1, 饼图, pie, null, 3, 1, admin, 2019-04-12 17:05:49, null, null
<==        Row: 1750000001803, 1750000000018, 拆卸到2级, 2, 拆卸到2级, 3, 1, null, 2026-07-22 13:57:50, null, null
<==        Row: 1750000001703, 1750000000017, C型, C, C型变体, 3, 1, null, 2026-07-22 13:57:45, null, null
<==        Row: 1305827309355302914, bd1b8bc28e65d6feefefb6f3c79f42fd, API, api, , 3, 1, admin, 2020-09-15 19:14:26, admin, 2020-09-15 19:14:41
<==        Row: 1750000001603, 1750000000016, 规范, 02, 规范信息, 3, 1, null, 2026-07-22 13:57:38, null, null
<==        Row: 5d833f69296f691843ccdd0c91212b6b, 880a895c98afeca9d9ac39f29e67c13e, 修改, 3, , 3, 1, admin, 2019-07-22 10:55:07, admin, 2019-07-22 10:55:41
<==        Row: 2008794914789060609, 2008794656772255745, 秘密, 3, , 3, 1, admin, 2026-01-07 14:56:44, null, null
<==        Row: 3736FD3883374BB69E5DABE51B5002EC, 7FAAEB0E8EBE406CBCC3A1FD68AE1F36, 秘密, secret, Secret, 3, 1, admin, 2026-07-25 00:11:24, null, null
<==        Row: dm_ref_pm, dm_ref_type_001, PM引用, pmRef, 出版模块引用, 3, 1, admin, 2026-07-23 09:22:32, null, null
<==        Row: dm_pub_temp, dm_publish_mode_001, 临时发布, temporary, 临时发布（测试用）, 3, 1, admin, 2026-07-23 09:19:47, null, null
<==        Row: 1750000001203, 1750000000012, 已通过, 2, 审批通过, 3, 1, null, 2026-07-22 13:57:09, null, null
<==        Row: dm_ref_st_pending, dm_reference_status_001, 待确认, 2, 引用关系待确认, 3, 1, admin, 2026-07-23 09:13:13, null, null
<==        Row: 50223341bfb5ba30bf6319789d8d17fe, d6e1152968b02d69ff358c75b48a6ee1, 业务办理, business, null, 3, 1, admin, 2023-04-22 19:28:05, admin, 2019-03-22 23:24:39
<==        Row: dm_ft_img, dm_file_type_001, 图片文件, image, 图片资源（PNG/JPG/SVG）, 3, 1, admin, 2026-07-23 09:13:02, null, null
<==        Row: dm_val_std, dm_validate_level_001, 标准校验, 2, 严格按S1000D标准校验, 3, 1, admin, 2026-07-23 09:12:37, null, null
<==        Row: 3fbc03d6c994ae06d083751248037c0e, 78bda155fe380b1b3f175f1e88c284c6, 已完成, 3, 已完成, 3, 1, admin, 2019-05-09 16:33:25, null, null
<==        Row: dm_info_maint, dm_info_name_type_001, 维护, maintenance, 维护性信息, 3, 1, admin, 2026-07-23 09:12:06, null, null
<==        Row: 33bc9d9f753cf7dc40e70461e50fdc54, a9d9942bd0eccb6e89de92d130ec4c4a, 发送失败, 2, null, 3, 1, admin, 2019-04-12 18:20:02, null, null
<==        Row: dm_tech_part, dm_tech_name_type_001, 零件, part, 零件级技术名称, 3, 1, admin, 2026-07-23 09:12:06, null, null
<==        Row: 1174509713568587777, 1174509082208395266, 中级, 3, , 3, 1, admin, 2019-09-19 10:25:12, admin, 2019-09-23 11:46:56
<==        Row: dm_wf_approve, dm_workflow_step_001, 批准, approve, 批准阶段, 3, 1, admin, 2026-07-23 09:13:06, null, null
<==        Row: dm_status_2, dm_status_001, 草稿, 2, DM草稿状态, 3, 1, admin, 2026-07-23 09:12:06, null, null
<==        Row: 2009158905313124354, 2009158440265474049, 舰船, 2, , 3, 1, admin, 2026-01-08 15:03:06, admin, 2026-01-09 14:52:03
<==        Row: dm_type_fault, dm_type_001, 故障性DM, fault, 故障隔离与排除程序, 3, 1, admin, 2026-07-23 09:12:06, null, null
<==        Row: 2009150500481556482, 2009149820169641986, S1000D4.2, S1000D4.2, , 4, 1, admin, 2026-01-08 14:29:42, admin, 2026-07-16 09:58:18
<==        Row: 2009150469556953089, 2009149820169641986, S1000D4.1, S1000D4.1, , 4, 1, admin, 2026-01-08 14:29:35, admin, 2026-07-16 09:58:13
<==        Row: 1232913605382467585, 1232913193820581889, 测试表单, temp, , 4, 1, admin, 2020-02-27 14:21:25, admin, 2020-02-27 14:22:16
<==        Row: dm_loc_D, dm_location_code_001, D, D, , 4, 1, admin, 2026-07-23 09:12:06, admin, 2026-07-25 14:14:43
<==        Row: dm_rpc_004, dm_rpc_type_001, Airbus, AIR01, 空客公司, 4, 1, admin, 2026-07-23 09:12:06, null, null
<==        Row: 2008794996636708866, 2008794656772255745, 机密, 4, , 4, 1, admin, 2026-01-07 14:57:03, null, null
<==        Row: 1815012004, 1815012, 发布, publish, 发布阶段, 4, 1, null, 2026-07-22 15:22:51, null, null
<==        Row: 1db531bcff19649fa82a644c8a939dc4, 4c03fca6bf1f0299c381213961566349, 组合布局, combination, , 4, 1, admin, 2019-05-11 16:07:08, null, null
<==        Row: fe50b23ae5e68434def76f67cef35d2d, 78bda155fe380b1b3f175f1e88c284c6, 已作废, 4, 已作废, 4, 1, admin, 2021-09-09 16:33:43, admin, 2019-05-09 16:34:40
<==        Row: 1815011004, 1815011, 视频, video, 视频文件（mp4/avi等）, 4, 1, null, 2026-07-22 15:22:51, null, null
<==        Row: f80a8f6838215753b05e1a5ba3346d22, 880a895c98afeca9d9ac39f29e67c13e, 删除, 4, , 4, 1, admin, 2019-07-22 10:55:14, admin, 2019-07-22 10:55:30
<==        Row: 1815010004, 1815010, 发布, publish, 发布DM, 4, 1, null, 2026-07-22 15:22:51, null, null
<==        Row: 1209733903020003330, 1209733563293962241, SQLServer, 3, , 4, 1, admin, 2019-12-25 15:13:33, admin, 2021-07-15 13:44:11
<==        Row: 1815008004, 1815008, 完整校验, full, 业务逻辑+引用完整性校验, 4, 1, null, 2026-07-22 15:22:51, null, null
<==        Row: d217592908ea3e00ff986ce97f24fb98, c5a14c75172783d72cbee6ee7f5df5d1, 数据列表, table, null, 4, 1, admin, 2019-04-12 17:05:56, null, null
<==        Row: 1815004004, 1815004, OEM-原厂商, OEM, 原始设备制造商, 4, 1, null, 2026-07-22 15:22:50, null, null
<==        Row: 1815003004, 1815003, 清单, 004, 清单类内容, 4, 1, null, 2026-07-22 15:22:50, null, null
<==        Row: 1815002004, 1815002, 故障隔离, 04, 故障诊断与隔离, 4, 1, null, 2026-07-22 15:22:50, null, null
<==        Row: 1750000001004, 1750000000010, 乘员DM, crew, 乘员数据模块, 4, 1, null, 2026-07-22 13:58:22, null, null
<==        Row: 1750000001804, 1750000000018, 拆卸到3级, 3, 拆卸到3级, 4, 1, null, 2026-07-22 13:57:50, null, null
<==        Row: 1750000001704, 1750000000017, D型, D, D型变体, 4, 1, null, 2026-07-22 13:57:45, null, null
<==        Row: dm_wf_publish, dm_workflow_step_001, 发布, publish, 发布阶段, 4, 1, admin, 2026-07-23 09:13:06, null, null
<==        Row: 1750000001604, 1750000000016, 图示, 03, 图示信息, 4, 1, null, 2026-07-22 13:57:38, null, null
<==        Row: 1750000001504, 1750000000015, 测试, 03, 测试相关技术, 4, 1, null, 2026-07-22 13:57:28, null, null
<==        Row: 489FB57746744E3FB93E3E90D581B4A3, 7FAAEB0E8EBE406CBCC3A1FD68AE1F36, 绝密, top_secret, Top Secret, 4, 1, admin, 2026-07-25 00:11:24, null, null
<==        Row: 1242300887343353857, 1242298510024429569, 系统消息, 4, , 4, 1, admin, 2020-03-24 12:03:07, admin, 2020-03-30 18:21:43
<==        Row: 1750000001204, 1750000000012, 已拒绝, 3, 审批拒绝, 4, 1, null, 2026-07-22 13:57:09, null, null
<==        Row: 1174509788361416705, 1174509082208395266, 副高级, 4, , 4, 1, admin, 2019-09-19 10:25:30, admin, 2019-09-23 11:47:06
<==        Row: 41fa1e9571505d643aea87aeb83d4d76, 4e4602b3e3686f0911384e188dc7efb4, 等于, =, 等于, 4, 1, admin, 2019-04-01 16:45:24, admin, 2019-04-01 17:49:00
<==        Row: 1750000001104, 1750000000011, 已发布, published, 已发布状态, 4, 1, null, 2026-07-22 13:57:03, null, null
<==        Row: dm_ft_zip, dm_file_type_001, ZIP压缩包, zip, ZIP格式资源包, 4, 1, admin, 2026-07-23 09:13:02, null, null
<==        Row: dm_val_full, dm_validate_level_001, 完整校验, 3, 完整校验（包括业务规则）, 4, 1, admin, 2026-07-23 09:12:37, null, null
<==        Row: dm_status_3, dm_status_001, 审核中, 3, DM正在审核, 4, 1, admin, 2026-07-23 09:12:06, null, null
<==        Row: 2009158953551814657, 2009158440265474049, 战术导弹, 3, , 4, 1, admin, 2026-01-08 15:03:18, admin, 2026-01-09 14:52:08
<==        Row: dm_type_front, dm_type_001, 前事性DM, frontmatter, 封面、前言、目录等, 4, 1, admin, 2026-07-23 09:12:06, null, null
<==        Row: dm_loc_T, dm_location_code_001, T, T, , 5, 1, admin, 2026-07-23 09:12:06, admin, 2026-07-25 14:14:49
<==        Row: 2008795045311606785, 2008794656772255745, 绝密, 5, , 5, 1, admin, 2026-01-07 14:57:15, null, null
<==        Row: 1815011005, 1815011, 音频, audio, 音频文件（mp3/wav等）, 5, 1, null, 2026-07-22 15:22:51, null, null
<==        Row: 1815010005, 1815010, 回滚, rollback, 版本回滚, 5, 1, null, 2026-07-22 15:22:51, null, null
<==        Row: 1815004005, 1815004, SUB-分包商, SUB, 分包供应商, 5, 1, null, 2026-07-22 15:22:50, null, null
<==        Row: bcec04526b04307e24a005d6dcd27fd6, 880a895c98afeca9d9ac39f29e67c13e, 导入, 5, , 5, 1, admin, 2019-07-22 12:06:41, null, null
<==        Row: 1815003005, 1815003, 图例, 005, 图例说明, 5, 1, null, 2026-07-22 15:22:50, null, null
<==        Row: 1815002005, 1815002, 拆装程序, 05, 拆卸与安装程序, 5, 1, null, 2026-07-22 15:22:50, null, null
<==        Row: 1414837074500976641, 1209733563293962241, postgresql, 6, , 5, 1, admin, 2021-07-13 14:40:20, admin, 2021-07-15 13:44:15
<==        Row: 1750000001005, 1750000000010, 规划性DM, maintPlanning, 规划性数据模块, 5, 1, null, 2026-07-22 13:58:22, null, null
<==        Row: 84778d7e928bc843ad4756db1322301f, 4e4602b3e3686f0911384e188dc7efb4, 大于等于, >=, 大于等于, 5, 1, admin, 2019-04-01 10:46:02, admin, 2019-04-01 17:49:05
<==        Row: 1750000001805, 1750000000018, 拆卸到4级, 4, 拆卸到4级, 5, 1, null, 2026-07-22 13:57:50, null, null
<==        Row: 1750000001705, 1750000000017, E型, E, E型变体, 5, 1, null, 2026-07-22 13:57:45, null, null
<==        Row: 1750000001605, 1750000000016, 数据, 04, 数据信息, 5, 1, null, 2026-07-22 13:57:38, null, null
<==        Row: 1174509835803189250, 1174509082208395266, 正高级, 5, , 5, 1, admin, 2019-09-19 10:25:41, admin, 2019-09-23 11:47:12
<==        Row: 1750000001505, 1750000000015, 维修, 04, 维修相关技术, 5, 1, null, 2026-07-22 13:57:28, null, null
<==        Row: 1750000001105, 1750000000011, 已归档, archived, 已归档状态, 5, 1, null, 2026-07-22 13:57:03, null, null
<==        Row: 2076625175196975105, 2009149820169641986, S1000D4.3, S1000D4.3, , 5, 1, admin, 2026-07-13 19:09:58, admin, 2026-07-16 09:58:24
<==        Row: 2009158995578740738, 2009158440265474049, 地面车辆, 4, , 5, 1, admin, 2026-01-08 15:03:28, admin, 2026-01-09 14:52:11
<==        Row: dm_status_4, dm_status_001, 已发布, 4, DM已正式发布, 5, 1, admin, 2026-07-23 09:12:06, null, null
<==        Row: 1232914232372195330, 1232913193820581889, 导入表单, bdfl_include, , 5, 1, admin, 2020-02-27 14:23:54, null, null
<==        Row: 25847e9cb661a7c711f9998452dc09e6, 4e4602b3e3686f0911384e188dc7efb4, 小于等于, <=, 小于等于, 6, 1, admin, 2019-04-01 16:44:34, admin, 2019-04-01 17:49:10
<==        Row: 1815011006, 1815011, 压缩包, zip, ZIP/RAR压缩包, 6, 1, null, 2026-07-22 15:22:51, null, null
<==        Row: 1815003006, 1815003, 备注, 006, 备注信息, 6, 1, null, 2026-07-22 15:22:50, null, null
<==        Row: a1e7d1ca507cff4a480c8caba7c1339e, 880a895c98afeca9d9ac39f29e67c13e, 导出, 6, , 6, 1, admin, 2019-07-22 12:06:50, null, null
<==        Row: 1815002006, 1815002, 测试程序, 06, 测试与检验程序, 6, 1, null, 2026-07-22 15:22:50, null, null
<==        Row: 1415547541091504129, 1209733563293962241, marialDB, 5, , 6, 1, admin, 2021-07-15 13:43:28, admin, 2021-07-15 13:44:23
<==        Row: 1750000001006, 1750000000010, 工艺性DM, process, 工艺性数据模块, 6, 1, null, 2026-07-22 13:58:22, null, null
<==        Row: 1750000001606, 1750000000016, 工具, 05, 工具信息, 6, 1, null, 2026-07-22 13:57:38, null, null
<==        Row: 1750000001506, 1750000000015, 调整, 05, 调整相关技术, 6, 1, null, 2026-07-22 13:57:28, null, null
<==        Row: 2009159040323575809, 2009158440265474049, 军械, 5, , 6, 1, admin, 2026-01-08 15:03:38, admin, 2026-01-09 14:52:15
<==        Row: dm_status_5, dm_status_001, 已归档, 5, DM已归档, 6, 1, admin, 2026-07-23 09:12:06, null, null
<==        Row: 1815011007, 1815011, 其他, other, 其他类型文件, 7, 1, null, 2026-07-22 15:22:51, null, null
<==        Row: 1815003007, 1815003, 参考, 007, 参考资料, 7, 1, null, 2026-07-22 15:22:50, null, null
<==        Row: 1815002007, 1815002, 检查程序, 07, 检查类程序文档, 7, 1, null, 2026-07-22 15:22:50, null, null
<==        Row: 1418049969003089922, 1209733563293962241, 达梦, 7, , 7, 1, admin, 2021-07-22 11:27:13, admin, 2021-07-22 11:27:30
<==        Row: 6d404fd2d82311fbc87722cd302a28bc, 4e4602b3e3686f0911384e188dc7efb4, 模糊, LIKE, 模糊, 7, 1, admin, 2019-04-01 16:46:02, admin, 2019-04-01 17:49:20
<==        Row: 1750000001607, 1750000000016, 耗材, 06, 耗材信息, 7, 1, null, 2026-07-22 13:57:38, null, null
<==        Row: 1750000001507, 1750000000015, 润滑, 06, 润滑相关技术, 7, 1, null, 2026-07-22 13:57:28, null, null
<==        Row: 1750000001007, 1750000000010, 故障报告DM, faultReporting, 故障报告数据模块, 7, 1, null, 2026-08-05 18:03:27, null, null
<==        Row: C666D8CA975441DDA5055935B1D12A38, 1750000000010, 前言类, frontmatter, Front Matter, 7, 1, admin, 2026-07-25 00:11:43, null, null
<==        Row: 1234371809495760898, 4e4602b3e3686f0911384e188dc7efb4, 右模糊, RIGHT_LIKE, 右模糊, 7, 1, admin, 2020-03-02 14:55:47, null, null
<==        Row: 2009159092395859970, 2009158440265474049, 保障与训练, 6, , 7, 1, admin, 2026-01-08 15:03:51, admin, 2026-01-09 14:52:21
<==        Row: 1234371726545010689, 4e4602b3e3686f0911384e188dc7efb4, 左模糊, LEFT_LIKE, 左模糊, 7, 1, admin, 2020-03-02 14:55:27, null, null
<==        Row: 1815003008, 1815003, 附录, 008, 附录内容, 8, 1, null, 2026-07-22 15:22:50, null, null
<==        Row: adcf2a1fe93bb99a84833043f475fe0b, 4e4602b3e3686f0911384e188dc7efb4, 包含, IN, 包含, 8, 1, admin, 2019-04-01 16:45:47, admin, 2019-04-01 17:49:24
<==        Row: 1815002008, 1815002, 修理程序, 08, 修理类程序文档, 8, 1, null, 2026-07-22 15:22:50, null, null
<==        Row: 1418050017053036545, 1209733563293962241, 人大金仓, 8, , 8, 1, admin, 2021-07-22 11:27:25, null, null
<==        Row: 1750000001608, 1750000000016, 附件, 07, 附件信息, 8, 1, null, 2026-07-22 13:57:38, null, null
<==        Row: 1750000001508, 1750000000015, 清洁, 07, 清洁相关技术, 8, 1, null, 2026-07-22 13:57:28, null, null
<==        Row: 1750000001008, 1750000000010, 图解零件目录DM, illustratedPartsCatalog, 图解零件目录数据模块, 8, 1, null, 2026-08-05 18:03:31, null, null
<==        Row: 2009159141330804738, 2009158440265474049, 通信, 7, , 8, 1, admin, 2026-01-08 15:04:02, admin, 2026-01-09 14:52:26
<==        Row: 1418050075555188737, 1209733563293962241, 神通, 9, , 9, 1, admin, 2021-07-22 11:27:39, null, null
<==        Row: 5584c21993bde231bbde2b966f2633ac, 4e4602b3e3686f0911384e188dc7efb4, 自定义SQL表达式, USE_SQL_RULES, 自定义SQL表达式, 9, 1, admin, 2019-04-01 10:45:24, admin, 2019-04-01 17:49:27
<==        Row: 1418050110669901826, 1209733563293962241, SQLite, 10, , 10, 1, admin, 2021-07-22 11:27:47, null, null
<==        Row: 1418050149475602434, 1209733563293962241, DB2, 11, , 11, 1, admin, 2021-07-22 11:27:56, null, null
<==        Row: 1418050209823248385, 1209733563293962241, Hsqldb, 12, , 12, 1, admin, 2021-07-22 11:28:11, admin, 2021-07-22 11:28:27
<==        Row: 1418050323111399425, 1209733563293962241, Derby, 13, , 13, 1, admin, 2021-07-22 11:28:38, null, null
<==        Row: 1418117316707590146, 1209733563293962241, H2, 14, , 14, 1, admin, 2021-07-22 15:54:50, null, null
<==        Row: 1418491604048449537, 1209733563293962241, 其他数据库, 15, , 15, 1, admin, 2021-07-23 16:42:07, null, null
<==      Total: 324
Closing non transactional SqlSession [org.apache.ibatis.session.defaults.DefaultSqlSession@41aabbfd]
Creating a new SqlSession
SqlSession [org.apache.ibatis.session.defaults.DefaultSqlSession@7e1240e] was not registered for synchronization because synchronization is not active
JDBC Connection [dm.jdbc.driver.DmdbConnection@4daacdbb] will not be managed by Spring
==>  Preparing: insert into sys_log (id, log_type, log_content, method, operate_type, request_url, request_type, request_param, ip, userid, username, cost_time, create_time,create_by) values( ?, ?, ?, ?, ?, ?, ?, ?, ?, ?, ?, ?, ?, ? )
==> Parameters: 2085974313579552770(String), 1(Integer), 用户名: admin,登录成功！(String), null, null, null, null, null, 0:0:0:0:0:0:0:1(String), admin(String), 管理员(String), null, 2026-08-08 14:20:06.542(Timestamp), null
<==    Updates: 1
Closing non transactional SqlSession [org.apache.ibatis.session.defaults.DefaultSqlSession@7e1240e]
[INFO] ------------------------------------------------------------------------
[INFO] BUILD FAILURE
[INFO] ------------------------------------------------------------------------
[INFO] Total time:  06:48 min
[INFO] Finished at: 2026-08-08T14:20:09+08:00
[INFO] ------------------------------------------------------------------------
[ERROR] Failed to execute goal org.springframework.boot:spring-boot-maven-plugin:2.6.14:run (default-cli) on project jeecg-system-start: Application finished with exit code: 1 -> [Help 1]
[ERROR] 
[ERROR] To see the full stack trace of the errors, re-run Maven with the -e switch.
[ERROR] Re-run Maven using the -X switch to enable full debug logging.
[ERROR] 
[ERROR] For more information about the errors and possible solutions, please read the following articles:
[ERROR] [Help 1] http://cwiki.apache.org/confluence/display/MAVEN/MojoExecutionException
Picked up JAVA_TOOL_OPTIONS: -Dfile.encoding=UTF-8
